tree
version=v4
num_class=1
num_tree_per_iteration=1
label_index=0
max_feature_idx=11
objective=binary sigmoid:1
feature_names=order_total item_count distinct_items avg_unit_price max_unit_price account_age_hours prior_order_count prior_cancellation_count discount_ratio is_off_hours orders_from_ip_24h billing_shipping_mismatch
feature_infos=[0.42305042561770734:1801.5057170572838] [1:12] [1:8] [0.21152521280885367:1430.4537705757434] [0.32927530465723687:2560.3916049803665] [0.045877657394087501:7425.8654930198691] [0:15] [0:3] [1.5272231383625454e-05:0.74207645127548483] [0:1] [0:4] [0:1]
tree_sizes=3328 3388 3380 3400 3415 3424 3390 3423 3396 3419 3398 3427 3406 3449 3443 3421 3401 3436 3425 3449 3425 3449 3426 3425 3432 3460 3430 3440 3436 3449 3435 3443 3429 3437 3462 3445 3449 3447 3424 3418 3445 3436 3446 3437 3445 3451 3447 3456 3449 3437 3452 3475 3471 3440 3451 3457 3442 3447 3443 3469 3468 3450 3428 3461 3470 3473 3442 3429 3450 3440 3445 3424 3455 3437 3456 3417 3458 3464 3437 3429 3428 3436 3450 3451 3448 3436 3457 3443 3450 3453 3447 3463 3449 3426 3437 3424 3453 3448 3434 3454 3437 3450 3443 3446 3440 3426 3452 3444 3456 3454 3431 3440 3453 3460 3435 3451 3445 3440 3437 3430 3442 3447 3439 3439 3452 3420 3459 3439 3438 3424 3442 3415 3434 3437 3422 3449 3443 3434 3452 3428 3445 3438 3422 3414 3450 3418 3437 3442 3417 3424 3434 3453 3402 3442 3441 3408 3443 3441 3419 3418 3442 3419 3411 3424 3441 3447 3421 3435 3440 3424 3431 3414 3405 3428 3413 3444 3410 3417 3424 3452 3428 3424 3405 3413 3422 3399 3417 3435 3421 3422 3426 3431 3438 3423 3412 3398 3411 3417 3436 3406 3418 3449 3416 3421 3448 3415 3423 3428 3405 3434 3435 3438 3443 3437 3423 3413 3402 3393 3399 3435 3420 3413 3431 3420 3423 3426 3433 3422 3424 3423

Tree=0
num_leaves=31
num_cat=0
split_feature=11 4 0 9 4 5 9 8 0 5 7 9 8 5 5 8 7 8 4 8 6 9 8 6 8 5 3 5 0 3
split_gain=4109.64 893.792 724.041 503.645 356.073 349.083 319.01 275.325 170.394 165.116 137.162 131.25 138.426 129.858 120.432 119.574 119.477 112.505 90.2998 87.7537 88.6927 85.742 73.7241 73.22 68.5368 67.3034 64.0375 63.9897 61.875 61.4443
threshold=1.0000000180025095e-35 152.70239899685254 680.46374583134912 1.0000000180025095e-35 245.83366822610969 107.51752735086231 1.0000000180025095e-35 0.20951190999862482 363.57042018080693 79.562020119996063 1.0000000180025095e-35 1.0000000180025095e-35 0.16976124103984749 82.404682532486291 139.14043867487231 0.37740520634859709 1.0000000180025095e-35 0.18756670303167688 37.147721808588102 0.32074097985257727 1.0000000180025095e-35 1.0000000180025095e-35 0.13664995193197704 1.0000000180025095e-35 0.45491259551831259 143.22014379982554 35.316277247874005 170.73649233340004 147.29836231194011 31.729213111990685
decision_type=2 2 2 2 2 2 2 2 2 2 2 2 2 2 2 2 2 2 2 2 2 2 2 2 2 2 2 2 2 2
left_child=2 3 4 5 13 28 9 10 11 22 -7 12 14 19 -3 23 17 27 -5 20 -1 25 -6 -11 -15 -4 -12 -8 -2 -9
right_child=1 8 21 18 6 7 16 29 -10 15 26 -13 -14 24 -16 -17 -18 -19 -20 -21 -22 -23 -24 -25 -26 -27 -28 -29 -30 -31
leaf_value=-1.7739641738348726 -1.7506820562732133 -1.5880871557087439 -1.6464695650606909 -1.7792957617498324 -1.8691292675409936 -1.9398918629511162 -1.7222734311085495 -1.8437768168901763 -1.5715243240139547 -1.8195534227460752 -1.9091087816585719 -1.5424586952795036 -1.605333449936833 -1.9706806509219286 -1.8379397912980058 -1.7385792118127603 -1.642137048722234 -1.6833002520688614 -1.6201134240017456 -1.7882055009125328 -1.9414838273589188 -1.6204686437553018 -1.6741089707259211 -1.9575735046973002 -1.862598026791614 -1.8237795154645489 -1.7369015596623933 -1.9068105741411865 -1.5802447640724684 -1.6864703192634771
leaf_weight=8.3642240613698942 10.594683811068537 5.9107183367013922 6.8029022365808514 12.379051610827444 12.49057459831238 97.805660024285316 5.6876723617315283 9.3679309487342852 50.40839034318924 10.148591861128805 8.8103160113096255 11.040775761008261 14.386465385556219 1316.9749592095613 26.207902058959007 6.9144252240657798 10.594683811068533 10.037068873643873 31.784051433205605 11.375344723463057 142.74942398071289 10.371637836098669 7.9181321114301673 180.77876271307468 14.832557335495947 25.092672184109688 13.940373435616491 26.988562971353531 10.706206798553465 18.401292935013771
leaf_count=75 95 53 61 111 112 877 51 84 452 91 79 99 129 11809 235 62 95 90 285 102 1280 93 71 1621 133 225 125 242 96 165
internal_value=-1.91988 -1.75592 -1.94986 -1.81514 -1.95476 -1.85429 -1.90209 -1.88148 -1.63864 -1.92887 -1.91417 -1.69743 -1.73423 -1.96433 -1.79196 -1.94284 -1.79244 -1.82972 -1.66473 -1.92213 -1.93221 -1.74535 -1.79347 -1.95024 -1.96948 -1.78596 -1.80359 -1.87469 -1.66502 -1.73954
internal_weight=0 321.744 1808.12 213.79 1765.85 169.626 271.558 148.326 107.954 218.25 120.556 57.5459 46.5051 1494.3 32.1186 197.842 53.308 42.7133 44.1631 162.489 151.114 42.2672 20.4087 190.927 1331.81 31.8956 22.7507 32.6762 21.3009 27.7692
internal_count=19098 2885 16213 1917 15834 1521 2435 1330 968 1957 1081 516 417 13399 288 1774 478 383 396 1457 1355 379 183 1712 11942 286 204 293 191 249
is_linear=0
shrinkage=1


Tree=1
num_leaves=31
num_cat=0
split_feature=11 4 3 9 9 5 8 7 5 3 5 8 6 8 8 5 8 5 7 9 9 7 4 3 8 7 5 4 6 7
split_gain=3388.07 635.478 550.638 326.442 318.569 193.508 190.142 156.392 129.113 126.581 118.112 107.008 104.22 97.3535 96.8948 85.9282 85.3077 93.5695 81.594 75.7556 73.3292 71.1666 65.9352 62.3674 56.8851 54.3821 50.8393 58.2999 47.2237 41.7247
threshold=1.0000000180025095e-35 245.83366822610969 68.296316874705454 1.0000000180025095e-35 1.0000000180025095e-35 107.51752735086231 0.23282356440462168 1.0000000180025095e-35 66.250456536174454 125.33941643828676 45.178836935987896 0.39930532671204416 1.0000000180025095e-35 0.13664995193197704 0.11393095219661491 114.6425151868232 0.19667434382226454 131.8323138609675 1.0000000180025095e-35 1.0000000180025095e-35 1.0000000180025095e-35 1.5000000000000002 109.08589985391536 200.17166792515249 0.45491259551831259 1.0000000180025095e-35 157.52663092164616 37.147721808588102 1.0000000180025095e-35 1.0000000180025095e-35
decision_type=2 2 2 2 2 2 2 2 2 2 2 2 2 2 2 2 2 2 2 2 2 2 2 2 2 2 2 2 2 2
left_child=1 8 4 7 5 -2 18 10 19 14 -3 12 -12 -9 15 -4 17 -5 -7 28 25 24 -23 -19 -10 -17 -6 -28 -1 -30
right_child=2 3 9 16 26 6 -8 13 21 -11 11 -13 -14 -15 -16 20 -18 23 -20 -21 -22 22 -24 -25 -26 -27 27 -29 29 -31
leaf_value=0.11555304179995243 0.1813081834300706 0.13860863341645127 0.25331712715300814 0.23298494368072614 0.30408583455770577 -0.027140365658324023 0.15633950111480072 0.034883507612869839 -0.05091738359846372 0.25077198031148201 0.12099483512342396 0.19083188726076433 -0.036581537586390871 0.19067812442179669 0.22092132339681575 0.016981530763035827 0.2242025430487766 0.0060281442769896318 0.081165638998352135 0.073828305175100098 0.21126124376616878 -0.023442027258680498 0.16116884156129543 0.12750839497612018 0.0427582465008194 0.18191963162715269 0.079434462239585599 0.21916563972136541 -0.041297179629903091 0.043338582595963737
leaf_weight=6.3207853138446799 22.642713770270348 12.430778563022612 9.409718990325926 10.265563994646071 9.3515596836805326 84.633661359548569 22.077443599700928 26.034621447324753 1285.5623888522387 78.045478746294975 11.166516169905661 5.810457080602645 174.02045397460461 16.308763012290001 41.009381718933582 25.27206772565842 17.801995545625687 21.871494606137276 21.886862240731716 29.732702203094959 9.0237740725278837 13.421713940799238 7.5614730045199385 20.438691407442093 16.413270547986031 6.2293580770492545 11.242286369204519 22.216657549142838 78.203340902924538 17.894214518368244
leaf_count=51 171 101 67 78 70 765 174 235 11957 568 93 46 1576 143 309 212 133 186 182 267 64 125 70 168 141 49 91 161 706 162
internal_value=0 -0.0295972 0.138073 0.0346539 0.0806086 0.0465242 0.0227923 0.00746584 -0.043557 0.204059 -0.0107311 -0.0204507 -0.0270799 0.0948886 0.163971 0.117201 0.1296 0.0975672 -0.00488664 0.00356738 0.0855955 -0.0482643 0.0430841 0.0647114 -0.0497365 0.0495978 0.201021 0.172216 -0.0168298 -0.0255373
internal_weight=0 1771.26 363.041 316.149 194.051 151.241 128.598 245.772 1455.11 168.99 203.428 190.997 185.187 42.3434 90.9443 49.9349 70.3777 52.5758 106.521 132.151 40.5252 1322.96 20.9832 42.3102 1301.98 31.5014 42.8105 33.4589 102.418 96.0976
internal_count=19121 16238 2883 2759 1614 1292 1121 2194 13479 1269 1816 1715 1669 378 701 392 565 432 947 1186 325 12293 195 354 12098 261 322 252 919 868
is_linear=0
shrinkage=0.05


Tree=2
num_leaves=31
num_cat=0
split_feature=11 0 0 0 8 9 9 5 5 9 7 6 8 5 0 4 7 7 0 8 9 5 0 7 8 7 0 8 7 8
split_gain=2936.94 657.737 401.059 258.364 224.898 202.289 182.461 156.487 154.892 120.655 109.68 94.1055 84.9731 81.6142 69.8726 67.6215 62.4294 57.3122 56.4018 56.0218 53.4732 53.7954 52.1983 52.1943 64.3217 50.0414 49.3459 48.8626 50.6009 47.3224
threshold=1.0000000180025095e-35 436.30560679439969 258.78119617649185 705.37169474384621 0.18756670303167688 1.0000000180025095e-35 1.0000000180025095e-35 72.854643486268159 85.852756475344464 1.0000000180025095e-35 1.0000000180025095e-35 1.0000000180025095e-35 0.35808616204851484 131.8323138609675 196.32490489832685 252.98999883371349 1.5000000000000002 1.0000000180025095e-35 278.25168371783508 0.20113311776375345 1.0000000180025095e-35 160.74231115795581 296.69162440998895 1.0000000180025095e-35 0.22786491702169387 1.0000000180025095e-35 75.205224017390705 0.19667434382226454 1.0000000180025095e-35 0.09254409457536103
decision_type=2 2 2 2 2 2 2 2 2 2 2 2 2 2 2 2 2 2 2 2 2 2 2 2 2 2 2 2 2 2
left_child=1 8 4 6 5 7 11 -2 9 19 -9 -3 16 -13 -11 20 -10 26 -18 -1 21 -4 -14 24 -8 -7 -6 28 -23 -16
right_child=2 3 15 -5 17 25 23 10 12 14 -12 13 22 -15 29 -17 18 -19 -20 -21 -22 27 -24 -25 -26 -27 -28 -29 -30 -31
leaf_value=-0.036818806049041801 0.17321818235043834 0.16524323299157118 0.22103211863232014 0.16407410700743688 0.04334531381495442 0.11891157399286015 0.053230216435700542 -0.022462105122427325 -0.050451293928866006 0.017081922072827348 0.094890383309247733 0.071524406244919056 -0.0092547106617174302 -0.028820834047483302 0.06122936519284055 0.22679439255088907 -0.016122552557778242 0.25286519125869328 0.15679489525087711 0.040443889327040856 0.2265094982028554 0.063896154337986441 0.11456936715094759 0.2247860627090848 0.2279912224030336 0.25281696968443906 0.16130509691408168 0.19889018059705527 0.18938119978731052 0.21580293236925785
leaf_weight=107.73001834005117 15.12303978204727 8.05144304782152 15.70730087161064 41.154114827513695 11.203508391976355 34.850817516446114 26.02669519931078 93.729805067181587 1256.7384904921055 23.399145185947418 25.280865557491779 24.741766355931759 41.543014347553253 111.94937320053577 9.192701883614065 58.165098905563354 17.064929544925693 13.232860885560511 6.5166421160101882 29.993669308722019 22.460490986704826 35.621085204184055 10.70411818474531 8.9670252054929716 6.6003495380282393 8.7235018312931043 42.491766825318336 13.996662855148314 10.37313602119684 10.732241421937941
leaf_count=982 100 67 101 314 86 228 221 829 12053 203 192 216 376 1050 76 359 157 92 55 259 138 273 91 69 50 55 292 91 70 85
internal_value=0 -0.0285787 0.121518 0.0506914 0.0815441 0.0521234 0.0256498 0.0217181 -0.0404927 0.00290081 0.00246652 -0.000873189 -0.0463883 -0.0106579 0.0756765 0.184074 -0.0489389 0.159662 0.0316623 -0.0199924 0.15876 0.138658 0.0161137 0.117947 0.0885838 0.145719 0.136693 0.11709 0.092197 0.144488
internal_weight=0 1741.11 400.96 227.491 244.636 177.708 186.337 134.134 1513.61 181.048 119.011 144.743 1332.57 136.691 43.3241 156.324 1280.32 66.9281 23.5816 137.724 98.1587 75.6982 52.2471 41.5941 32.627 43.5743 53.6953 59.9909 45.9942 19.9249
internal_count=19230 16324 2906 1987 1874 1404 1673 1121 14337 1605 1021 1333 12732 1266 364 1032 12265 470 212 1241 673 535 467 340 271 283 378 434 343 161
is_linear=0
shrinkage=0.05


Tree=3
num_leaves=31
num_cat=0
split_feature=11 0 0 5 9 8 9 5 0 4 8 8 0 7 9 9 5 0 7 8 8 7 8 7 7 4 7 8 4 7
split_gain=2430.45 659.874 326.364 198.749 178.901 167.972 132.849 116.279 113.232 107.899 111.655 103.22 96.3238 74.7179 61.5387 60.3635 57.1204 56.4854 53.3228 51.4178 47.7642 47.01 44.6209 43.9757 41.1946 37.6825 35.3678 42.2658 33.8061 33.1875
threshold=1.0000000180025095e-35 528.34784060779043 231.12470763428826 82.404682532486291 1.0000000180025095e-35 0.25287549080952915 1.0000000180025095e-35 107.51752735086231 196.32490489832685 245.83366822610969 0.22786491702169387 0.13664995193197704 705.37169474384621 1.0000000180025095e-35 1.0000000180025095e-35 1.0000000180025095e-35 82.404682532486291 363.57042018080693 1.0000000180025095e-35 0.45491259551831259 0.19864806658778503 1.0000000180025095e-35 0.076289968847360168 1.5000000000000002 1.0000000180025095e-35 117.34769685996524 1.0000000180025095e-35 0.1307854616570138 535.77843511707431 1.0000000180025095e-35
decision_type=2 2 2 2 2 2 2 2 2 2 2 2 2 2 2 2 2 2 2 2 2 2 2 2 2 2 2 2 2 2
left_child=1 3 4 8 5 7 12 -2 26 19 14 15 16 -9 -11 -10 -3 22 -12 23 28 -13 -4 -5 -16 -25 -1 -28 -14 -6
right_child=2 6 17 9 29 -7 -8 13 11 10 18 21 20 -15 24 -17 -18 -19 -20 -21 -22 -23 -24 25 -26 -27 27 -29 -30 -31
leaf_value=-0.038994308744094791 0.12143748384774372 0.12874927863157512 0.085537897496345161 -0.051007211409774461 0.12229538985477631 0.14991723080162575 0.16139094262052386 -0.021036215853043591 -0.01669481909811479 -0.043351063902864112 0.039414599737185418 0.092289547569344044 0.04351563677525315 0.075237256803186478 0.003710076034932789 0.10085079432697425 -0.0049220065463799314 0.18076265192272881 0.18906268761572673 0.039602671215671799 0.22588938551937898 0.23733752806336189 0.15283526968512559 -0.025738851743139363 0.13575018222214361 0.11405290089783485 -0.018255590009250266 0.15128072330642695 0.16377843971387915 0.21421206023572439
leaf_weight=79.568904303014278 23.05696003139019 9.3065455332398397 39.515290461480618 1146.9553849771619 43.371946543455124 29.175692200660706 35.833476409316063 96.751215972006321 43.07159747928381 125.89862482994795 29.978389032185078 24.452427864074711 16.909567505121235 25.456106066703796 29.883893147110939 14.632454633712767 56.580217570066452 94.628884837031364 7.4274940043687812 16.353850364685059 7.8522104620933524 7.2400361448526374 65.391067817807198 14.465623058378698 7.3622989356517783 7.2303187176585189 10.25796604901552 5.7296019345521918 8.9291934818029386 12.694646149873732
leaf_count=728 143 72 261 11510 265 184 241 859 391 1197 246 196 123 182 251 110 529 535 55 135 55 56 406 137 50 57 93 48 64 71
internal_value=0 -0.0270712 0.105936 -0.0362025 0.0654099 0.0404373 0.0788332 0.0184488 0.0124812 -0.0427011 -0.00878424 0.0529289 0.0491244 -0.000982199 -0.0266483 0.0131121 0.0139591 0.152752 0.0691295 -0.0484412 0.117894 0.125425 0.127486 -0.0496732 0.0298099 0.0208477 -0.025359 0.0425026 0.0850753 0.143107
internal_weight=0 1705.92 430.042 1570.51 230.507 174.44 135.411 145.264 184.953 1385.56 200.551 89.3965 99.5777 122.207 163.145 57.7041 65.8868 199.535 37.4059 1185.01 33.691 31.6925 104.906 1168.65 37.2462 21.6959 95.5565 15.9876 25.8388 56.0666
internal_count=19250 16344 2906 15260 1704 1368 1084 1184 1622 13638 1799 753 843 1041 1498 501 601 1202 301 11839 242 252 667 11704 301 194 869 141 187 336
is_linear=0
shrinkage=0.05


Tree=4
num_leaves=31
num_cat=0
split_feature=11 0 3 8 5 4 9 5 9 6 0 7 5 8 9 7 9 8 7 8 0 8 4 9 6 5 3 8 7 0
split_gain=2138.62 551.767 251.92 167.645 137.784 127.826 107.127 82.766 81.0662 77.7866 76.2485 76.0867 70.4868 75.2744 83.8323 69.3189 61.1711 75.9037 73.0284 59.0627 58.35 54.3766 49.9877 49.7094 43.343 41.7612 40.7002 37.4187 37.0048 37.7491
threshold=1.0000000180025095e-35 423.20321540993694 49.120426894051612 0.23038482980072347 79.562020119996063 413.23037711599858 1.0000000180025095e-35 146.89441876424289 1.0000000180025095e-35 1.0000000180025095e-35 363.57042018080693 1.0000000180025095e-35 135.64076674203423 0.19667434382226454 1.0000000180025095e-35 1.0000000180025095e-35 1.0000000180025095e-35 0.24980761144193478 1.0000000180025095e-35 0.11176481948657557 640.9583196547203 0.33668849324947742 197.93595438604038 1.0000000180025095e-35 1.0000000180025095e-35 66.250456536174454 71.335608735233947 0.45491259551831259 1.0000000180025095e-35 205.22117957630266
decision_type=2 2 2 2 2 2 2 2 2 2 2 2 2 2 2 2 2 2 2 2 2 2 2 2 2 2 2 2 2 2
left_child=1 4 6 5 8 9 7 -2 22 -3 12 25 -4 14 15 -14 27 24 26 -10 23 -9 -1 -7 -18 -11 -19 -6 -26 -30
right_child=2 3 10 -5 16 20 -8 21 19 11 -12 -13 13 -15 -16 -17 17 18 -20 -21 -22 -23 -24 -25 28 -27 -28 -29 29 -31
leaf_value=-0.03187545967691701 0.099175728719600287 0.14200850407506499 0.16279424568455425 0.12072628909035316 -0.052346988942924104 0.0032144622766207679 0.11274188072249564 -0.010987701345087753 0.0073118878962814063 0.057601327579735163 0.15748511508790874 0.059592934859887065 0.015320174243000393 0.14730042731576715 0.14145334009776922 0.12779124426331864 0.065759168095214607 -0.033974888038999423 0.21026321601346615 0.12697237862043165 0.13603388253111603 0.14457957093720797 0.050473771928026503 0.1377834069279886 -0.050164924370802569 -0.043045188938689971 0.085617169173942964 0.026830199643461616 -0.038532516309726816 0.060388730999236043
leaf_weight=102.97494576871395 26.475092694163322 8.4258296266198141 40.0464046895504 50.950284600257874 969.08848398178816 26.458157300949097 43.512929454445839 87.350285120308399 21.939656883478165 11.480296507477759 103.93311227858067 27.832592822611332 61.926678329706192 39.092057310044765 27.517408013343811 17.591272547841072 10.23784167319536 17.983365431427959 5.5927468910813323 19.457927957177162 26.503072991967201 6.003186807036399 22.444961592555046 9.2659625113010389 163.49066873639822 100.81271219998598 11.770936600863932 15.155423961579798 22.52530624717474 16.865015409886837
leaf_count=957 167 64 216 385 10024 245 247 741 177 86 535 232 479 214 144 110 104 184 52 143 177 36 185 62 1668 930 100 119 230 151
internal_value=0 -0.027299 0.0952132 0.0393348 -0.0397604 0.0196605 0.0455461 0.0211456 0.00288667 -0.00554055 0.123178 -0.0144128 0.104025 0.0879195 0.066232 0.0402015 -0.0455316 -0.0233634 0.0444948 0.0635554 0.0798214 -0.000983795 -0.0171384 0.0381184 -0.0346181 -0.0327556 0.0133363 -0.0511278 -0.0396833 0.00382074
internal_weight=0 1661.26 453.448 261.729 1399.53 210.779 163.341 119.829 166.817 148.551 290.107 140.126 186.174 146.127 107.035 79.518 1232.71 248.466 35.347 41.3976 62.2272 93.3535 125.42 35.7241 213.119 112.293 29.7543 984.244 202.881 39.3903
internal_count=19164 16275 2889 2181 14094 1796 1191 944 1462 1312 1698 1248 1163 947 733 589 12632 2489 336 320 484 777 1142 307 2153 1016 284 10143 2049 381
is_linear=0
shrinkage=0.05


Tree=5
num_leaves=31
num_cat=0
split_feature=11 0 0 9 5 0 9 4 9 6 5 7 5 9 9 4 10 5 7 6 7 4 4 3 0 10 4 10 6 10
split_gain=1948.72 525.386 219.78 155.459 125.724 106.655 83.2541 76.481 87.1094 95.3531 94.614 98.7039 67.6273 62.0747 55.6201 66.6863 50.8876 49.3889 48.5069 53.1272 46.5731 44.0285 41.8253 41.0338 38.4907 35.4816 28.5069 26.1993 24.7767 21.6431
threshold=1.0000000180025095e-35 423.20321540993694 135.988274271542 1.0000000180025095e-35 79.562020119996063 705.37169474384621 1.0000000180025095e-35 249.55925691351732 1.0000000180025095e-35 1.0000000180025095e-35 82.404682532486291 1.0000000180025095e-35 69.734370565269089 1.0000000180025095e-35 1.0000000180025095e-35 167.27843093957443 1.0000000180025095e-35 146.89441876424289 1.0000000180025095e-35 1.0000000180025095e-35 1.0000000180025095e-35 273.2157167046642 197.93595438604038 98.202557948100647 369.51829910042409 1.0000000180025095e-35 437.92023169105488 1.0000000180025095e-35 1.0000000180025095e-35 1.0000000180025095e-35
decision_type=2 2 2 2 2 2 2 2 2 2 2 2 2 2 2 2 2 2 2 2 2 2 2 2 2 2 2 2 2 2
left_child=1 4 13 5 6 12 22 8 9 -4 -11 16 29 17 -6 -16 24 -2 19 -14 27 -5 28 -8 -12 -20 -7 -17 -1 -3
right_child=2 3 7 21 14 26 23 -9 -10 10 11 -13 18 -15 15 20 -18 -19 25 -21 -22 -23 -24 -25 -26 -27 -28 -29 -30 -31
leaf_value=0.063673873821977853 0.07635030686795051 0.043436154784684905 0.23798920716949534 0.054427548377251014 -0.050727937544589242 0.046522911541572849 0.033903631862698312 0.1469593587693879 0.14718106962863403 0.15733624860503836 -0.0036725258387450884 0.12794808625744011 0.095158309896574519 0.089848896088114985 -0.039130811293567484 -0.029939873889318354 0.08262725508058949 -0.0072811597659667125 0.0062366695550675998 -0.038095348464263788 0.10149734548947092 0.1352633949779076 0.042055627852581025 0.14880877346029087 0.077581955732070496 0.12650043862187907 0.13312908484893435 0.047013007649328052 -0.040179990297384116 0.15731400161136089
leaf_weight=6.1183010637760153 23.06918329000473 10.098703034222128 8.9163360446691495 28.8941909968853 944.04363464564085 18.95618337392807 33.808317065238953 93.188462607562542 59.480644464492798 27.006773710250854 68.001539528369904 37.070448994636536 8.0401949882507306 35.058566108345985 184.80326341092587 30.982899725437164 38.842818409204483 75.197698138654232 19.477881163358692 107.34640499949455 13.873495817184446 40.393485136330128 22.214006438851357 10.088083721697329 18.55071359872818 8.9516146034002286 19.050081297755241 17.201388545334339 93.619456604123116 7.1098315045237532
leaf_count=48 137 73 56 229 10122 128 263 455 290 132 490 207 58 189 1968 291 267 621 170 1047 105 237 176 62 98 78 114 159 904 51
internal_value=0 -0.0268794 0.0873818 0.0370496 -0.0395224 0.0145942 0.00126375 0.108138 0.0941081 0.0781959 0.0706762 0.0562706 -0.00318785 0.0327303 -0.0452024 -0.0240715 0.0350806 0.0123522 -0.0143965 -0.0288102 0.020774 0.101553 -0.0199901 0.0603106 0.0137427 0.0441042 0.089933 -0.00246834 -0.0338092 0.0904856
internal_weight=0 1625.07 484.383 268.319 1356.75 199.031 165.848 351.058 257.869 198.389 189.472 162.466 161.025 133.325 1190.9 246.861 125.395 98.2669 143.816 115.387 62.0578 69.2877 121.952 43.8964 86.5523 28.4295 38.0063 48.1843 99.7378 17.2085
internal_count=19225 16283 2942 2185 14098 1719 1453 1995 1540 1250 1194 1062 1477 947 12645 2523 855 758 1353 1105 555 466 1128 325 588 248 242 450 952 124
is_linear=0
shrinkage=0.05


Tree=6
num_leaves=31
num_cat=0
split_feature=11 3 3 9 6 8 7 9 8 7 5 8 9 5 8 7 8 8 5 0 5 5 3 3 9 8 5 8 5 6
split_gain=1618.12 480.891 183.763 127.471 123.979 122.558 98.6446 85.1163 72.825 72.2641 68.185 59.411 58.739 60.4429 57.5955 56.0548 55.8511 52.6444 55.5668 49.6823 48.0357 44.6392 44.4391 42.7542 43.341 41.2477 40.0342 36.3215 34.9165 34.6481
threshold=1.0000000180025095e-35 166.12870473428788 49.120426894051612 1.0000000180025095e-35 1.0000000180025095e-35 0.11846827626371521 1.0000000180025095e-35 1.0000000180025095e-35 0.08361218794231666 1.0000000180025095e-35 69.734370565269089 0.23546546827778939 1.0000000180025095e-35 79.562020119996063 0.36641356078293924 1.0000000180025095e-35 0.37740520634859709 0.18937277146118056 143.22014379982554 680.46374583134912 26.633911164646587 135.64076674203423 58.156984426515002 157.72043721118683 1.0000000180025095e-35 0.14630844413273014 66.250456536174454 0.18250410199163178 48.189108096727203 1.5000000000000002
decision_type=2 2 2 2 2 2 2 2 2 2 2 2 2 2 2 2 2 2 2 2 2 2 2 2 2 2 2 2 2 2
left_child=1 3 7 14 25 10 17 15 23 12 -3 22 13 -7 20 28 -15 -6 -19 -12 27 -16 -8 24 26 -5 -4 -1 -2 -30
right_child=2 5 8 4 6 9 11 -9 -10 -11 19 -13 -14 16 21 -17 -18 18 -20 -21 -22 -23 -24 -25 -26 -27 -28 -29 29 -31
leaf_value=-0.021514733324530091 0.097276983354424432 0.10431996219203298 0.13629552618691687 0.06420489243721085 -0.0455523325375536 0.14491063205724439 -0.031162462617274379 0.092212051669983502 0.118861279689621 0.14527203273482311 -0.026290786882735936 0.16064835428345192 0.1230740349646073 -0.0048318387585203175 0.11150384924846087 0.077954011313602578 0.13870891365178592 0.096227355542736703 -0.017550142906823586 0.055592881215217986 -0.050420815884968974 -0.014809752361317683 0.066263751539057433 0.11931258434692044 0.10802591409144605 0.23000092996463384 0.017650183875456471 0.087386545419250172 0.045348452684747874 -0.029384754029838013
leaf_weight=33.623244121670723 7.875903144478797 14.910853959619997 8.0788941532373411 9.8559811040759069 164.70983609557152 10.063490018248556 22.024653784930706 48.601549431681633 198.93678802251816 27.399353556334972 89.921611130237579 9.0289702564477903 22.854904256761074 54.88130034506321 8.7958540171384794 26.909940004348755 7.7314172014594069 14.050346426665781 45.424010440707207 23.330857068300247 953.64437045156956 34.1531837657094 24.979160636663437 32.882761314511299 25.860639959573746 6.0566710978746405 59.285118408501148 9.9142981022596341 20.014054253697395 68.906064510345459
leaf_count=319 41 97 37 91 1700 62 232 247 1025 175 864 69 142 517 71 171 53 109 454 141 10509 321 204 156 119 53 386 82 164 576
internal_value=0 -0.0254646 0.0778899 -0.0373942 -0.00845199 0.0380223 -0.0161615 0.0361467 0.100018 0.07369 0.00381091 0.0431776 0.0531595 0.0311731 -0.0456342 0.0141198 0.0128926 -0.0309928 0.00932889 -0.00942214 -0.048076 0.011059 0.0206126 0.0702929 0.0530024 0.12731 0.0318792 0.00328409 -0.00362657 -0.0125639
internal_weight=0 1587.35 497.352 1336.26 296.13 251.094 280.217 172.308 325.044 122.93 128.163 56.0328 95.5311 72.6762 1040.13 123.706 62.6127 224.184 59.4744 113.252 997.182 42.949 47.0038 126.107 93.2247 15.9127 67.364 43.5375 96.796 88.9201
internal_count=19187 16265 2922 14214 2912 2051 2768 1199 1723 949 1102 505 774 632 11302 952 570 2263 563 1005 10910 392 436 698 542 144 423 401 781 740
is_linear=0
shrinkage=0.05


Tree=7
num_leaves=31
num_cat=0
split_feature=11 3 9 4 5 8 7 8 4 5 9 8 8 9 3 5 8 6 5 4 8 7 10 10 7 6 8 8 3 8
split_gain=1459.03 454.222 167.18 143.747 115.308 103.568 102.602 94.2161 76.8123 73.7247 72.8419 67.8232 66.6916 59.5728 57.0538 55.8873 45.4862 42.8662 42.8999 40.7111 43.6054 40.6725 36.1157 30.4434 29.2128 28.1981 27.2347 26.1873 26.0431 25.1573
threshold=1.0000000180025095e-35 184.34917952936897 1.0000000180025095e-35 105.17942964387699 121.09753853507672 0.20546667961270573 1.0000000180025095e-35 0.22527420489448663 147.84366976282482 69.734370565269089 1.0000000180025095e-35 0.20546667961270573 0.45491259551831259 1.0000000180025095e-35 48.569196501516394 66.250456536174454 0.051800994285479386 1.0000000180025095e-35 124.65441903741426 129.5317187858308 0.14884187602185331 1.0000000180025095e-35 1.0000000180025095e-35 1.0000000180025095e-35 1.0000000180025095e-35 1.5000000000000002 0.18937277146118056 0.32549435132716659 50.466285055954565 0.14630844413273014
decision_type=2 2 2 2 2 2 2 2 2 2 2 2 2 2 2 2 2 2 2 2 2 2 2 2 2 2 2 2 2 2
left_child=1 2 12 5 14 9 7 10 27 -2 17 21 15 24 26 19 -5 -3 -19 -1 -21 -10 29 -12 25 -11 -4 -6 -14 -16
right_child=3 6 4 16 8 -7 -8 -9 11 13 23 -13 28 -15 22 -17 -18 18 -20 20 -22 -23 -24 -25 -26 -27 -28 -29 -30 -31
leaf_value=-0.036434110178417328 0.10788875754062509 0.10040757805008223 -0.028959138791340069 0.060934718413601513 -0.043640889166267002 0.10382141564569446 0.10905320161303306 0.098609757686308974 -0.029898910421262016 0.027530689083674138 0.03062667691975058 0.096479714501782984 -0.022518145132121095 0.059910239993904206 0.018745812415763285 -0.050201820216287066 0.10814048619838823 0.037201356169097727 -0.043107351588374143 -0.010458704804729248 0.098224648102873485 0.062118696109000539 0.17034594054559068 0.12831074485316463 0.038429995009528761 -0.04244711513366374 0.077745880111422652 0.041385399997663525 0.10193224986528229 0.12447815534947677
leaf_weight=64.264350213110447 22.526368573307991 7.4320692196488372 19.181936264038089 66.69689304381609 150.40351246297359 53.35794934630394 46.460284754633904 34.617084316909313 46.26234608143568 19.109651684761047 19.563850022852421 21.763290710747242 7.0072241351008442 42.990318596363068 13.297106191515924 919.11908762902021 217.25253082811832 21.686568699777126 71.307738468050957 26.405919775366783 14.187634646892546 16.218874529004097 12.033663488924502 13.465993322432039 23.526233956217766 58.361613564193249 8.6884835958480817 9.6359332427382451 10.507337942719458 9.7516425028443319
leaf_count=638 108 54 172 357 1682 293 313 230 458 161 128 163 58 209 103 10570 1055 154 708 237 107 119 83 83 145 525 64 93 79 61
internal_value=0 -0.0242914 -0.0350405 0.0735508 -0.00262963 0.0432003 0.0432862 0.0251064 -0.0181794 0.0237748 0.00604037 0.0204645 -0.0446016 0.0106154 0.0577102 -0.0462564 0.0970523 -0.0151442 -0.0243791 -0.011673 0.0275266 -0.00601298 0.100136 0.0704517 -0.0103673 -0.0251859 0.00430569 -0.0385215 0.0521421 0.0634799
internal_weight=0 1563.26 1348.73 503.822 307.237 219.872 214.534 168.073 244.284 166.514 133.456 84.2445 1041.49 143.988 62.9528 1023.98 283.949 100.426 92.9943 104.858 40.5936 62.4812 35.0824 33.0298 100.997 77.4713 27.8704 160.039 17.5146 23.0487
internal_count=19210 16357 14687 2853 2998 1441 1670 1357 2515 1148 1127 740 11689 1040 483 11552 1412 916 862 982 344 577 247 211 831 686 236 1775 137 164
is_linear=0
shrinkage=0.05


Tree=8
num_leaves=31
num_cat=0
split_feature=11 0 0 8 5 7 8 5 0 7 8 4 3 8 9 9 10 5 7 0 0 4 5 8 9 3 9 9 3 5
split_gain=1269.24 486.103 143.583 123.99 116.329 104.257 78.7202 80.8076 76.441 63.2302 60.0659 65.7554 57.2297 56.6685 51.686 48.3403 47.72 40.9704 33.5336 34.7244 31.4687 30.445 28.938 31.5586 32.4406 28.8527 27.9319 27.5007 26.062 25.8319
threshold=1.0000000180025095e-35 427.31659047492309 231.12470763428826 0.23282356440462168 101.15873163407757 1.0000000180025095e-35 0.24049502789834709 114.6425151868232 197.83884650614229 1.0000000180025095e-35 0.24980761144193478 127.19406226566473 225.53148304913233 0.11744059274174178 1.0000000180025095e-35 1.0000000180025095e-35 1.0000000180025095e-35 66.250456536174454 1.5000000000000002 239.88092320009847 640.9583196547203 170.56819691016426 118.07011633124738 0.17781964193083633 1.0000000180025095e-35 27.601046486470768 1.0000000180025095e-35 1.0000000180025095e-35 191.60606137195032 143.22014379982554
decision_type=2 2 2 2 2 2 2 2 2 2 2 2 2 2 2 2 2 2 2 2 2 2 2 2 2 2 2 2 2 2
left_child=1 4 6 5 8 12 7 -2 -1 15 18 -12 17 27 28 -9 -15 -3 -6 -20 26 22 -4 24 -24 -17 -7 -10 -13 -14
right_child=2 3 21 -5 10 20 -8 9 13 -11 11 14 29 16 -16 25 -18 -19 19 -21 -22 -23 23 -25 -26 -27 -28 -29 -30 -31
leaf_value=-0.031692626533377927 0.089202948509570876 0.056118323106249396 0.12007608120290242 0.10195489738220338 -0.05015898779064315 0.022080120855223033 0.098689547930313537 -0.024125595310354943 -0.027657784708280155 0.066872546255502194 -0.040843529037379006 -0.019197823355015253 0.10071530378532612 0.03249207846335455 0.10444468466020118 -0.01332620144295389 0.14028613154801708 -0.034882002556967988 -0.037935435717457888 0.10145400297572112 0.14174401232985623 0.10737455325543573 0.014223979682416656 0.10574121658041698 0.099793198717515477 0.072218433947541905 0.12068732922117947 0.055094160800049585 0.082006211739023782 0.021718207277050806
leaf_weight=105.50704783946276 43.234623946249485 14.358231104910372 24.341907620429993 57.533412009477615 874.91957746446133 21.09310557693243 47.975350648164749 91.926702253520489 37.930364921689034 41.449445307254791 94.958563961088657 36.40628819167614 13.145332053303717 28.591328516602516 15.571477778255938 15.667792215943335 16.019953154027462 89.263606905937195 11.21115727722645 7.4285244345664969 15.887622028589247 151.85619173943996 41.031132288277149 24.073982357978821 15.171882018446921 26.576946049928665 10.889072790741922 13.653906531631945 7.7082685008645049 48.63665945827961
leaf_count=1057 209 96 106 374 10460 180 239 804 381 229 1082 392 77 217 111 82 115 885 123 58 86 672 251 112 66 121 61 94 58 376
internal_value=0 -0.0239163 0.0663619 0.0368159 -0.0370747 0.0192438 0.0406846 0.0279694 -0.00230164 0.0128948 -0.0437659 -0.0149949 0.000437134 0.0299343 0.0261294 -0.00378049 0.071201 -0.0222727 -0.0487452 0.0176158 0.0842261 0.0930759 0.0723212 0.0578408 0.0373232 0.0404915 0.0556532 -0.00575407 -0.00151414 0.0385264
internal_weight=0 1520.71 523.306 270.807 1249.91 213.274 266.831 218.856 201.703 175.621 1048.2 154.645 165.404 96.1956 59.686 134.171 44.6113 103.622 893.559 18.6397 47.8698 256.475 104.619 80.277 56.203 42.2447 31.9822 51.5843 44.1146 61.782
internal_count=19174 16283 2891 2135 14148 1761 1684 1445 1864 1236 12284 1643 1434 807 561 1007 332 981 10641 181 327 1207 535 429 317 203 241 475 450 453
is_linear=0
shrinkage=0.05


Tree=9
num_leaves=31
num_cat=0
split_feature=11 4 9 0 8 6 9 5 0 8 8 5 5 7 0 6 7 7 8 7 0 5 7 3 5 4 7 10 7 0
split_gain=1203.59 439.647 152.779 117.836 114.934 93.2531 92.239 90.5723 85.7969 74.5034 65.3198 64.1453 62.4051 58.4574 47.7622 43.4257 42.4643 39.9687 39.0381 35.2222 34.1373 27.4777 27.3952 35.0387 26.411 26.2329 25.93 25.8148 25.3024 30.3236
threshold=1.0000000180025095e-35 211.84670480765126 1.0000000180025095e-35 225.99544163524357 0.28550391290707627 1.0000000180025095e-35 1.0000000180025095e-35 82.404682532486291 705.37169474384621 0.24049502789834709 0.18250410199163178 82.404682532486291 98.558534733192815 1.0000000180025095e-35 324.0488061421803 1.0000000180025095e-35 1.0000000180025095e-35 1.0000000180025095e-35 0.34976421806381913 1.0000000180025095e-35 193.4712932512347 146.89441876424289 1.0000000180025095e-35 76.021771706944364 131.8323138609675 199.90569747306799 1.5000000000000002 1.0000000180025095e-35 1.0000000180025095e-35 623.01225069308225
decision_type=2 2 2 2 2 2 2 2 2 2 2 2 2 2 2 2 2 2 2 2 2 2 2 2 2 2 2 2 2 2
left_child=1 7 4 5 8 -2 9 10 12 11 22 -7 17 -13 24 -14 -12 -3 26 -17 -20 -10 -1 -24 -4 -5 -9 28 29 -16
right_child=3 2 14 25 -6 6 -8 18 21 -11 16 13 15 -15 27 19 -18 -19 20 -21 -22 -23 23 -25 -26 -27 -28 -29 -30 -31
leaf_value=-0.038990003899725734 0.18681047449881216 0.011830936510842136 0.094552513784919565 0.071992575001042544 0.080128949342560915 0.076334455296013445 0.081412335164725722 -0.050179074812044158 0.13583214327602205 0.076434153449221887 0.021653419762694404 -0.037061167877301675 0.053987725261716982 0.042282972160242155 0.017959153706622263 -0.051755808191037644 0.14346388530309595 0.14231602476895128 -0.03912993503721332 0.0018871090098500614 0.047653277684043122 0.035649945460934036 -0.022103004050910327 0.11053528209563875 -0.0061340087228466036 0.10326188711100921 0.011268405430237959 0.1305465341283954 0.12884190063828724 0.11458069898298227
leaf_weight=83.72550231218338 10.409193426370619 30.120120391249657 8.813741020858286 138.44801658391953 40.304217427968979 22.165594771504402 73.354754865169525 856.78662366420031 9.2368872314691526 38.710004791617393 34.951202347874641 88.497042521834373 13.238553985953329 31.468657255172729 25.290890976786613 138.27507295459509 8.9963671863079053 7.2888232767581931 26.345127552747726 39.29735903441906 19.884727276861668 26.425745330750942 14.426585555076601 7.6032040789723387 24.950592532753944 130.10431581735611 17.519638322293758 27.287703923881054 13.517620660364626 11.960565179586409
leaf_count=836 64 224 48 682 280 102 334 10692 47 189 282 779 110 179 181 1607 61 49 279 360 183 160 143 60 206 553 175 156 65 57
internal_value=0 -0.0237598 0.0198583 0.0638088 0.00148686 0.040128 0.0341214 -0.0407144 -0.0105246 0.0149388 -0.00464546 -0.00180971 -0.0217947 -0.0162481 0.069834 -0.0333716 0.0465889 0.0372549 -0.0465801 -0.0398845 -0.0018021 0.0615979 -0.0259363 0.0236748 0.0201489 0.0871415 -0.0489478 0.0913259 0.0702453 0.0489821
internal_weight=0 1486.25 416.008 533.158 304.187 264.605 254.196 1070.24 263.883 180.841 149.703 142.131 228.22 119.966 111.821 190.811 43.9476 37.4089 920.536 177.572 46.2299 35.6626 105.755 22.0298 33.7643 268.552 874.306 78.0568 50.7691 37.2515
internal_count=19143 16261 3550 2882 2837 1647 1583 12711 2557 1249 1382 1060 2350 958 713 2077 343 273 11329 1967 462 207 1039 203 254 1235 10867 459 303 238
is_linear=0
shrinkage=0.05


Tree=10
num_leaves=31
num_cat=0
split_feature=11 0 9 4 9 6 5 6 8 9 6 5 0 8 8 5 5 0 3 4 8 8 8 8 3 4 8 8 8 5
split_gain=1080.93 369.71 115.208 108.562 103.79 98.9296 94.482 86.0811 76.3587 71.3342 63.7423 63.1143 61.8 53.02 44.5045 48.8526 43.5881 38.1401 32.5646 31.7248 27.1424 26.5414 24.4313 23.4204 23.0653 22.0845 18.8234 17.9574 17.173 16.874
threshold=1.0000000180025095e-35 423.20321540993694 1.0000000180025095e-35 172.46687954774572 1.0000000180025095e-35 1.0000000180025095e-35 143.22014379982554 1.0000000180025095e-35 0.31088945892346115 1.0000000180025095e-35 1.0000000180025095e-35 131.8323138609675 225.99544163524357 0.38856892835609974 0.20354962111322653 101.15873163407757 66.250456536174454 827.96897245814819 47.261407142680191 129.5317187858308 0.14630844413273014 0.45491259551831259 0.29818974227332889 0.1307854616570138 108.12304754935253 58.059579246520919 0.047767249101430771 0.17960047533826948 0.14630844413273014 677.41380987510456
decision_type=2 2 2 2 2 2 2 2 2 2 2 2 2 2 2 2 2 2 2 2 2 2 2 2 2 2 2 2 2 2
left_child=1 2 16 5 10 -2 -7 29 9 18 -3 23 22 17 15 -14 19 -13 -8 -1 -21 -18 -9 -12 -6 -11 -5 -20 -26 -4
right_child=3 4 7 26 24 6 8 12 -10 25 11 13 14 -15 -16 -17 21 -19 27 20 -22 -23 -24 -25 28 -27 -28 -29 -30 -31
leaf_value=-0.036277164394417714 0.1551500484232996 0.12245906366949461 0.14569093285184564 0.059262360282104243 0.0088811611491244197 0.084483768254736094 -0.02827781069859844 -0.042495862574711107 0.10247591726979371 0.018797943317700624 0.023546563048757272 -0.030348301712749961 0.06661010809989712 0.10773378128820857 0.070132054696570356 -0.026456970586838616 -0.050082909002147159 0.069909621410793585 0.002534360172866883 -0.013380392235362141 0.071816987192553805 0.014619406852075623 0.022834098315152391 0.097939202305937612 0.066599425896033335 0.078408254925428078 0.097654981737630903 0.054143178663474394 0.1177578214810388 0.038131876340740528
leaf_weight=60.060814008116722 18.429844804108143 11.549793206155298 9.8980778977274877 40.75811392813921 10.940880589187143 77.824087791144848 78.886713601648808 132.48993559926748 26.258419632911682 24.720487847924232 26.047504112124443 122.40887027233839 18.471530079841614 8.2934779152274114 26.908625654876232 59.587941639125347 787.20540642738342 10.282886669039724 64.285285763442516 22.61152770370245 15.937440291047094 16.17547320574522 16.043646693229675 17.816036403179169 40.986065372824669 41.827612042427063 147.32697428762913 22.84521646797657 27.350962400436401 5.7731953337788573
leaf_count=633 100 73 79 189 91 360 676 1564 119 119 187 1232 115 48 202 648 10202 59 422 209 106 126 150 107 237 177 631 109 134 56
internal_value=0 -0.0241 -0.0363626 0.0586218 0.0279954 0.0423528 0.0361777 -0.00765566 0.0216528 0.0125273 0.00850339 0.00138317 -0.0146859 -0.0149132 0.014681 -0.00443413 -0.0449294 -0.0225789 -0.00500496 -0.0135565 0.0218431 -0.0487802 -0.0354393 0.0537626 0.0762836 0.0562649 0.0893353 0.016066 0.0870749 0.106067
internal_weight=0 1446.84 1171.16 543.163 275.676 355.078 336.648 269.173 258.824 232.565 196.399 184.849 253.502 140.985 104.968 78.0595 901.991 132.692 166.017 98.6098 38.549 803.381 148.534 43.8635 79.2779 66.5481 188.085 87.1305 68.337 15.6713
internal_count=19160 16258 14090 2902 2168 2082 1982 2814 1622 1503 1706 1633 2679 1339 965 763 11276 1291 1207 948 315 10328 1714 294 462 296 820 531 371 135
is_linear=0
shrinkage=0.05


Tree=11
num_leaves=31
num_cat=0
split_feature=11 0 8 4 6 8 6 7 7 6 9 0 7 7 6 5 8 5 9 4 0 9 5 9 7 0 9 0 0 5
split_gain=877.263 385.685 109.224 100.068 85.4421 81.953 80.9799 87.3727 78.128 96.8166 66.1082 66.0964 62.339 49.9444 46.7549 46.2954 44.6684 43.9798 35.9108 34.1355 33.3676 31.886 30.469 30.0731 29.1958 28.6369 27.7305 27.6161 27.4973 27.0179
threshold=1.0000000180025095e-35 423.20321540993694 0.24049502789834709 152.70239899685254 1.0000000180025095e-35 0.15778243681848847 1.0000000180025095e-35 1.0000000180025095e-35 1.0000000180025095e-35 1.0000000180025095e-35 1.0000000180025095e-35 659.79922001898865 1.5000000000000002 1.0000000180025095e-35 1.0000000180025095e-35 131.8323138609675 0.20546667961270573 63.294302916361566 1.0000000180025095e-35 118.38923036130409 229.63514369195812 1.0000000180025095e-35 76.412503577062253 1.0000000180025095e-35 1.0000000180025095e-35 200.53621350971275 1.0000000180025095e-35 282.21264593016116 330.60935776174523 143.22014379982554
decision_type=2 2 2 2 2 2 2 2 2 2 2 2 2 2 2 2 2 2 2 2 2 2 2 2 2 2 2 2 2 2
left_child=1 2 12 4 -2 10 -3 11 9 25 13 16 14 17 15 -1 22 -6 19 -10 -14 -11 -8 24 -7 -4 -16 -23 -28 -12
right_child=3 6 8 -5 5 23 7 -9 18 21 29 -13 20 -15 26 -17 -18 -19 -20 -21 -22 27 -24 -25 -26 -27 28 -29 -30 -31
leaf_value=0.084850648435792486 0.14461474018683815 0.12675437218151206 0.037903008663583079 0.078939616094251638 0.053462639954371172 0.034490064703564999 0.031976117246505224 0.073983243757886244 -0.016668795377761086 -0.040837144851207825 0.11475120277681834 0.051520551741070189 -0.014916081548722059 0.041766553447309875 -0.051793010201406968 -0.024906170100715837 0.034155786191353073 -0.041080887914910102 0.14244800652583264 0.094285778600948472 0.11304771455434481 -0.014698536148634337 -0.040882844052668954 0.11179283614593656 0.10878178345741663 0.19630852671740551 -0.037901692852646406 0.080728274423836288 0.016340685452439722 0.035101290756780999
leaf_weight=12.700861744582651 16.874427974224091 20.134440794587135 5.299608610570429 218.99837072938681 14.351125493645666 65.654452338814735 17.195763736963272 63.213748440146446 15.375981047749521 111.78611177206039 13.732001230120657 58.09954234957695 11.064461536705496 35.025324404239655 666.27761951088905 39.448470555245876 38.623092047870159 86.093596965074539 10.324819490313528 12.622606694698332 9.4414701610803586 26.423183955252171 86.687614426016808 25.300215214490891 16.560124590992928 6.1806102395057678 168.96628642082214 10.632367342710493 27.113522052764893 47.388669192790985
leaf_count=104 87 116 59 951 61 362 110 408 185 1305 57 345 126 189 8932 481 283 749 68 110 69 257 933 109 79 50 1980 69 259 210
internal_value=0 -0.0220097 -0.0350621 0.0528812 0.035102 0.0290253 0.0301007 0.0227242 -0.00139099 -0.016722 0.00983008 0.00657179 -0.0422156 -0.00964542 -0.0441488 0.00182488 -0.0117537 -0.0275729 0.0627445 0.0333529 0.0440018 -0.027513 -0.0288225 0.0641237 0.0494543 0.123184 -0.046929 0.0126823 -0.0304012 0.0529963
internal_weight=0 1417.61 1133.66 539.978 320.98 304.106 283.954 263.82 198.645 160.322 196.591 200.606 935.013 135.47 914.507 52.1493 142.506 100.445 38.3234 27.9986 20.5059 148.842 103.883 107.515 82.2146 11.4802 862.357 37.0556 196.08 61.1207
internal_count=19103 16249 14054 2854 1903 1816 2195 2079 2103 1740 1266 1671 11951 999 11756 585 1326 810 363 295 195 1631 1043 550 441 109 11171 326 2239 267
is_linear=0
shrinkage=0.05


Tree=12
num_leaves=31
num_cat=0
split_feature=11 4 6 0 7 7 8 0 6 5 8 5 0 8 0 8 0 5 7 8 5 8 10 10 5 7 3 5 8 0
split_gain=847.488 375.204 106.341 103.103 86.2518 83.2339 77.4594 66.3033 61.311 57.4274 51.1305 50.3366 46.9975 46.6638 46.3269 41.5778 39.52 42.3584 48.8842 46.5712 38.6756 28.7302 24.524 24.059 23.6027 23.4609 23.806 21.3811 20.5136 21.1378
threshold=1.0000000180025095e-35 277.48010757076958 1.0000000180025095e-35 147.29836231194011 1.0000000180025095e-35 1.0000000180025095e-35 0.16372543332077547 705.37169474384621 1.0000000180025095e-35 48.189108096727203 0.39930532671204416 95.575446342287478 212.90641591218397 0.15778243681848847 274.33887720679633 0.32549435132716659 363.57042018080693 107.51752735086231 1.0000000180025095e-35 0.10968162222283069 139.14043867487231 0.22272344595763563 1.0000000180025095e-35 1.0000000180025095e-35 128.12254449838679 1.5000000000000002 79.542063345060583 114.6425151868232 0.11284588921031598 535.87082324772916
decision_type=2 2 2 2 2 2 2 2 2 2 2 2 2 2 2 2 2 2 2 2 2 2 2 2 2 2 2 2 2 2
left_child=1 2 12 13 7 15 25 8 -3 -10 22 -8 27 24 -13 -4 17 -5 19 -19 -17 23 -11 -14 -2 -7 -27 -1 29 -6
right_child=3 4 5 16 28 6 11 -9 9 10 -12 14 21 -15 -16 20 -18 18 -20 -21 -22 -23 -24 -25 -26 26 -28 -29 -30 -31
leaf_value=0.05808282341744811 0.040927494242631479 0.10070961722344079 -0.049051083717946919 0.097830867996658577 0.013584498701804457 -0.038668292406001871 0.1234185405142475 0.072051074521323061 0.084003288961343736 -0.04079967064848062 0.11245867474549005 -0.018869249065221107 0.0062343489824197833 0.053210126681241504 0.080177126251127551 0.064433042029554077 0.088199211582569589 0.0033748426819748011 0.089562475680168271 0.056427170925466945 -0.028366252635825723 0.16565459607368746 0.0039351900188298386 0.1060390944801595 -0.015916855934767615 -0.022543140654535332 0.099312501495339794 -0.034558556471046727 0.1025712410268149 0.099341433138469284
leaf_weight=8.0987168103456479 23.894670873880386 14.062837436795233 758.17986315488815 46.319384843111038 18.117389760911468 126.75745189934969 12.70669265091419 40.217587813735008 15.224725686013697 87.298241280019283 7.1124796569347373 36.858403295278549 14.827836580574518 59.697060242295265 17.369208797812462 14.649499759078024 130.01633809506893 75.821016564965248 48.032183572649956 91.031650856137276 48.066799819469452 6.392091527581214 47.201454751193523 10.186541035771368 77.453680001199245 10.517289146780969 6.4760479032993308 26.965506784617901 39.022481717169285 11.908748142421244
leaf_count=68 110 89 10166 190 154 1596 83 202 88 917 37 455 156 315 154 109 538 463 215 457 507 50 479 91 593 118 44 345 211 63
internal_value=0 -0.021492 -0.0346697 0.0518135 0.0301554 -0.0386195 -0.0105848 0.0142896 0.00069665 -0.00827105 -0.0181915 0.0338446 0.0266283 0.0181416 0.0128555 -0.0458147 0.0656745 0.0544627 0.0451145 0.0323192 -0.00668986 0.071052 -0.0251004 0.0468776 -0.00251479 -0.0312724 0.0238952 -0.0131614 0.0786653 0.0475968
internal_weight=0 1378.22 1098.05 552.266 280.166 1031.58 210.685 211.117 170.9 156.837 141.612 66.9343 66.4707 161.045 54.2276 820.896 391.221 261.204 214.885 166.853 62.7163 31.4065 134.5 25.0144 101.348 143.751 16.9933 35.0642 69.0486 30.0261
internal_count=19063 16182 13942 2881 2240 13232 2450 1812 1610 1521 1433 692 710 1018 609 10782 1863 1325 1135 920 616 297 1396 247 703 1758 162 413 428 217
is_linear=0
shrinkage=0.05


Tree=13
num_leaves=31
num_cat=0
split_feature=11 4 7 5 0 9 5 6 8 9 0 7 6 10 0 5 8 8 10 9 8 8 9 0 4 8 6 0 7 7
split_gain=753.329 334.821 107.56 93.3599 91.5155 78.9871 64.4636 56.75 54.6022 50.1625 45.3568 45.2199 39.4894 37.2878 38.0131 43.0102 37.4971 37.0675 36.5351 33.8805 42.2527 31.5114 31.2124 29.7635 27.2799 26.4304 26.0174 25.0988 25.0139 24.7704
threshold=1.0000000180025095e-35 214.19151514721702 1.0000000180025095e-35 114.6425151868232 149.64798885897912 1.0000000180025095e-35 72.854643486268159 1.0000000180025095e-35 0.32074097985257727 1.0000000180025095e-35 911.89367059962524 1.0000000180025095e-35 1.0000000180025095e-35 1.0000000180025095e-35 366.64528560403772 192.21693990671238 0.19667434382226454 0.28981200130824553 1.0000000180025095e-35 1.0000000180025095e-35 0.29818974227332889 0.11284588921031598 1.0000000180025095e-35 576.75883003262754 68.01730353967146 0.15778243681848847 1.0000000180025095e-35 520.5606197932367 1.0000000180025095e-35 1.0000000180025095e-35
decision_type=2 2 2 2 2 2 2 2 2 2 2 2 2 2 2 2 2 2 2 2 2 2 2 2 2 2 2 2 2 2
left_child=1 3 5 7 9 6 -3 -1 11 25 12 -9 -8 14 15 -6 22 -14 23 -5 26 27 29 -7 -22 -2 -21 -4 -28 -17
right_child=4 2 21 19 13 18 10 8 -10 -11 -12 -13 17 -15 -16 16 -18 -19 -20 20 24 -23 -24 -25 -26 -27 28 -29 -30 -31
leaf_value=0.090625453695472494 -0.018845228553439314 0.051521906889697849 0.0037915550947176324 -0.050278344464033765 0.076166385685461316 -0.0061082855492241746 0.04394963739418184 -0.036438078837531321 0.073037998097508425 0.059168062827135798 0.10126557814877211 0.031366534144254568 -0.045804729133350132 0.083392407878186192 0.077911468805242301 -0.028029373417412674 0.066471556470765775 0.020810548092833833 0.08504494660660239 0.041536141888461588 -0.034627430085534705 0.090696145545309206 0.055702249304641516 0.077327096519523242 0.088720037374991345 0.029165776089943685 -0.050826885087604926 0.083293858990491534 -0.00087226328247702644 0.039247414668526805
leaf_weight=14.341371499001978 74.034655258059502 33.34912583231926 27.429504096508026 601.40133557468653 51.408666260540485 37.17502073943615 17.020335808396339 119.64130718261003 16.603483900427818 50.300082802772522 6.9800399988889685 30.950815618038177 142.0043952614069 126.37012293934822 85.45075997710228 52.91441085934639 34.874160677194595 24.483054637908936 33.088329307734966 10.623761586844919 7.0092127472162273 50.935761854052544 23.594833388924599 15.002103284001349 12.434847466647623 46.777716316282749 111.06883425265551 15.558219470083712 32.360566549003124 18.453096598386765
leaf_count=103 603 204 244 8747 226 290 117 1389 123 221 35 295 1740 591 351 353 150 180 202 101 77 297 97 69 101 261 1536 82 365 86
internal_value=0 -0.0209942 0.0172314 -0.0371018 0.0477336 0.00299288 -0.0126069 -0.00482712 -0.0130147 0.0172125 -0.023834 -0.0225024 -0.0285924 0.0610203 0.0504196 0.0374582 0.0221317 -0.0360085 0.043945 -0.0446629 -0.0251977 0.0640903 0.00584825 0.0178813 0.0442556 -0.000255699 -0.0339639 0.0325652 -0.0395561 -0.010634
internal_weight=0 1359.46 403.026 956.436 564.179 309.102 223.837 181.537 167.196 171.112 190.488 150.592 183.508 393.066 266.696 181.245 129.837 166.487 85.2655 774.899 173.497 93.9235 94.9623 52.1771 19.4441 120.812 154.053 42.9877 143.429 71.3675
internal_count=19236 16297 3460 12837 2939 2837 2276 1910 1807 1085 2072 1684 2037 1854 1263 912 686 1920 561 10927 2180 623 536 359 178 864 2002 326 1901 439
is_linear=0
shrinkage=0.05


Tree=14
num_leaves=31
num_cat=0
split_feature=11 0 9 9 4 4 6 9 8 7 7 8 8 6 8 8 8 8 7 6 7 10 10 0 7 0 8 3 7 10
split_gain=666.134 328.543 122.743 81.5228 77.7488 76.7885 61.8302 67.7964 61.5511 61.1515 48.149 44.4659 40.6946 38.6798 38.5457 36.7003 30.1704 29.8544 23.4377 25.3551 22.6547 22.6302 20.1331 19.6688 19.0661 20.341 18.5772 17.5566 16.2642 15.8253
threshold=1.0000000180025095e-35 341.46250648926923 1.0000000180025095e-35 1.0000000180025095e-35 163.59063566674271 380.79465458720659 1.0000000180025095e-35 1.0000000180025095e-35 0.15778243681848847 1.0000000180025095e-35 1.0000000180025095e-35 0.11846827626371521 0.25570061027820162 1.0000000180025095e-35 0.16666937735140785 0.45491259551831259 0.047767249101430771 0.35808616204851484 1.5000000000000002 1.0000000180025095e-35 1.5000000000000002 1.0000000180025095e-35 1.0000000180025095e-35 768.91860587039787 1.0000000180025095e-35 160.12845728603028 0.14102653422692782 57.219035754733511 1.0000000180025095e-35 1.0000000180025095e-35
decision_type=2 2 2 2 2 2 2 2 2 2 2 2 2 2 2 2 2 2 2 2 2 2 2 2 2 2 2 2 2 2
left_child=1 3 5 15 6 12 -2 8 10 13 -8 23 18 -5 -11 20 -4 -15 19 -3 -1 -14 -18 -7 25 -10 -9 -22 -21 -13
right_child=4 2 16 9 -6 11 7 26 24 14 -12 29 21 17 -16 -17 22 -19 -20 28 27 -23 -24 -25 -26 -27 -28 -29 -30 -31
leaf_value=-0.047854404149628015 0.11822768559637367 0.036284454019740404 0.012785934483559861 0.05243031359097048 0.069090713550301594 -0.015683941300684293 -0.02651755942258199 0.045603494297718511 0.0030021327561341642 0.0053169930772491688 0.038270434078292052 0.05081029254438009 0.00045394101751010293 -0.036463158440361375 0.098173871461242082 0.034191620040144775 0.057182745515430927 0.053133092628681357 0.086596000364363768 -0.045180278595360918 -0.037149258168369573 0.083377734423176503 0.10678914039339114 0.062941056794182687 0.086696517346805738 0.054729933980728687 0.092510225159656415 0.068740625117311202 -0.0048847590194398341 0.11161689921851237
leaf_weight=673.93478745222092 19.047016516327858 12.9904368519783 24.969148740172386 15.212705858051775 208.49305718392134 36.328926987946033 105.7566205561161 61.200730741024017 34.638981431722641 29.94905199110508 39.346639022231102 35.306607119739056 21.861616134643555 151.59105294942856 17.829389743506908 14.395850874483584 56.979743897914886 9.9050464481115323 4.3733777031302443 116.97545183449984 8.2829101458191854 13.192461751401423 31.907622329890728 10.18399156630039 19.546773076057434 42.106924436986446 32.221133917570114 7.4220831096172324 31.862295210361481 15.353142149746416
leaf_count=9901 92 95 177 120 884 350 845 260 201 314 200 241 186 1924 128 116 370 76 30 1492 102 100 190 48 87 200 133 63 294 106
internal_value=0 -0.0199633 0.01718 -0.0364558 0.0448702 0.000328876 0.0305998 0.0256148 0.011618 -0.0102187 -0.00894945 0.0368295 -0.0172948 -0.0237883 0.0399682 -0.0448216 0.0613483 -0.0309679 -0.0276204 -0.0307071 -0.046471 0.031662 0.0749898 0.00153098 0.0426111 0.0313828 0.0617816 0.0128936 -0.0365541 0.0692386
internal_weight=0 1340.81 412.285 928.523 562.358 298.428 353.865 334.818 241.396 224.487 145.103 97.1727 201.256 176.709 47.7784 704.036 113.857 161.496 166.202 161.828 689.64 35.0541 88.8874 46.5129 96.2927 76.7459 93.4219 15.705 148.838 50.6597
internal_count=19325 16423 3679 12744 2902 2942 2018 1926 1533 2562 1045 745 2197 2120 442 10182 737 2000 1911 1881 10066 286 560 398 488 401 393 165 1786 347
is_linear=0
shrinkage=0.05


Tree=15
num_leaves=31
num_cat=0
split_feature=4 5 7 8 9 4 6 5 7 6 9 7 8 8 5 8 8 9 8 6 9 5 0 0 8 10 7 0 10 0
split_gain=315.44 124.159 106.283 84.8321 75.4152 60.9392 51.1241 48.5007 44.6325 39.2137 39.0872 38.5949 32.1222 29.8363 26.6427 25.4721 24.5506 24.1223 21.4685 20.7384 19.3058 18.9817 18.5064 17.6736 16.8274 16.0517 15.6801 17.7236 15.2034 14.9418
threshold=167.27843093957443 107.51752735086231 1.0000000180025095e-35 0.19864806658778503 1.0000000180025095e-35 401.96339663173177 1.0000000180025095e-35 48.189108096727203 1.0000000180025095e-35 1.0000000180025095e-35 1.0000000180025095e-35 1.0000000180025095e-35 0.1331979402248796 0.12512323614736928 146.89441876424289 0.25287549080952915 0.14364286439013108 1.0000000180025095e-35 0.37740520634859709 1.0000000180025095e-35 1.0000000180025095e-35 45.178836935987896 640.9583196547203 705.37169474384621 0.074617027837676667 1.0000000180025095e-35 1.0000000180025095e-35 164.07156787076238 1.0000000180025095e-35 194.79847380687218
decision_type=2 2 2 2 2 2 2 2 2 2 2 2 2 2 2 2 2 2 2 2 2 2 2 2 2 2 2 2 2 2
left_child=1 10 3 5 6 7 24 -2 15 -9 12 16 29 14 -4 -8 -6 21 -10 -7 -16 -5 -21 25 -3 -23 27 -14 -13 -1
right_child=2 4 13 17 11 19 8 9 18 -11 -12 28 26 -15 20 -17 -18 -19 -20 22 -22 23 -24 -25 -26 -27 -28 -29 -30 -31
leaf_value=-0.03124786310852895 0.050773738697728943 -0.027013086804586431 0.09438590736642917 0.11361432727573539 -0.024155165524037722 0.11137465275431271 -0.047438014252242165 0.044041987301686528 -0.015260204450135807 -0.02212743488676587 0.053104595766368751 0.0202652824778786 -0.010492609788600135 0.083182469423589159 0.0096392311655623935 -0.018247543000026633 0.013444088463879237 0.078696336150280335 0.07555185632996167 0.013625218635017542 0.066961268896881462 0.0069857489731074297 0.057567687954581531 0.089507092367863847 0.044232946037426342 0.049977783931518423 0.078982737310881457 0.047118989138879158 0.079924409330029311 0.010409898961000898
leaf_weight=53.838321566581726 30.479864820837975 11.827888198196886 18.378446958959103 7.1139576360583296 113.73421804606915 8.034089267253874 433.01579106226563 24.728233844041824 136.89527824148536 236.84148593991995 57.72351236641407 30.930562764406204 26.1372344866395 78.209344044327736 49.192344095557928 90.324036970734596 70.220172293484211 42.67958614975214 6.8329390734434119 72.64462885260582 20.941997557878494 60.97998159006238 35.75251055508852 10.906424522399901 27.689832605421543 33.715089600533247 13.647956736385821 27.286321442574263 16.309982635080814 35.864524304866791
leaf_count=573 198 157 104 35 1235 43 6250 176 1564 2470 405 268 261 456 400 957 688 221 55 618 111 512 176 51 279 263 92 211 134 334
internal_value=0 -0.0163885 0.0256088 0.015239 -0.024238 0.00327738 -0.0323487 -0.00891642 -0.0356222 -0.0158719 0.0179293 0.000550011 0.004978 0.0606806 0.040798 -0.0424 -0.00980255 0.0466821 -0.0109429 0.0338636 0.0267555 0.03456 0.0281187 0.0292344 0.0229086 0.0222926 0.031152 0.0189328 0.0408628 -0.0145925
internal_weight=0 1152.28 730.598 563.876 937.781 408.481 706.586 292.05 667.068 261.57 214.498 231.195 156.774 166.722 88.5128 523.34 183.954 155.395 143.728 116.431 70.1343 112.715 108.397 105.601 39.5177 94.6951 67.0715 53.4236 47.2405 89.7028
internal_count=19297 13463 5834 4763 11587 3681 9262 2844 8826 2646 1876 2325 1471 1071 615 7207 1923 1082 1619 837 511 861 794 826 436 775 564 472 402 907
is_linear=0
shrinkage=0.05


Tree=16
num_leaves=31
num_cat=0
split_feature=11 0 9 5 0 4 8 8 10 8 9 0 5 5 8 8 5 8 4 8 0 4 10 5 10 0 5 6 9 0
split_gain=652.967 267.95 100.335 87.7111 75.5822 62.6249 47.8457 43.4463 38.2969 35.6734 35.4164 42.2293 44.3106 34.6157 30.0075 27.6847 26.4079 28.2209 27.8024 25.7558 25.2843 24.2651 22.4851 20.1614 20.0745 19.3615 17.2801 16.7227 15.4024 14.8372
threshold=1.0000000180025095e-35 327.1316963653606 1.0000000180025095e-35 107.51752735086231 135.988274271542 338.3307378914489 0.20113311776375345 0.32549435132716659 1.0000000180025095e-35 0.12512323614736928 1.0000000180025095e-35 356.69108710262157 82.404682532486291 29.944589637884032 0.12188422700743069 0.25570061027820162 111.04897398867058 0.18937277146118056 489.92807578846288 0.30195761175618901 212.90641591218397 104.20357612353807 1.0000000180025095e-35 95.575446342287478 1.0000000180025095e-35 177.74523086302162 121.09753853507672 1.0000000180025095e-35 1.0000000180025095e-35 768.91860587039787
decision_type=2 2 2 2 2 2 2 2 2 2 2 2 2 2 2 2 2 2 2 2 2 2 2 2 2 2 2 2 2 2
left_child=1 3 5 6 9 7 20 13 10 -2 11 12 -6 -3 29 -14 -4 18 -18 -5 -1 -21 -9 -11 -22 -8 -16 -15 -25 -7
right_child=4 2 16 19 8 14 25 22 -10 23 -12 -13 15 27 26 -17 17 -19 -20 21 24 -23 -24 28 -26 -27 -28 -29 -30 -31
leaf_value=-0.039548519890642342 -0.010037981736493022 0.052895066096431777 0.10017792748166617 -0.047862338263849454 0.085963547245288582 -0.013578665292189932 0.0037098310324474196 -0.0010612823346578635 0.076643566192751089 0.10490073758063145 0.076356086945767621 0.064298691239607617 -0.004276306289476145 0.018127236846535867 0.1037218885038047 0.05825046211518347 0.0042722702050637046 0.079412314789293975 0.076476195063049202 -0.041051598505590862 -0.016501223646741447 0.017284516161841366 0.10644920359766585 0.012757134299007039 0.057252573432782519 0.064532130555846487 0.036477990747259478 -0.039978534919766606 0.069149951307497584 0.048802719227939967
leaf_weight=74.6130575761199 78.67449477314949 11.98577608168125 21.25481241196394 622.63141129910946 20.702491417527199 45.792637933045626 25.164003763347864 10.331725284457209 133.54649943858385 9.9334565103054029 65.838173255324364 77.214638948440552 99.778985470533371 13.504056684672831 11.951309084892271 21.521474331617355 54.515662550926208 30.325240381062031 17.648133248090744 42.347012333571911 26.095363464206457 30.784011729061604 9.188542388379572 44.506855301558971 14.271888609975575 27.257062256336212 47.62720050662756 149.09215716272593 16.633465304970741 12.037620902061461
leaf_count=931 565 89 104 9821 84 450 227 76 631 42 267 321 604 102 57 90 441 164 87 550 244 291 59 282 127 189 349 1928 70 57
internal_value=0 -0.020618 0.0113683 -0.0367473 0.0436426 -0.0037621 -0.00425342 -0.0211979 0.0545483 0.0131573 0.0441968 0.0345383 0.018356 -0.0291078 0.0250631 0.00681737 0.0494572 0.0389385 0.0219302 -0.0445654 -0.0223024 -0.0164954 0.0495458 0.038833 0.00957452 0.0353352 0.049967 -0.0351527 0.028099 -0.000593708
internal_weight=0 1298.42 435.255 863.164 568.351 311.511 167.401 194.102 418.602 149.748 285.056 219.218 142.003 174.582 117.409 121.3 123.744 102.489 72.1638 695.762 114.98 73.131 19.5203 71.0738 40.3673 52.4211 59.5785 162.596 61.1403 57.8303
internal_count=19299 16343 3963 12380 2956 3167 1718 2254 1997 959 1366 1099 778 2119 913 694 796 692 528 10662 1302 841 135 394 371 416 406 2030 352 507
is_linear=0
shrinkage=0.05


Tree=17
num_leaves=31
num_cat=0
split_feature=4 9 0 9 5 8 5 7 6 10 6 7 10 0 8 5 7 7 8 5 8 7 8 8 5 7 8 7 10 5
split_gain=280.986 102.687 83.6636 68.8874 60.0371 46.9441 40.7768 39.977 43.5194 32.9574 32.4878 34.2609 27.3929 25.5222 23.3175 22.3863 20.1116 19.8098 19.2895 17.9236 17.6251 17.6026 15.7507 14.806 14.4889 14.138 13.8586 13.6241 13.618 12.0718
threshold=167.27843093957443 1.0000000180025095e-35 528.34784060779043 1.0000000180025095e-35 111.04897398867058 0.098750796628466378 160.74231115795581 1.0000000180025095e-35 1.0000000180025095e-35 1.5000000000000002 1.0000000180025095e-35 1.0000000180025095e-35 1.5000000000000002 179.18171355735916 0.12299984567704277 139.14043867487231 1.0000000180025095e-35 1.5000000000000002 0.32074097985257727 139.14043867487231 0.1331979402248796 1.0000000180025095e-35 0.37740520634859709 0.17960047533826948 131.8323138609675 1.0000000180025095e-35 0.19102510471745657 1.0000000180025095e-35 1.0000000180025095e-35 66.250456536174454
decision_type=2 2 2 2 2 2 2 2 2 2 2 2 2 2 2 2 2 2 2 2 2 2 2 2 2 2 2 2 2 2
left_child=1 4 3 5 13 19 27 8 -6 21 -7 24 15 25 16 -5 29 22 -10 -2 -15 26 -9 -17 -12 -1 -8 -3 -22 -4
right_child=2 6 14 12 7 10 9 17 18 -11 11 -13 -14 20 -16 23 -18 -19 -20 -21 28 -23 -24 -25 -26 -27 -28 -29 -30 -31
leaf_value=-0.026793134309595585 0.012893315252671409 0.03024446571460537 0.072827655535244895 0.077327539908670084 0.014644269354464832 0.097618194030069327 -0.025539179898459337 -0.019611941170765725 -0.045681934107889059 0.065281703299481547 0.031600479297908816 0.048402297562660672 0.12485485697388661 0.0018061181492991119 0.069318329115997473 0.01347924072751603 0.073846567723869841 0.043492887528227678 -0.010596392421629275 -0.026871679963149948 0.026259037091892912 0.02168713271022326 0.059551849105277922 0.053408249727596814 -0.0063683961753128321 0.02509762825825005 0.0089707789552477841 0.084444752224320935 0.093387969626561027 0.014571618397618211
leaf_weight=68.085050083696842 36.283820558339357 63.196601290255785 10.239968366920946 27.107415296137333 35.640010878443718 11.837409488856791 108.37696164101362 120.09433171153069 444.62932691723108 16.49541636928916 31.273943062871695 50.398938726633787 9.4549548849463445 41.232886657118797 92.933208398520947 71.683982502669096 24.921371653676033 16.049001887440681 42.959525860846043 129.39563305675983 20.434297192841768 38.463384538888931 6.6301857009530059 34.338056720793247 127.80888328701258 16.261697389185429 39.766343802213669 14.199338026344774 11.986702904105185 67.584263898432255
leaf_count=734 307 489 49 138 406 82 1224 1447 6736 158 216 340 51 396 517 561 126 154 434 1452 147 337 51 191 1298 145 383 90 80 471
internal_value=0 -0.0168244 0.0232327 0.0129099 -0.0257194 0.00196395 0.00930592 -0.032293 -0.0386921 -0.00246238 0.0170311 0.0124773 0.0426192 0.00198979 0.0511701 0.0367787 0.034755 -0.00884216 -0.0425907 -0.0181631 0.0234946 -0.00845073 -0.0154701 0.0264113 0.00109587 -0.0167888 -0.0162756 0.0401882 0.051078 0.0222368
internal_weight=0 1104.5 725.262 529.583 824.003 386.999 280.498 666.002 523.229 203.102 221.319 209.482 142.584 158.001 195.679 133.129 102.746 142.774 487.589 165.679 73.6539 186.607 126.725 106.022 159.083 84.3467 148.143 77.3959 32.421 77.8242
internal_count=19210 13411 5799 4636 10730 3695 2681 9228 7576 2102 1936 1854 941 1502 1163 890 646 1652 7170 1759 623 1944 1498 752 1514 879 1607 579 227 520
is_linear=0
shrinkage=0.05


Tree=18
num_leaves=31
num_cat=0
split_feature=11 3 9 7 5 6 3 8 10 5 8 7 6 4 9 8 5 5 7 8 8 8 4 5 8 8 8 10 9 7
split_gain=572.469 246.49 95.3871 73.9633 69.9232 58.3854 57.4276 42.6429 36.9762 34.9392 36.4673 31.0413 35.3021 34.2854 38.7686 40.6863 38.2923 28.9951 28.2478 26.5717 25.9291 24.1055 25.8925 21.3144 20.9646 19.4571 19.3005 19.7943 18.9544 18.7308
threshold=1.0000000180025095e-35 99.183585630718667 1.0000000180025095e-35 1.0000000180025095e-35 111.04897398867058 1.0000000180025095e-35 32.87765829981862 0.18250410199163178 1.0000000180025095e-35 76.412503577062253 0.38856892835609974 1.0000000180025095e-35 1.0000000180025095e-35 330.89220876817257 1.0000000180025095e-35 0.25570061027820162 135.64076674203423 143.22014379982554 1.5000000000000002 0.16046240855317714 0.11284588921031598 0.37740520634859709 401.96339663173177 128.12254449838679 0.14884187602185331 0.45491259551831259 0.38856892835609974 1.0000000180025095e-35 1.0000000180025095e-35 1.0000000180025095e-35
decision_type=2 2 2 2 2 2 2 2 2 2 2 2 2 2 2 2 2 2 2 2 2 2 2 2 2 2 2 2 2 2
left_child=1 4 3 5 7 -3 19 28 11 24 -11 12 -8 14 15 16 -14 -4 25 -2 23 22 29 -5 -7 -6 27 -9 -1 -19
right_child=6 2 17 20 18 9 8 26 -10 10 -12 -13 13 -15 -16 -17 -18 21 -20 -21 -22 -23 -24 -25 -26 -27 -28 -29 -30 -31
leaf_value=-0.040934589861018 -0.010174022781445611 0.049269359236027939 0.079963543928324374 0.068436062499388758 -0.048548490221410716 -0.011648092491919277 0.10392272532399004 -0.0067009288960549534 0.07036978616115043 -0.041281023814566678 0.038203980545341437 0.06979227214106723 0.040825113397352064 0.072990174060766577 0.05688723690942428 0.06058661733782246 -0.025485729273477399 -0.009845787010638353 0.022150901789474695 0.041639865648099961 0.058757764584720457 0.11309371396185748 0.05737302677200791 -0.017369087063289036 0.0645184750781959 0.016006920911233867 0.10557549834453608 0.061655705266897343 0.0067747422056522585 0.046662311438883448
leaf_weight=71.30166333168745 68.011261768639088 27.785084635019302 35.47064521163702 9.5838721096515638 568.56670773401856 24.599392987787724 15.528798997402189 31.169676810503006 143.6090986803174 192.31232198700309 15.600855894386767 66.255827888846397 29.300434023141861 32.912510186433792 47.140166878700256 26.259669274091721 84.723749086260796 53.993487752974033 15.053873032331465 38.894280098378658 46.898272912949324 7.8390572220087043 35.618528358638287 29.561571940779686 14.278166085481642 11.916846774518488 6.9848183542489997 16.040698744356632 29.403154388070107 20.132964849472046
leaf_count=970 517 191 176 67 9633 188 69 273 683 2579 93 286 131 138 192 110 555 470 161 204 303 35 186 296 75 98 44 131 259 116
internal_value=0 -0.0194189 0.00726753 -0.00676932 -0.0376857 -0.0194453 0.0415883 -0.00775949 0.0494819 -0.0271816 -0.0353168 0.0395531 0.0310588 0.0259235 0.0176584 0.00447615 -0.00844604 0.0403404 -0.0454696 0.00867686 0.0336813 0.0283876 0.0223371 0.00363835 0.0163248 -0.0472232 0.0280018 0.0165246 -0.0270047 0.00550198
internal_weight=0 1264.11 513.674 360.62 750.437 274.576 552.636 154.9 445.73 246.791 207.913 302.121 235.865 220.337 187.424 140.284 114.024 153.055 595.537 106.906 86.0437 117.584 109.745 39.1454 38.8776 580.484 54.1952 47.2104 100.705 74.1265
internal_count=19229 16344 4775 3792 11569 3126 2885 1677 2164 2935 2672 1481 1195 1126 988 796 686 983 9892 721 666 807 772 363 263 9731 448 404 1229 586
is_linear=0
shrinkage=0.05


Tree=19
num_leaves=31
num_cat=0
split_feature=11 0 9 5 4 0 6 7 10 8 0 9 5 8 5 7 8 8 8 7 8 7 7 6 9 6 5 0 8 8
split_gain=573.979 246.851 74.6468 73.3179 62.6729 57.9258 39.1167 39.0783 33.3291 33.0015 32.9347 35.7798 30.6918 30.5939 30.0487 29.8894 29.0721 28.5438 27.0871 25.6397 24.6937 21.4289 20.8025 25.1418 18.3231 18.0177 17.9118 17.517 17.8259 16.815
threshold=1.0000000180025095e-35 341.46250648926923 1.0000000180025095e-35 107.51752735086231 413.23037711599858 114.15616662864258 1.0000000180025095e-35 1.0000000180025095e-35 1.0000000180025095e-35 0.28981200130824553 356.69108710262157 1.0000000180025095e-35 82.404682532486291 0.25287549080952915 66.250456536174454 1.0000000180025095e-35 0.17464724615369837 0.16372543332077547 0.30195761175618901 1.0000000180025095e-35 0.36641356078293924 1.5000000000000002 1.0000000180025095e-35 1.0000000180025095e-35 1.0000000180025095e-35 1.0000000180025095e-35 146.89441876424289 590.73200103323086 0.19282326158691365 0.18605031885911047
decision_type=2 2 2 2 2 2 2 2 2 2 2 2 2 2 2 2 2 2 2 2 2 2 2 2 2 2 2 2 2 2
left_child=1 3 4 6 9 15 -1 20 10 14 11 12 -7 19 -3 29 26 -9 21 -14 24 -5 23 -20 -8 -16 -6 28 -4 -2
right_child=5 2 27 18 16 8 7 17 -10 -11 -12 -13 13 -15 25 -17 -18 -19 22 -21 -22 -23 -24 -25 -26 -27 -28 -29 -30 -31
leaf_value=0.072278392763659716 -0.019784828152605391 0.024344917157936505 0.018764481246625123 -0.048369070967904534 0.054029701084563835 0.071419155560076955 -0.047385030390775552 -0.0053767175465922294 0.06793787585916633 0.033217800395314634 0.064363353775441529 0.063551324750525162 -0.018038853621475708 0.056151823282968472 0.018413967392827371 0.055996288705928932 0.074234316423640978 0.085909839467901761 0.07828043646520029 0.036450238063273625 0.056611951606420588 0.010018610429629607 0.03970934095599201 -0.038874547788973909 -0.0039060668929201217 -0.039932395024338818 -0.0063216705512421619 0.075512251802134389 0.069462826668252209 0.026644624289849067
leaf_weight=14.463037647306917 60.231637790799141 25.876078978180885 61.368359744548798 568.70144044235349 18.045273892581463 21.992881044745445 75.824830796569586 20.608348771929741 151.03208758682013 27.958589058369398 91.303112670779228 54.311619430780411 81.931373313069344 26.443256944417953 14.703820161521433 26.204910039901733 29.344103015959263 14.651087254285811 5.0571185424923888 29.313102871179581 8.1610995009541494 16.160913087427616 14.496904525905846 48.484695415943861 35.612269811332226 132.14783431962132 38.576970495283604 34.005057089030743 24.165588371455669 28.836909025907516
leaf_count=99 469 181 446 9935 107 91 1024 209 712 200 385 222 572 111 101 132 167 83 49 134 51 165 136 619 295 1786 340 150 128 145
internal_value=0 -0.0199248 0.0119644 -0.0356786 -0.00187719 0.0407261 -0.00635963 -0.0137041 0.048726 -0.0171788 0.0392218 0.0284947 0.016571 0.00781013 -0.0253362 0.00905719 0.033844 0.0325549 -0.0432821 -0.00368089 -0.027342 -0.0467557 -0.013423 -0.0278091 -0.0334903 -0.0340903 0.0129121 0.0451564 0.0330881 -0.00475279
internal_weight=0 1228.41 406.192 822.222 286.653 571.601 169.321 154.858 456.327 200.686 305.295 213.992 159.681 137.688 172.728 115.273 85.9663 35.2594 652.901 111.244 119.598 584.862 68.0387 53.5418 111.437 146.852 56.6222 119.539 85.5339 89.0685
internal_count=19244 16271 3606 12665 2882 2973 1761 1662 2227 2268 1515 1130 908 817 2068 746 614 292 10904 706 1370 10100 804 668 1319 1887 447 724 574 614
is_linear=0
shrinkage=0.05


Tree=20
num_leaves=31
num_cat=0
split_feature=11 3 9 8 3 5 6 8 5 8 6 7 10 6 5 9 3 5 5 7 0 6 7 0 8 5 7 7 4 0
split_gain=511.463 222.667 76.1993 68.539 65.5483 61.4144 46.7012 40.7319 40.4403 34.7285 32.7993 31.2729 29.7155 28.3294 29.4566 27.517 28.7964 27.6023 24.2987 23.6097 23.2826 22.1223 22.1513 23.0546 25.5761 26.4616 22.0931 20.2868 19.4822 19.0038
threshold=1.0000000180025095e-35 108.12304754935253 1.0000000180025095e-35 0.32549435132716659 32.87765829981862 131.8323138609675 1.0000000180025095e-35 0.23546546827778939 104.46919254021928 0.11284588921031598 1.0000000180025095e-35 1.0000000180025095e-35 1.0000000180025095e-35 1.0000000180025095e-35 131.8323138609675 1.0000000180025095e-35 169.06560884661241 69.734370565269089 92.319946293244797 1.0000000180025095e-35 911.89367059962524 1.0000000180025095e-35 1.0000000180025095e-35 590.73200103323086 0.24049502789834709 66.250456536174454 1.0000000180025095e-35 1.5000000000000002 401.96339663173177 640.9583196547203
decision_type=2 2 2 2 2 2 2 2 2 2 2 2 2 2 2 2 2 2 2 2 2 2 2 2 2 2 2 2 2 2
left_child=1 3 5 8 18 19 -7 20 10 15 -1 -12 -13 -5 -15 16 17 -6 -2 29 -8 -4 23 24 25 -23 -19 -10 -9 -3
right_child=4 2 21 13 9 6 7 28 27 -11 11 12 -14 14 -16 -17 -18 26 -20 -21 -22 22 -24 -25 -26 -27 -28 -29 -30 -31
leaf_value=0.058730291752632668 0.058343001745782941 0.0044492722201353394 0.11541771892618979 0.12153560894420862 0.07343086008759743 0.054937785826731513 -0.039487356544094077 -0.0076737823250016893 -0.048069847625487966 0.060966104584084684 -0.037955744738798855 -0.015379911746653591 0.091750265582324686 0.052192995451993768 -0.020266559509632347 0.062551387149770585 0.06234299402253473 -0.010819398059463688 -0.0063848754377881806 0.084252946923033631 0.057447555184445921 0.071169603848474136 0.068933220683138161 0.063703912367890345 0.062792473249240366 -0.023919452713722866 0.038734424015982163 0.010138479083383799 0.054480499987613278 0.073539114158360383
leaf_weight=13.277289301156996 17.267096191644669 47.401042934507132 9.0087454840540868 5.3889309093356124 15.846778377890585 20.720545660704374 162.43493709340692 37.39777535200119 529.01098979637027 230.96542465686798 93.819761428982019 18.653277967125181 9.9127651154994947 20.357336968183517 45.097544223070145 59.10382342338562 35.881780833005905 81.038770794868469 90.446225337684155 17.995680712163448 6.4401826262474051 8.7005028650164586 34.174584425985813 24.621816642582417 16.166292548179626 45.989001352339983 31.134241282939911 15.404550738632677 19.019644565880299 12.5982334241271
leaf_count=89 75 392 47 43 65 140 2189 338 9745 1054 1185 188 78 130 540 243 153 542 652 98 31 41 166 107 79 404 139 158 110 61
internal_value=0 -0.0186497 0.00863533 -0.0354609 0.0390572 -0.00463891 -0.0168958 -0.0235025 -0.0403364 0.0473772 -0.0159115 -0.0240092 0.0217956 0.0113416 0.00226932 0.0333033 0.0227563 0.0116608 0.00399139 0.0340221 -0.0357907 0.0396531 0.0343887 0.0220241 0.00754068 -0.00879182 0.00293454 -0.0464228 0.0132799 0.0189563
internal_weight=0 1213.59 462.669 750.922 561.684 324.008 246.013 225.293 680.079 453.971 135.663 122.386 28.566 70.8438 65.4549 223.005 163.902 128.02 107.713 77.995 168.875 138.661 129.652 95.4776 70.8558 54.6895 112.173 544.416 56.4174 59.9993
internal_count=19282 16359 4203 12156 2923 3359 2808 2668 11443 2196 1540 1451 266 713 670 1142 899 746 727 551 2220 844 797 631 524 445 681 9903 448 453
is_linear=0
shrinkage=0.05


Tree=21
num_leaves=31
num_cat=0
split_feature=11 3 9 6 7 10 5 4 6 7 8 7 5 5 7 9 8 8 5 10 9 8 6 5 3 8 6 5 8 8
split_gain=463.389 216.225 112.552 61.4121 60.3929 49.8143 45.8183 53.0623 51.5652 60.7672 49.3477 45.118 38.2277 36.8215 30.7283 28.9573 25.7488 25.08 24.3627 23.447 23.3488 23.0201 27.2897 21.9673 20.8616 19.7073 19.1442 19.1013 17.7584 17.4966
threshold=1.0000000180025095e-35 171.82726410579158 1.0000000180025095e-35 1.0000000180025095e-35 1.0000000180025095e-35 1.0000000180025095e-35 143.22014379982554 245.83366822610969 1.0000000180025095e-35 1.0000000180025095e-35 0.14630844413273014 1.5000000000000002 146.89441876424289 26.633911164646587 1.0000000180025095e-35 1.0000000180025095e-35 0.38856892835609974 0.20113311776375345 160.74231115795581 1.0000000180025095e-35 1.0000000180025095e-35 0.057341221239804528 1.0000000180025095e-35 57.571739922173045 54.313414686058827 0.34306480269317402 1.0000000180025095e-35 101.15873163407757 0.21371395885225355 0.30654995453809053
decision_type=2 2 2 2 2 2 2 2 2 2 2 2 2 2 2 2 2 2 2 2 2 2 2 2 2 2 2 2 2 2
left_child=1 2 11 -4 12 14 -2 8 -8 10 15 13 17 26 21 -10 -15 -5 -13 27 24 -3 -23 -24 25 -12 -1 -6 -14 -25
right_child=6 5 3 4 19 -7 7 -9 9 -11 20 18 28 16 -16 -17 -18 -19 -20 -21 -22 22 23 29 -26 -27 -28 -29 -30 -31
leaf_value=0.093691314882250895 0.065840215927573498 -0.046421433206375873 0.084156684729746634 -0.008510134837627267 0.078925421113741706 0.05340881817382459 0.10825793179179261 0.064874778953962015 -0.03041188843095979 0.053861718649379789 -0.034052782209716276 0.12372324056863576 -0.049219797132734694 -0.046979385203878704 0.043178400943263508 0.018239133677994832 -0.00082523292637483303 0.06740584946245419 0.00062178095468713788 0.079196633260097599 0.068971944417618822 0.10530127840832731 0.064162715060431183 -0.022409900822504068 0.037050103259949528 0.053244137344813626 -0.0086797290217138362 -0.0042369510114008387 -0.0074374759210214915 0.039328369613738062
leaf_weight=5.2413954883813849 114.69369024038315 27.131765961647034 19.764308236539364 38.015146248042583 8.7791730985045415 89.750757537782192 16.449666202068329 89.34920497238636 94.383367776870728 86.36235499382019 26.710584416985512 5.5277261063456562 89.621564418077469 584.2939086779952 43.413338508456945 45.248310834169388 31.866826362907887 15.241076059639452 14.727474436163901 20.29653961956501 28.357215538620949 6.428045615553855 11.134519346058367 62.199101720005274 51.262054294347763 8.5295019894838315 35.489497642964125 32.340184960514307 35.505829762667418 14.07221097499132
leaf_count=30 504 275 148 357 51 646 77 383 811 390 181 41 1473 10567 251 194 294 95 152 165 117 31 54 604 228 37 379 305 368 79
internal_value=0 -0.0174544 -0.0285518 -0.000557909 -0.0075401 0.0234501 0.0376506 0.0304119 0.0217939 0.0176212 0.00532281 -0.0392824 -0.0222633 -0.0415488 0.00709268 -0.0146463 -0.0445924 0.0132158 0.0342167 0.0352237 0.0295987 -0.00585812 0.00587063 -0.00144175 0.0166914 -0.0129235 0.00449374 0.0135186 -0.0373638 -0.0110191
internal_weight=0 1190.84 936.711 259.564 239.8 254.13 561.346 446.652 357.303 340.853 254.491 677.147 178.384 656.892 164.379 139.632 616.161 53.2562 20.2552 61.4159 114.859 120.966 93.8339 87.4058 86.5021 35.2401 40.7309 41.1194 125.127 76.2713
internal_count=19287 16365 14425 2962 2814 1940 2922 2418 2035 1958 1568 11463 2293 11270 1294 1005 10861 452 193 521 563 1043 768 737 446 218 409 356 1841 683
is_linear=0
shrinkage=0.05


Tree=22
num_leaves=31
num_cat=0
split_feature=11 0 8 0 5 3 5 8 8 8 6 10 4 9 10 9 0 5 6 9 6 5 9 10 10 6 5 8 4 4
split_gain=401.73 220.845 79.8065 64.5268 62.5711 49.7016 43.8749 29.4473 29.4082 27.8942 27.6713 26.3792 29.5553 32.668 26.2125 25.044 27.9701 26.713 21.9225 17.5982 17.1019 16.9844 16.5018 16.7241 16.2037 15.9016 15.5755 14.9919 14.684 14.4862
threshold=1.0000000180025095e-35 294.9088829333943 0.17464724615369837 623.01225069308225 54.350451386058829 32.87765829981862 72.854643486268159 0.30654995453809053 0.10968162222283069 0.18250410199163178 1.0000000180025095e-35 1.5000000000000002 413.23037711599858 1.0000000180025095e-35 1.0000000180025095e-35 1.0000000180025095e-35 394.9827415049736 69.734370565269089 1.0000000180025095e-35 1.0000000180025095e-35 1.0000000180025095e-35 82.404682532486291 1.0000000180025095e-35 1.5000000000000002 1.0000000180025095e-35 1.0000000180025095e-35 146.89441876424289 0.1067134756863716 297.34001363167687 424.90480886809797
decision_type=2 2 2 2 2 2 2 2 2 2 2 2 2 2 2 2 2 2 2 2 2 2 2 2 2 2 2 2 2 2
left_child=1 4 3 6 9 24 14 22 15 18 -8 12 13 21 27 16 17 -7 -1 -12 -9 -4 -6 -24 -2 -23 -5 -3 -22 -21
right_child=5 2 11 26 7 8 10 20 -10 -11 19 -13 -14 -15 -16 -17 -18 -19 -20 29 28 25 23 -25 -26 -27 -28 -29 -30 -31
leaf_value=0.081780004427483247 -0.0085462514651903701 -0.025686024457173953 0.053400061097959944 0.071949905245602408 -0.05052468196641588 0.069796373058302927 0.029187417121917456 0.075017453303588638 0.054598466882194163 0.0433947390620174 -0.043819674100036274 0.10955740865155648 0.067166393067841654 0.05600784560763368 0.076443816582902613 0.056967096923287566 0.05376079138263079 -0.0032606139009921913 -0.027913724289676069 -0.024745479273721994 -0.025250399256238367 0.067589803242424765 -0.035025432852287861 0.033972474704391173 0.032116156648610304 -0.018737983599436982 0.020765363093152744 0.056724005436516081 0.060714968002102236 0.032620562353522599
leaf_weight=5.0524467229843131 74.737201847136021 19.84595395997167 12.194751702249048 21.329283140599728 390.26516937837005 14.283536970615385 19.547806803137064 5.4226971864700309 229.61622986197472 30.304952282458544 128.16859337687492 11.484430994838474 41.576771553605795 37.836250923573971 16.84173795580864 57.808418959379196 41.294409215450287 100.90581826865673 46.240860302001238 46.569670710712671 55.9326126947999 5.8653627485036841 122.92887748405337 9.4580914899706823 36.448401726782322 58.918614711612463 49.02501567453146 7.6444471329450598 5.4516522735357276 14.410148747265337
leaf_count=30 507 158 67 100 7883 59 147 44 1057 209 2124 83 220 214 108 240 179 626 569 462 708 39 1839 134 241 674 318 48 30 79
internal_value=0 -0.0170263 0.00844648 -0.00607364 -0.0356741 0.0346782 -0.0178508 -0.0413546 0.0421659 0.00536176 -0.027447 0.0364168 0.0310458 0.0179659 0.0273234 0.0288444 0.0184552 0.00579849 -0.0171088 -0.0332999 -0.0100967 -0.000732369 -0.0453501 -0.030096 0.00478353 -0.0109221 0.036283 -0.00276969 -0.0176157 -0.0111893
internal_weight=0 1162.32 491.259 323.383 671.057 555.094 253.028 589.459 443.908 81.5983 208.696 167.876 156.392 114.815 44.3321 214.292 156.484 115.189 51.2933 189.148 66.807 76.9787 522.652 132.387 111.186 64.784 70.3543 27.4904 61.3843 60.9798
internal_count=19196 16287 4841 3544 11446 2909 3126 10638 2161 808 2812 1297 1214 994 314 1104 864 685 599 2665 782 780 9856 1973 748 713 418 206 738 541
is_linear=0
shrinkage=0.05


Tree=23
num_leaves=31
num_cat=0
split_feature=11 0 8 0 5 10 7 6 6 9 8 7 0 5 10 7 0 9 8 4 5 9 5 8 9 0 4 4 8 8
split_gain=369.818 198.835 79.0489 55.8631 48.5118 46.6671 39.6941 48.2204 39.4101 43.353 40.1039 35.8885 33.1903 30.2364 29.3714 28.376 28.1464 25.0809 20.1414 19.5943 19.4995 19.0497 18.0866 18.2551 20.6726 17.4846 16.5178 16.2111 16.0462 15.9809
threshold=1.0000000180025095e-35 406.58467111620172 0.24049502789834709 231.12470763428826 104.46919254021928 1.0000000180025095e-35 1.0000000180025095e-35 1.0000000180025095e-35 1.0000000180025095e-35 1.0000000180025095e-35 0.25287549080952915 1.0000000180025095e-35 205.22117957630266 20.77858595524712 1.0000000180025095e-35 1.5000000000000002 680.46374583134912 1.0000000180025095e-35 0.067624722480447014 256.53611719696772 50.956593912618509 1.0000000180025095e-35 160.74231115795581 0.19667434382226454 1.0000000180025095e-35 239.88092320009847 127.19406226566473 118.38923036130409 0.096659167035345731 0.17960047533826948
decision_type=2 2 2 2 2 2 2 2 2 2 2 2 2 2 2 2 2 2 2 2 2 2 2 2 2 2 2 2 2 2
left_child=1 2 4 8 12 16 7 -4 -2 10 11 20 -1 -9 -14 -6 17 -3 -7 22 -10 -15 -5 24 -24 -17 -23 -8 -11 -18
right_child=3 5 6 19 15 18 27 13 9 28 -12 -13 14 21 -16 25 29 -19 -20 -21 -22 26 23 -25 -26 -27 -28 -29 -30 -31
leaf_value=-0.03526551705439835 0.098772696121837797 -0.02096957459208067 0.077542453086360472 0.068316753838153998 -0.047005483205577236 0.0097279594773300899 0.012992754178228311 0.080751666115725554 0.036908756045676526 0.0207602704828415 0.044885406329224602 0.026298287215594757 -0.01161992332347845 -0.04149498479321969 0.057006621383263505 -0.032910354112296779 0.014594086959419498 0.02439583151967592 0.057895781004891969 0.069115557421882828 -0.033859197182801191 -0.02894262010541325 0.0087135739700721082 0.062355714767273751 0.061750471453133775 0.065486584351425972 0.040893898949083761 0.077403743097979316 0.066141114230636053 0.075087088774788077
leaf_weight=70.385683082044125 14.141304805874823 104.04663928970695 13.35326726734638 43.091777876019478 498.72509642317891 30.300036985427141 20.001313380897045 6.7041881307959548 10.813917592167853 37.078774556517601 40.262475475668907 45.086501061916351 41.828206423670053 82.149632643908262 24.856252461671829 8.9379758834838885 29.814660653471947 43.082960721105337 76.489705957472324 84.406086593866348 97.469469502568245 18.540504645556211 80.79774221777916 35.305577918887138 23.780508518218994 9.1228534728288633 15.583530090749262 19.09425837919116 41.038230538368225 17.22534154728055
leaf_count=966 67 1131 108 188 10037 260 222 43 45 158 175 216 405 1237 204 110 159 264 547 370 862 215 405 149 99 60 100 130 171 81
internal_value=0 -0.017132 -0.0297658 0.0327584 -0.0377618 0.0176799 3.71748e-05 -0.0126994 0.0173935 0.0131587 0.00047402 -0.0111848 -0.0113173 -0.0224981 0.0139602 -0.0447759 0.00307849 -0.00768553 0.0442289 0.0491869 -0.0267918 -0.0284513 0.0399938 0.0312688 0.0207739 0.0167917 0.00294984 0.0444511 0.0446008 0.0367457
internal_weight=0 1130.24 829.283 553.272 653.856 300.959 175.427 136.331 285.891 271.749 193.632 153.37 137.07 122.978 66.6845 516.786 194.17 147.13 106.79 267.382 108.283 116.274 182.976 139.884 104.578 18.0608 34.124 39.0956 78.117 47.04
internal_count=19184 16279 13837 2905 11782 2442 2055 1703 1694 1627 1298 1123 1575 1595 609 10207 1635 1395 807 1211 907 1552 841 653 504 170 315 352 329 240
is_linear=0
shrinkage=0.05


Tree=24
num_leaves=31
num_cat=0
split_feature=11 4 7 5 6 0 6 7 8 5 8 8 5 10 6 7 6 5 0 0 3 10 0 0 7 8 0 0 0 8
split_gain=342.272 195.248 62.5505 61.6404 49.9814 47.8969 45.139 52.6469 47.3194 46.5623 41.4432 34.7358 31.6636 30.6966 23.4082 23.0513 23.6099 20.4374 20.0314 19.8664 17.7364 16.7138 16.621 14.8302 14.8284 14.0164 13.9435 13.9221 13.8615 13.6885
threshold=1.0000000180025095e-35 202.5222388822545 1.0000000180025095e-35 114.6425151868232 1.0000000180025095e-35 363.57042018080693 1.0000000180025095e-35 1.0000000180025095e-35 0.22527420489448663 82.404682532486291 0.18605031885911047 0.24049502789834709 143.22014379982554 1.5000000000000002 1.0000000180025095e-35 1.5000000000000002 1.0000000180025095e-35 131.8323138609675 490.73192420107256 214.26605214577887 39.305227320173948 1.0000000180025095e-35 640.9583196547203 255.00592583773303 1.0000000180025095e-35 0.30195761175618901 294.9088829333943 69.744278740386861 247.09723781949518 0.18402512956117631
decision_type=2 2 2 2 2 2 2 2 2 2 2 2 2 2 2 2 2 2 2 2 2 2 2 2 2 2 2 2 2 2
left_child=1 3 4 11 -3 6 -2 8 9 -8 12 14 22 20 -1 16 19 -12 -19 -5 -11 -16 -6 -23 -13 -18 -4 -10 -27 -21
right_child=5 2 26 15 10 -7 7 -9 27 13 17 24 -14 -15 21 -17 25 18 -20 29 -22 23 -24 -25 -26 28 -28 -29 -30 -31
leaf_value=0.04788919865318414 0.08977569757484806 0.058180313886662574 0.0099754037659225154 -0.039678472696049766 -0.0056890179664831229 0.058880146132567937 0.047942730057696219 0.051353202241124413 -0.010998374729176514 -0.040160842053012402 0.067152127729319222 0.017524428551155779 -0.034882851946414217 0.064662647454741262 -0.039970413564008288 0.015192012838964864 -0.049505835252953781 -0.014566808609257742 0.036416795067886379 -0.0010049542615358955 -0.0063113746777707855 -0.021297217417668761 0.057427838140577447 0.044377537445400274 0.089948910617328473 -0.041167672729282366 0.053886124545517868 0.052591515409428802 0.010509759882850852 0.088385386355965712
leaf_weight=11.737564399838446 24.167742699384689 32.114225164055824 23.366915468126535 20.52459579706192 41.104328613728285 120.85350702702999 40.19923323392868 98.830650970339775 9.9145064651966077 54.234371326863766 17.924901477992535 30.908428773283958 130.44322901964188 12.5757550150156 75.498789105564356 17.432096675038338 418.46016692742705 43.615125194191933 34.509854361414909 11.654421653598549 135.10205464810133 26.039125863462687 13.977434441447256 12.831904575228689 9.1625748574733716 37.086604710668325 79.886141382157803 65.283685684204102 19.95998277515173 6.7707201056182376
leaf_count=78 109 188 200 337 340 537 171 441 48 501 92 242 1793 78 1029 175 9122 429 213 148 777 363 64 109 48 566 482 278 188 54
internal_value=0 -0.0168797 0.0101932 -0.0330498 -0.000917677 0.0309979 0.0233449 0.0194868 0.00956161 -0.00119918 -0.00765793 -0.00646842 -0.0214601 -0.010983 -0.0193544 -0.0413546 -0.0432707 0.0190016 0.00795399 -0.00584507 -0.0160074 -0.0262554 0.0103274 0.000382995 0.0340849 -0.0463363 0.0439488 0.0442075 -0.0230863 0.0318435
internal_weight=0 1115.01 416.942 698.067 313.689 561.162 440.308 416.14 317.31 242.111 281.575 166.178 185.525 201.912 126.107 531.889 514.456 96.0499 78.125 38.9497 189.336 114.37 55.0818 38.871 40.071 475.507 103.253 75.1982 57.0466 18.4251
internal_count=19200 16260 3801 12459 3119 2940 2403 2294 1853 1527 2931 1869 2197 1356 1579 10590 10415 734 642 539 1278 1501 404 472 290 9876 682 326 754 202
is_linear=0
shrinkage=0.05


Tree=25
num_leaves=31
num_cat=0
split_feature=11 4 9 7 0 9 6 7 7 6 9 8 5 8 8 0 6 5 8 10 5 8 10 10 7 5 6 7 0 8
split_gain=318.294 197.732 71.2912 59.5863 50.4392 46.65 41.8679 36.3323 34.6337 32.5727 39.5901 37.6234 32.4115 30.8571 30.4657 33.7433 27.4269 25.5461 23.1983 22.8988 21.8666 21.2536 20.702 19.4096 16.5281 16.4858 17.9956 16.8413 16.297 16.1253
threshold=1.0000000180025095e-35 211.84670480765126 1.0000000180025095e-35 1.0000000180025095e-35 231.12470763428826 1.0000000180025095e-35 1.0000000180025095e-35 1.5000000000000002 1.0000000180025095e-35 1.0000000180025095e-35 1.0000000180025095e-35 0.25570061027820162 36.527792906342476 0.45491259551831259 0.36641356078293924 705.37169474384621 1.0000000180025095e-35 111.04897398867058 0.16826546378524729 1.0000000180025095e-35 45.178836935987896 0.051800994285479386 1.0000000180025095e-35 1.0000000180025095e-35 1.0000000180025095e-35 114.6425151868232 1.0000000180025095e-35 1.0000000180025095e-35 528.34784060779043 0.35808616204851484
decision_type=2 2 2 2 2 2 2 2 2 2 2 2 2 2 2 2 2 2 2 2 2 2 2 2 2 2 2 2 2 2
left_child=1 2 13 5 7 14 -4 9 17 -2 11 12 -11 25 15 16 -3 19 -10 -8 -18 -6 -14 -7 -12 26 -1 -28 -5 -19
right_child=4 3 6 28 21 23 8 -9 18 10 24 -13 22 -15 -16 -17 20 29 -20 -21 -22 -23 -24 -25 -26 -27 27 -29 -30 -31
leaf_value=0.035588330540098537 0.082477306776215412 0.028025015237015727 0.070113382098785579 0.030352414997756979 0.02145048251809592 0.011786105111671491 -0.018444074391624554 0.1127765810849608 -0.0021416328868285503 0.074705163596865409 0.027068917264024796 0.039956138651784684 -0.035850251539767307 0.028236544474444375 0.051101338177545634 0.027143601832040599 0.01358697061012952 -0.046634432662880927 0.073369410532501178 0.065355700891913379 -0.044820110418532531 0.054165021839432143 0.0061535290966650879 0.059127732966795091 0.086378840810035662 -0.049346121631336864 -0.04581251745197893 0.0009740464042558005 0.072478122711804885 0.029712526377401016
leaf_weight=10.271076574921606 15.591234311461447 18.686668369919062 16.3540049046278 65.768912326544523 66.126818045973778 55.512156691402197 25.451756250113249 9.3061044812202436 28.75005554780364 9.1773059815168363 60.497024282813072 37.595907747745514 91.643561974167824 15.081087425351141 17.042079910635948 32.903461843729019 18.628292165696621 85.867825355380774 15.739752862602471 11.993517901748417 114.65616922453046 199.20775910466909 43.144584573805332 35.493623897433281 14.576798409223555 379.0304423943162 75.366724625229836 25.824964605271816 35.271821685135365 7.5220216959714881
leaf_count=69 71 118 128 467 313 371 226 41 327 38 258 162 723 118 91 172 111 1641 121 93 1798 910 318 209 62 8604 1155 259 167 66
internal_value=0 -0.0163662 -0.0323649 0.0119491 0.0303703 0.00052852 -0.00639929 0.0156287 -0.0135363 0.0123076 0.00804466 -0.00458343 -0.0162147 -0.0422092 -0.0128673 -0.018764 -0.0287035 -0.0264951 0.0245729 0.00839654 -0.0366569 0.0460119 -0.0224052 0.0302501 0.0385849 -0.0443752 -0.0274715 -0.0338722 0.0450579 -0.0404851
internal_weight=0 1091.22 697.253 393.963 546.867 292.922 191.679 281.533 175.325 272.226 256.635 181.561 143.965 505.574 201.917 184.875 151.971 130.835 44.4898 37.4453 133.284 265.335 134.788 91.0058 75.0738 490.493 111.463 101.192 101.041 93.3898
internal_count=19207 16311 12807 3504 2896 2870 2602 1673 2474 1632 1561 1241 1079 10205 2290 2199 2027 2026 448 319 1909 1223 1041 580 320 10087 1483 1414 634 1707
is_linear=0
shrinkage=0.05


Tree=26
num_leaves=31
num_cat=0
split_feature=11 4 9 7 0 0 5 8 10 7 8 6 6 8 5 5 8 10 8 3 5 6 7 8 8 5 9 5 7 0
split_gain=275.865 176.798 64.1826 54.7735 54.6979 42.3314 38.6219 39.8581 38.431 35.5968 34.3034 33.7577 30.6362 24.8916 22.8266 20.9262 19.4638 19.0479 18.0408 18.9033 18.1393 17.4496 16.6148 17.9876 16.366 16.2587 16.002 18.4187 15.6132 13.85
threshold=1.0000000180025095e-35 197.93595438604038 1.0000000180025095e-35 1.0000000180025095e-35 231.12470763428826 640.9583196547203 45.178836935987896 0.17960047533826948 1.0000000180025095e-35 1.0000000180025095e-35 0.37740520634859709 1.0000000180025095e-35 1.0000000180025095e-35 0.13990183195000233 36.527792906342476 36.527792906342476 0.051800994285479386 1.0000000180025095e-35 0.30195761175618901 58.156984426515002 207.06372551566486 1.0000000180025095e-35 1.0000000180025095e-35 0.14630844413273014 0.12512323614736928 135.64076674203423 1.0000000180025095e-35 104.46919254021928 1.0000000180025095e-35 528.34784060779043
decision_type=2 2 2 2 2 2 2 2 2 2 2 2 2 2 2 2 2 2 2 2 2 2 2 2 2 2 2 2 2 2
left_child=1 2 10 5 8 6 -3 12 13 11 14 -4 -8 -2 21 -13 -6 -9 19 -11 -21 -1 23 -10 29 -12 27 -15 -29 -5
right_child=4 3 9 24 16 -7 7 17 22 18 25 15 -14 26 -16 -17 -18 -19 -20 20 -22 -23 -24 -25 -26 -27 -28 28 -30 -31
leaf_value=0.074727356721297752 -0.015048173469111317 0.046501154214691538 0.050193434834741792 0.0024733450902731879 0.0216300815733768 0.034453134891310633 0.02557789499789841 -0.0081591836122185245 0.0057215671565383052 -0.01555127968016567 0.069900874084536532 0.030193030909369523 -0.043184405571944723 0.069238249218250891 -0.048337117549946698 -0.035416917805920753 0.053019439492560272 0.042012054671496324 0.1163081042099402 0.11471262028950209 0.017992783281151069 -0.021733698592087968 0.075110416260920326 0.056215179695866646 0.059069920792885935 -0.012435946835740822 0.060347718483867552 -0.018674154482100105 0.045799346459714549 0.058330576053715055
leaf_weight=5.4481811076402655 109.28226888924837 26.770811483263969 15.600974835455416 34.924483176320791 66.006240278482437 68.05024528875947 18.797310039401054 50.361862886697054 41.340807005763054 19.219981707632542 8.3853148184716719 13.710469275712965 117.16229882463813 10.511787682771681 397.09953114390373 106.99876465648413 196.12962858378887 30.300195440649986 5.5668099075555793 7.6098094880580929 13.355247758328913 33.617464993149042 24.245591908693314 30.761977933347225 57.638514146208763 21.039023615419865 19.942248582839966 39.506255187094212 12.317824259400366 16.26653216779232
leaf_count=29 747 151 118 319 308 386 121 453 291 243 50 107 1840 44 9079 1821 905 233 29 46 128 431 108 151 315 245 84 239 56 83
internal_value=0 -0.0149934 -0.0313817 0.0102615 0.0285913 -0.000408772 -0.0101558 -0.0171577 0.0135463 -0.00621069 -0.0412244 -0.0190194 -0.0336776 0.000590888 -0.0447494 -0.0279648 0.0451155 0.0106873 0.0319508 0.0202649 0.0530997 -0.00828103 0.0393045 0.0272642 0.040797 0.0110283 0.0213628 0.00889087 -0.00334975 0.0202226
internal_weight=0 1067.92 647.652 420.272 550.045 311.443 243.392 216.622 287.909 182.062 465.59 136.31 135.96 191.56 436.165 120.709 262.136 80.6621 45.7518 40.185 20.9651 39.0656 96.3484 72.1028 108.83 29.4243 82.2781 62.3359 51.8241 51.191
internal_count=19160 16227 12326 3901 2933 3184 2798 2647 1720 2492 9834 2046 1961 1170 9539 1928 1213 686 446 417 174 460 550 442 717 295 423 339 295 402
is_linear=0
shrinkage=0.05


Tree=27
num_leaves=31
num_cat=0
split_feature=11 0 8 5 7 0 6 3 0 10 5 6 7 8 6 9 7 5 5 8 8 6 10 8 10 10 8 9 7 0
split_gain=243.668 178.467 76.4544 50.5334 46.5864 42.7895 41.546 45.5022 41.1041 38.0448 33.0874 31.1775 30.8722 30.1124 31.1702 36.8807 28.2781 27.3962 27.1415 26.2847 21.9067 21.3879 19.6696 16.8232 16.794 16.6604 15.8934 15.7757 17.1975 18.0691
threshold=1.0000000180025095e-35 224.0334013792409 0.11846827626371521 167.75028367864016 1.5000000000000002 321.35811515477252 1.0000000180025095e-35 175.2407122815205 553.84129387782059 1.0000000180025095e-35 76.412503577062253 1.0000000180025095e-35 1.5000000000000002 0.32074097985257727 1.0000000180025095e-35 1.0000000180025095e-35 1.0000000180025095e-35 26.633911164646587 121.09753853507672 0.32074097985257727 0.23546546827778939 1.0000000180025095e-35 1.0000000180025095e-35 0.040925404874070488 1.0000000180025095e-35 1.0000000180025095e-35 0.020916004264648656 1.0000000180025095e-35 1.0000000180025095e-35 705.37169474384621
decision_type=2 2 2 2 2 2 2 2 2 2 2 2 2 2 2 2 2 2 2 2 2 2 2 2 2 2 2 2 2 2
left_child=1 18 4 24 8 9 -5 12 11 10 -2 23 20 14 -12 16 -16 25 19 21 -8 -1 -22 -3 -4 -13 -11 28 29 -9
right_child=5 2 3 6 -6 -7 7 27 -10 26 13 17 -14 -15 15 -17 -18 -19 -20 -21 22 -23 -24 -25 -26 -27 -28 -29 -30 -31
leaf_value=0.040838579180076377 0.054160090369688711 -0.035141522466591739 0.035823767117851464 0.077117685945827352 0.08449607051805022 0.050288776897062661 -0.042524416840923701 -0.023144132327639733 0.015516822710913016 -0.012755447940666964 0.073466035626599188 -0.017201294471546735 0.11341607105851777 0.059837451253019494 -0.038778352521822101 0.023988897313979407 0.010979902629049555 -0.041813314220422573 -0.045174492598017028 0.046356448825065753 -0.021800817387391355 -0.034884572768937298 0.0380498970426702 0.054895077595842667 0.08066745216068251 0.085918379399339606 0.046328595379697586 0.060873815239219781 0.056555596033991899 0.049145614601286393
leaf_weight=10.557386539876459 33.364720091223717 7.7663769386708763 57.848431788384914 19.909165605902672 11.326640993356703 149.83618883788586 63.397164788097143 29.972961522638798 66.285843171179295 12.581440351903437 11.959345519542692 9.258891813457014 4.3539308011531821 19.707929939031601 95.313765145838261 57.157547920942307 40.765922486782074 176.40526521205902 332.142752263695 14.552574977278708 38.232055481523275 79.885338235646486 21.418132591992617 15.62814826518297 32.668482225388288 6.7889030128717414 119.38490748405457 27.396474950015545 17.600570119917393 12.147512465715407
leaf_count=70 145 72 411 134 71 691 1163 332 457 75 54 88 29 84 763 245 190 3143 7704 95 437 1248 217 125 207 44 633 132 85 60
internal_value=0 -0.0137163 0.00356933 0.0202766 -0.0149304 0.0275761 0.00802435 0.0016119 -0.018922 0.0188553 0.00769567 -0.029498 -0.0174304 0.00080265 -0.0048673 -0.0097153 -0.0238721 -0.0361234 -0.0381696 -0.0160104 -0.0220603 -0.0260454 -0.000310683 0.0250053 0.0520083 0.0264227 0.0406956 0.0294595 0.0150485 -0.00229582
internal_weight=0 1055.54 618.405 324.945 293.46 540.072 234.428 214.519 282.133 390.236 258.269 215.848 127.401 224.905 205.197 193.237 136.08 192.453 437.138 104.995 123.047 90.4427 59.6502 23.3945 90.5169 16.0478 131.966 87.1175 59.721 42.1205
internal_count=19204 16324 7207 3207 4000 2880 2589 2455 3929 2189 1481 3472 1846 1336 1252 1198 953 3275 9117 1413 1817 1318 654 197 618 132 708 609 477 392
is_linear=0
shrinkage=0.05


Tree=28
num_leaves=31
num_cat=0
split_feature=11 0 5 10 9 0 5 6 8 7 8 4 7 9 7 4 9 4 7 3 8 9 5 9 0 4 8 10 4 10
split_gain=234.869 160.723 58.6076 56.0458 39.1648 38.8001 42.7815 37.5507 41.0323 38.6526 33.8404 30.8262 28.0672 26.9233 23.5498 23.5308 23.0431 22.7955 21.3938 20.449 19.2902 17.9929 16.4998 16.1917 16.7314 16.1412 16.1185 15.9051 15.5382 16.0455
threshold=1.0000000180025095e-35 324.0488061421803 131.8323138609675 1.0000000180025095e-35 1.0000000180025095e-35 360.41089205754668 143.22014379982554 1.0000000180025095e-35 0.23282356440462168 1.0000000180025095e-35 0.20113311776375345 437.92023169105488 1.0000000180025095e-35 1.0000000180025095e-35 1.5000000000000002 60.669622756413794 1.0000000180025095e-35 245.83366822610969 1.5000000000000002 219.29143956422618 0.17960047533826948 1.0000000180025095e-35 66.250456536174454 1.0000000180025095e-35 129.47050620679087 68.564141821637222 0.097762074891255948 1.5000000000000002 68.01730353967146 1.0000000180025095e-35
decision_type=2 2 2 2 2 2 2 2 2 2 2 2 2 2 2 2 2 2 2 2 2 2 2 2 2 2 2 2 2 2
left_child=1 2 10 4 11 6 -2 -8 9 13 21 14 17 19 -3 -12 -4 22 20 -9 -18 -1 -5 24 -11 -23 -19 -14 -22 -30
right_child=5 3 16 12 -6 -7 7 8 -10 23 15 -13 27 -15 -16 -17 18 26 -20 -21 28 25 -24 -25 -26 -27 -28 -29 29 -31
leaf_value=-0.035789573381933358 0.049303249608772796 -0.033624339685086685 -0.046746990124447885 0.055349406095515488 0.025351222075492799 0.051930439178844948 0.082343714007641455 -0.032777775601927045 0.040943303267200283 -0.022738025705080191 -0.018471233715719289 0.014518790456156703 0.053554927038885737 0.013417348345189831 0.087478958362939091 0.048207798700694832 -0.041021240430475024 0.0097726226903354294 0.079127340512625072 0.05055231364315025 -0.043084291724577284 -0.035283581326319931 -0.023462467166278506 0.078457768933154856 0.037343115119105812 0.034103255250940066 0.058608061147524197 0.13003892815675039 -0.0055152957333533181 0.072492327608533608
leaf_weight=73.694367814809084 93.327752456068993 126.53403412923217 328.17927152663469 8.3149175122380239 79.931809682399035 115.90555147826672 17.513357937335968 115.83928925544024 70.144035473465919 17.226880460977554 20.128261364996433 56.13511723279953 27.856131784617901 59.638126060366631 4.1458865702152243 38.613632056862116 74.191682755947113 28.06167034804821 5.0844283923506728 7.8618721216917029 13.472121328115461 13.577606536448 32.988656334578991 13.83772526681423 35.398239403963089 21.901273168623447 42.465489409863949 8.991272706538437 18.734206158667806 10.170904986560343
leaf_count=1245 427 1733 8131 52 539 541 78 989 307 91 198 413 180 254 25 280 1479 239 37 33 230 160 518 61 151 168 281 55 190 100
internal_value=0 -0.0142756 -0.0304476 0.00977258 -0.00393842 0.0262505 0.0193412 0.0110548 0.0071526 -0.00233577 -0.00524055 -0.0164705 0.0343718 -0.0141777 -0.0297823 0.0253598 -0.039857 0.0219017 -0.02127 -0.0274817 -0.0256491 -0.0217054 -0.00759667 0.0303305 0.0176755 0.00754923 0.0391772 0.0722181 0.00126368 0.0219334
internal_weight=0 1033.17 617.748 415.425 266.747 546.693 430.787 337.46 319.946 249.802 167.915 186.815 148.678 183.339 130.68 58.7419 449.833 111.831 121.653 123.701 116.569 109.173 41.3036 66.4628 52.6251 35.4789 70.5272 36.8474 42.3772 28.9051
internal_count=19185 16253 12218 4035 2710 2932 2391 1964 1886 1579 2051 2171 1325 1276 1758 478 10167 1090 2036 1022 1999 1573 570 303 242 328 520 235 520 290
is_linear=0
shrinkage=0.05


Tree=29
num_leaves=31
num_cat=0
split_feature=11 3 6 9 5 5 4 6 5 8 7 8 8 0 9 10 10 0 7 8 8 7 8 4 9 8 0 8 10 9
split_gain=233.738 139.056 55.8195 50.3712 50.2768 44.4921 41.1141 35.2845 37.8782 39.5795 36.1882 34.2723 29.9527 27.5978 22.6449 23.7674 21.9422 19.2309 19.4334 19.1687 18.7483 18.5807 17.341 17.6304 16.6428 17.9897 16.6348 15.3889 15.3288 14.1796
threshold=1.0000000180025095e-35 99.183585630718667 1.0000000180025095e-35 1.0000000180025095e-35 114.6425151868232 131.8323138609675 197.93595438604038 1.0000000180025095e-35 157.52663092164616 0.18756670303167688 1.0000000180025095e-35 0.32549435132716659 0.18250410199163178 827.96897245814819 1.0000000180025095e-35 1.5000000000000002 1.5000000000000002 623.01225069308225 1.0000000180025095e-35 0.22527420489448663 0.043994934275872179 1.0000000180025095e-35 0.17960047533826948 124.02569848779112 1.0000000180025095e-35 0.07011338158810268 464.10412329640269 0.45491259551831259 1.0000000180025095e-35 1.0000000180025095e-35
decision_type=2 2 2 2 2 2 2 2 2 2 2 2 2 2 2 2 2 2 2 2 2 2 2 2 2 2 2 2 2 2
left_child=1 4 20 5 12 26 7 -2 -9 10 16 13 -1 -7 27 22 24 18 19 28 -3 -14 -16 -24 -10 -26 -4 -6 -5 -12
right_child=6 2 3 17 14 11 -8 8 9 -11 29 -13 21 -15 15 -17 -18 -19 -20 -21 -22 -23 23 -25 25 -27 -28 -29 -30 -31
leaf_value=-0.02457960058252591 0.083663487263267333 -0.0016794474403802183 -0.00091597544230524785 -0.034589677606467251 -0.050254056611947928 -0.037417402740424814 0.04906228294187976 0.042744825749719363 -0.040052301494984704 0.03283386219777152 0.013867894598837647 0.027738352003235045 0.0076059286193561216 0.040584767291942034 -0.044077814358853162 0.057571289923238483 0.046918206035085286 0.063825900305823857 0.04824761945784329 0.040676055238002787 0.078577582566245391 0.078521090579422859 -0.023321575770979215 0.052788714333126568 -0.032708132628734163 0.031937305661662314 0.044804439064296903 0.014124141919561831 0.019910671815086951 0.076475854280643379
leaf_weight=84.058326404541731 19.326591059565544 9.3901882804930192 44.282469723373652 33.850065160542727 283.17432891204953 167.70848916098475 144.22971764206886 89.166142117232084 83.274051059037447 89.186060816049576 42.298039823770523 27.554877962917089 42.124998021870852 12.16201627999544 63.884931422770023 8.7490134574472886 10.907199315726755 25.806512646377087 32.635596476495266 22.891929175704718 32.330942943692207 11.831083364784716 25.863218676298857 10.780272133648394 22.498109459877014 20.630236640572548 36.123947940766811 9.5971804559230787 20.847828283905983 11.503092363476751
leaf_count=1258 88 67 396 338 7774 2689 683 416 776 414 197 187 379 57 1346 138 69 118 168 118 189 67 393 100 96 88 199 88 164 51
internal_value=0 -0.0146927 0.00533194 -9.96699e-05 -0.0319558 -0.0119491 0.0262629 0.0178049 0.0143599 0.00533024 -0.00750494 -0.0241884 -0.00591772 -0.0321433 -0.0408941 -0.0214711 -0.0211243 0.0249728 0.0158763 0.00226041 0.0605141 0.0231557 -0.0283502 -0.000930433 -0.0269956 -0.0017853 0.0196247 -0.0481437 -0.0138171 0.027254
internal_weight=0 1005.65 465.585 423.864 540.063 287.832 533.019 388.79 369.463 280.297 191.111 207.425 138.014 179.871 402.049 109.277 137.31 136.032 110.225 77.5898 41.7211 53.9561 100.528 36.6435 126.402 43.1283 80.4064 292.772 54.6979 53.8011
internal_count=19111 16233 4690 4434 11543 3528 2878 2195 2107 1691 1277 2933 1704 2746 9839 1977 1029 906 788 620 256 446 1839 493 960 184 595 7862 502 248
is_linear=0
shrinkage=0.05


Tree=30
num_leaves=31
num_cat=0
split_feature=4 9 7 6 6 7 8 8 7 4 5 5 7 5 10 5 7 0 8 10 10 0 3 8 8 8 10 3 5 8
split_gain=137.445 67.1947 51.4001 44.3178 41.6319 42.4669 39.7274 31.0661 25.218 22.5225 19.0339 16.9931 16.991 15.0635 16.1825 14.6909 14.5186 14.4262 14.3056 14.0603 14.0311 12.3686 12.2973 12.7963 11.3309 11.2719 11.0107 11.5551 9.70449 9.52032
threshold=156.91533456208222 1.0000000180025095e-35 1.0000000180025095e-35 1.0000000180025095e-35 1.0000000180025095e-35 1.5000000000000002 0.095585063359161768 0.17960047533826948 1.0000000180025095e-35 413.23037711599858 111.04897398867058 85.852756475344464 1.5000000000000002 107.51752735086231 1.5000000000000002 76.412503577062253 1.0000000180025095e-35 911.89367059962524 0.07011338158810268 1.5000000000000002 1.0000000180025095e-35 84.718706516444612 219.29143956422618 0.25287549080952915 0.066823748389320883 0.39930532671204416 1.5000000000000002 27.601046486470768 39.467913342837079 0.08361218794231666
decision_type=2 2 2 2 2 2 2 2 2 2 2 2 2 2 2 2 2 2 2 2 2 2 2 2 2 2 2 2 2 2
left_child=1 4 3 29 24 7 17 15 10 11 -3 -8 13 -4 22 -6 21 20 -12 25 -5 -9 23 -15 -1 -13 27 -20 -22 -2
right_child=2 8 12 6 5 -7 9 16 -10 -11 18 19 -14 14 -16 -17 -18 -19 26 -21 28 -23 -24 -25 -26 -27 -28 -29 -30 -31
leaf_value=-0.022371525308366134 0.026061199475110215 0.028112033142855444 0.068413420217111831 -0.026844964538409941 -0.014832179494796158 0.04869658401936771 0.039030367262469022 -0.04769037120024458 0.03970695616372432 0.039063233734751936 -0.03246014064170135 -0.0066141402620338956 0.080942799698854373 0.0015923356104959128 0.088687143335035648 -0.042540394301292889 0.015681486241628861 0.070586590556150811 -0.03300638573888736 0.051664934506586907 0.064160992027340005 -0.012164375077717967 0.04693866379111232 0.057178320457768474 0.036166244647882123 0.041441775174014574 0.060010840855616976 0.0088188407096122055 -0.0038959553718164288 0.070640782828263513
leaf_weight=10.760522432625292 19.739483091980219 45.048086035996675 26.067403290420771 117.3160878829658 57.19574099779129 18.066809646785259 35.009401999413967 30.976555429399014 51.621881850063801 74.179441031068563 44.908424615859985 155.42610574886203 22.153971672058105 65.861376453191042 9.6200867444276792 292.38964681699872 36.324467413127422 4.8797686249017707 23.165578719228506 12.724063616245983 5.747263938188552 117.18485394492745 32.472803756594658 12.284887339919804 35.670200176537037 13.241899367421864 7.5347362235188475 57.507277492433786 59.116466376930475 30.451660118997097
leaf_count=166 131 340 141 1442 696 175 208 505 453 500 635 1713 115 555 63 6450 420 22 334 119 32 1639 174 75 353 79 81 732 677 172
internal_value=0 -0.0140491 0.016089 0.00841436 -0.0228724 -0.0266963 0.00371786 -0.0292468 0.00893487 0.0152875 1.88638e-05 0.00713755 0.0401357 0.0339566 0.0264865 -0.038007 -0.0126467 -0.0142546 -0.00948821 0.000982103 -0.0165271 -0.0195919 0.0210771 0.0103307 0.0225999 -0.00284133 0.00220731 -0.00319146 0.00213424 0.0531082
internal_weight=0 828.355 696.292 527.832 598.569 552.138 477.64 534.071 229.786 290.581 178.164 216.401 168.461 146.307 120.239 349.585 184.486 187.06 133.116 181.392 182.18 148.161 110.619 78.1463 46.4307 168.668 88.2076 80.6729 64.8637 50.1911
internal_count=19197 12979 6218 5095 10404 9885 4792 9710 2575 2619 2122 2119 1123 1008 867 7146 2564 2173 1782 1911 2151 2144 804 630 519 1792 1147 1066 709 303
is_linear=0
shrinkage=0.05


Tree=31
num_leaves=31
num_cat=0
split_feature=11 0 9 8 7 0 0 5 6 8 7 5 4 8 4 5 9 8 6 7 10 10 5 8 10 6 3 9 6 5
split_gain=214.176 135.252 86.0952 48.6851 38.5069 38.3879 37.2356 25.7966 25.1773 24.6861 24.4674 26.7357 22.4549 24.3544 22.154 22.5319 21.6353 21.9275 24.1475 30.7985 21.4083 19.8011 18.1302 18.0536 16.7592 15.1646 15.4519 15.0621 14.9324 13.5188
threshold=1.0000000180025095e-35 205.22117957630266 1.0000000180025095e-35 0.23546546827778939 1.5000000000000002 623.01225069308225 135.988274271542 66.250456536174454 1.0000000180025095e-35 0.29818974227332889 1.0000000180025095e-35 146.89441876424289 437.92023169105488 0.21832733475172797 252.98999883371349 82.404682532486291 1.0000000180025095e-35 0.29818974227332889 1.0000000180025095e-35 1.0000000180025095e-35 1.0000000180025095e-35 1.5000000000000002 139.14043867487231 0.23282356440462168 1.0000000180025095e-35 1.0000000180025095e-35 169.06560884661241 1.0000000180025095e-35 1.0000000180025095e-35 143.22014379982554
decision_type=2 2 2 2 2 2 2 2 2 2 2 2 2 2 2 2 2 2 2 2 2 2 2 2 2 2 2 2 2 2
left_child=1 9 3 4 5 7 21 -3 -4 -1 11 -10 13 -13 15 -8 17 18 -17 24 25 22 -2 28 -20 -5 -27 -11 -24 -7
right_child=6 2 8 20 -6 29 14 -9 10 27 -12 12 -14 -15 -16 16 -18 -19 19 -21 -22 -23 23 -25 -26 26 -28 -29 -30 -31
leaf_value=-0.04414788092851471 0.032446959059183676 -0.00084539368877091276 0.086007692775715683 0.081878137546257043 0.060790107416752781 0.047237970981989563 0.063402326936778428 -0.041771780579791251 0.046336684370019185 -0.024840919929375958 0.051405597829377675 -0.037708336211041027 0.039054397334793101 0.022949953307202547 0.05565180197232366 0.082442459511215316 0.048919762304892978 0.06667775620294672 -0.022286192837965894 0.039393821677018354 0.046314581981792842 0.072569627882003968 0.048032940614288297 0.02555560540023652 0.016272082918843141 -0.028655253763209033 0.021754116514471844 0.033638755039196631 -0.029090131370759373 -0.004951142752691969
leaf_weight=302.23586207441986 31.674184240400791 47.270506627857685 16.532629810273647 5.1835722662508479 13.417356271296738 17.49074799567461 37.338661298155785 207.59513873420656 37.55002486333251 35.433251667767763 50.186405099928379 48.39345470815897 23.636620059609413 25.146177615970373 88.785621851682663 10.457647219300268 57.097201779484749 17.943571269512177 80.372569032013416 45.363353580236435 38.883734662085772 9.8735180497169477 6.8670924305915824 25.947030365467072 43.397677719593048 35.614414673298597 26.523577757179737 15.974815361201761 72.945340100675821 42.704216498881578
leaf_count=7593 142 410 93 31 88 83 177 4442 237 571 300 722 126 171 435 46 255 79 525 195 317 58 31 115 240 483 162 147 600 306
internal_value=0 -0.0139104 -0.000129319 -0.0126515 -0.0221663 -0.0256991 0.0255223 -0.0341811 0.0268913 -0.0386996 0.0216058 0.0105052 -0.00334052 -0.0169668 0.0337807 0.0271299 0.021811 0.0139753 0.00870957 0.00415061 0.0167766 0.00417629 -0.000737227 -0.0106756 -0.00876647 -0.000284037 -0.00713803 -0.00666864 -0.0224544 0.0102134
internal_weight=0 989.773 636.129 434.683 328.478 315.061 528.063 254.866 201.445 353.644 184.913 134.726 97.1763 73.5396 380.756 291.971 254.632 197.535 179.591 169.134 106.205 147.307 137.434 105.759 123.77 67.3216 62.138 51.4081 79.8124 60.195
internal_count=19180 16282 7971 6322 5329 5241 2898 4852 1649 8311 1556 1256 1019 893 1952 1517 1340 1085 1006 960 993 946 888 746 765 676 645 718 631 389
is_linear=0
shrinkage=0.05


Tree=32
num_leaves=31
num_cat=0
split_feature=11 3 9 0 8 5 10 5 5 4 8 8 9 6 5 10 8 6 4 5 8 9 3 3 3 4 8 6 0 0
split_gain=181.889 124.826 61.5027 40.9323 39.5762 35.1355 33.1901 27.5655 26.9376 26.2531 23.2795 19.6922 20.1994 19.4303 18.5745 18.3307 18.097 16.4053 21.1432 16.1882 15.463 14.5858 13.8744 13.7888 13.4861 13.2903 13.2386 12.954 12.427 11.687
threshold=1.0000000180025095e-35 88.594652337859159 1.0000000180025095e-35 363.57042018080693 0.11846827626371521 107.51752735086231 1.0000000180025095e-35 139.14043867487231 82.404682532486291 452.75965212052921 0.12985840016300579 0.33668849324947742 1.0000000180025095e-35 1.0000000180025095e-35 143.22014379982554 1.5000000000000002 0.34976421806381913 1.0000000180025095e-35 353.56221348967688 26.633911164646587 0.24980761144193478 1.0000000180025095e-35 17.456985585725668 24.921707282071484 50.466285055954565 74.416810373179771 0.48630674657002987 1.0000000180025095e-35 410.74290287154946 768.91860587039787
decision_type=2 2 2 2 2 2 2 2 2 2 2 2 2 2 2 2 2 2 2 2 2 2 2 2 2 2 2 2 2 2
left_child=1 5 4 6 19 10 7 -2 -6 15 -1 12 13 -9 -4 26 -7 -16 20 -3 -19 -12 -8 -14 -18 -15 27 -10 -11 -21
right_child=3 2 14 -5 8 16 22 11 9 28 21 -13 23 25 17 -17 24 18 -20 29 -22 -23 -24 -25 -26 -27 -28 -29 -30 -31
leaf_value=-0.032735029507761144 0.034804374049691673 0.027288262496993315 0.0580615505443439 0.050252006653590947 0.046439982047302548 -0.044408301216563882 -0.0082207424538576889 0.049245429927647064 0.029283876042464116 -0.018021245771379292 -0.005032355105592622 0.050656714129430881 -0.025561478916591676 -0.044250945976470335 0.084113121618841255 0.049142125178537138 -0.037636679972468889 -0.016160727868400043 0.040697811333850475 -0.037189504216777296 0.03776088709252217 0.046609601995587259 0.041011564313567207 0.031379382453631352 0.030553639696691684 -0.010885776805043067 0.069346920767278622 -0.030260164171315468 0.047416826318728816 0.012362177521768374
leaf_weight=55.778857789933681 63.255388587713242 12.273872271180151 39.641043551266193 106.54954825341702 34.331507679075003 312.24985775910318 16.157959528267384 10.324834823608397 10.149034868925808 9.4639042876660806 42.150179658085108 16.060951694846153 13.935838431119917 44.601394329220057 8.9372649267315847 10.274091690778731 14.324968539178373 54.389684651046991 45.045575276017189 127.9241987504065 17.597322151064873 20.238092452287674 125.15765783935785 44.847881376743317 14.682249892503021 90.217792272567749 3.9192066788673392 91.339070733636618 31.085959862917662 13.119892150163649
leaf_count=909 295 89 205 527 178 8855 107 45 67 91 464 70 65 432 46 108 228 557 242 2234 91 136 662 195 155 529 20 1322 180 67
internal_value=0 -0.0138631 0.00317878 0.022544 -0.00887683 -0.0327623 0.0155903 0.00571572 0.00633778 -0.0024746 -0.0092644 -0.00264841 -0.00684662 -0.0168611 0.0282115 -0.0146096 -0.0408989 0.0188181 0.0138318 -0.0277874 -0.00297952 0.0117197 0.0353824 0.0178804 -0.00312157 -0.0219238 -0.0208235 -0.0243056 0.0321443 -0.0325802
internal_weight=0 968.916 509.492 531.109 343.881 459.424 424.56 283.244 190.563 156.231 118.167 219.989 203.928 145.144 165.611 115.681 341.257 125.97 117.033 153.318 71.987 62.3883 141.316 58.7837 29.0072 134.819 105.407 101.488 40.5499 141.044
internal_count=19171 16244 5497 2927 4356 10747 2400 1631 1966 1788 1509 1336 1266 1006 1141 1517 9238 936 890 2390 648 600 769 260 383 961 1409 1389 271 2301
is_linear=0
shrinkage=0.05


Tree=33
num_leaves=31
num_cat=0
split_feature=11 0 9 4 5 10 0 10 5 6 7 4 9 5 7 6 10 6 10 10 7 5 7 3 0 9 5 7 9 5
split_gain=162.221 143.977 63.4105 46.595 40.082 36.1186 34.5942 23.5419 21.8593 21.7018 21.4979 22.9362 18.6983 17.6398 16.9687 18.44 16.6266 16.5168 15.2755 14.8702 17.8718 13.9376 13.7637 13.5677 13.096 13.5949 12.8553 13.8448 12.1546 11.7507
threshold=1.0000000180025095e-35 211.57669888124045 1.0000000180025095e-35 380.79465458720659 131.8323138609675 1.0000000180025095e-35 238.1821319302168 1.0000000180025095e-35 118.07011633124738 1.0000000180025095e-35 1.0000000180025095e-35 291.68587120272457 1.0000000180025095e-35 107.51752735086231 1.5000000000000002 1.0000000180025095e-35 1.0000000180025095e-35 1.0000000180025095e-35 2.5000000000000004 1.5000000000000002 1.0000000180025095e-35 36.527792906342476 1.0000000180025095e-35 17.456985585725668 470.37566334088029 1.0000000180025095e-35 85.852756475344464 1.0000000180025095e-35 1.0000000180025095e-35 48.189108096727203
decision_type=2 2 2 2 2 2 2 2 2 2 2 2 2 2 2 2 2 2 2 2 2 2 2 2 2 2 2 2 2 2
left_child=1 8 3 4 7 6 12 -3 28 -4 11 13 17 -11 15 -6 -13 -2 -10 -17 -21 -19 -23 -7 25 26 -8 -28 -1 -5
right_child=5 2 9 29 14 23 24 -9 18 10 -12 16 -14 -15 -16 19 -18 21 -20 20 -22 22 -24 -25 -26 -27 27 -29 -30 -31
leaf_value=-0.029818746853014264 0.05155762381947903 -0.011504476361552399 0.080226570546857598 0.065654783741605424 0.0067003617137337216 -0.0025837639902898382 0.059314325743023914 0.041890997662647853 -0.046628272308482523 0.030163971891260185 0.048774265177372468 0.013039467025429165 0.023493805244981011 -0.022876276546284071 0.033602629651422106 -0.043994728490781738 0.070213082481291739 0.046775088746880161 0.091100407379645892 -0.025313294960735533 0.097727852052526556 -0.031408156518635204 0.0058635553358890565 0.04564321939468708 0.058545313811544201 0.056099621302434857 -0.002319311109090459 0.04491789116808536 0.0087511363724175617 0.0129619467958881
leaf_weight=62.09116830304265 9.7749486416578275 52.292239578440785 16.785232327878475 11.788953155279158 24.48000056669116 16.081212490797043 14.220307141542433 34.107192434370518 251.3622883502394 22.052558161318302 49.607558328658342 32.901991151273251 54.894319131970406 54.208125855773687 9.7394580617547017 162.00410520285368 20.726509153842926 8.2898829430341703 2.0294491685926905 10.826108224689959 4.0573016591370097 83.031633570790291 35.299754694104195 156.59895697236061 32.660129934549332 25.152066603302956 69.970484428107738 19.929848000407219 30.439817376434803 103.20142320170999
leaf_count=1073 43 560 89 56 229 106 72 269 7239 127 296 196 244 768 71 3734 105 36 46 229 44 717 169 817 168 122 348 90 284 879
internal_value=0 -0.0121712 0.00246546 -0.00866596 -0.0191135 0.0224113 0.0132495 0.00957402 -0.0379299 0.0258587 0.0207746 0.010081 -0.00114736 -0.00753845 -0.0308543 -0.0339719 0.0351361 -0.0110645 -0.0455252 -0.0396006 0.00822842 -0.0158988 -0.0202895 0.041152 0.0302564 0.0231094 0.01514 0.00815262 -0.0171305 0.0183641
internal_weight=0 954.701 608.779 412.497 297.506 525.904 353.223 86.3994 345.923 196.282 179.497 129.889 191.291 76.2607 211.107 201.368 53.6285 136.396 253.392 176.888 14.8834 126.621 118.331 172.68 161.933 129.273 104.121 89.9003 92.531 114.99
internal_count=19226 16294 7652 6071 5136 2932 2009 829 8642 1581 1492 1196 1209 895 4307 4236 301 965 7285 4007 273 922 886 923 800 632 510 438 1357 935
is_linear=0
shrinkage=0.05


Tree=34
num_leaves=31
num_cat=0
split_feature=11 0 9 10 4 5 10 5 7 6 5 4 7 6 0 6 6 7 10 7 6 9 7 7 9 9 0 4 7 3
split_gain=140.812 132.241 63.2503 37.3988 36.5349 31.7748 30.8354 29.5327 28.9033 22.7409 22.6476 19.7882 19.6468 21.3925 19.3043 17.1812 17.1448 20.645 14.6072 14.1383 16.6594 14.8043 13.3889 13.03 12.5173 11.9824 11.8261 11.0546 13.9155 10.6188
threshold=1.0000000180025095e-35 403.07464282296809 1.0000000180025095e-35 1.5000000000000002 167.27843093957443 121.09753853507672 1.0000000180025095e-35 150.08828457108763 1.0000000180025095e-35 1.0000000180025095e-35 79.562020119996063 69.847360165456905 1.5000000000000002 1.0000000180025095e-35 680.46374583134912 1.0000000180025095e-35 1.0000000180025095e-35 1.0000000180025095e-35 1.0000000180025095e-35 1.0000000180025095e-35 1.0000000180025095e-35 1.0000000180025095e-35 1.5000000000000002 1.5000000000000002 1.0000000180025095e-35 1.0000000180025095e-35 497.8888219283329 88.892252479758824 1.0000000180025095e-35 169.06560884661241
decision_type=2 2 2 2 2 2 2 2 2 2 2 2 2 2 2 2 2 2 2 2 2 2 2 2 2 2 2 2 2 2
left_child=1 2 5 10 7 12 14 -2 9 -9 -4 -12 13 -1 15 -3 -13 -18 25 20 -8 26 -7 24 29 -11 -22 -15 -29 -17
right_child=4 6 3 -5 -6 22 19 8 -10 18 11 16 -14 27 -16 23 17 -19 -20 -21 21 -23 -24 -25 -26 -27 -28 28 -30 -31
leaf_value=0.045596602492259816 0.038520348263615362 0.046254972379032477 0.02420464424295583 0.072191478986127669 0.039792494273062674 -0.045226873674649497 0.083341306180400435 0.058084704716522662 0.03269476894950879 -0.033080426882080183 -0.046879787037979903 0.053580614952770736 0.099302854303406574 -0.04459156425601124 0.030188491181792072 -0.045500669044350045 -0.027994746068689166 0.025364452881905128 0.0083844599918410385 0.068404969989016684 -0.033246101143272089 0.050300552873542063 0.0051939798790015699 0.071711887846609035 0.0084285035214424608 0.00033130726303311686 0.019795448479708232 -0.024651933445076605 0.029096958732135893 -0.0091585977772172464
leaf_weight=12.35914274305105 77.466319818049669 14.158341117203234 43.270176701247692 16.06080536916852 172.08168694376945 309.10466677881777 11.205070167779921 12.837164372205732 63.178724393248558 75.886076863855124 40.037801837548614 11.014225997030733 3.7761061228811732 40.01493894122541 50.613318454474211 37.910345293581486 62.749753383919597 25.49157227948308 64.283636528998613 27.290889121592045 16.12718310020864 23.13275570422411 13.752128772437571 4.4911387637257567 38.464502058923244 41.513706997036934 30.163685202598572 47.628967033699155 16.116868618875742 42.784268707036972
leaf_count=83 370 70 294 179 861 9142 53 58 296 686 951 79 28 796 256 672 1055 222 405 153 234 134 149 24 255 181 257 641 145 438
internal_value=0 -0.0116368 -0.0243999 -0.000957112 0.0210651 -0.0349166 0.0159867 0.0114501 0.00331258 -0.00623052 -0.00739227 -0.0172076 -0.0129363 -0.0165862 0.0037804 -0.00591857 -0.00523834 -0.0125801 -0.0107748 0.0372982 0.0267693 0.0176385 -0.0430792 -0.0118926 -0.0150437 -0.0212657 0.00131641 -0.0239929 -0.0110626 -0.0262321
internal_weight=0 937.719 641.377 198.624 507.247 442.753 296.341 335.166 257.699 194.521 182.564 139.293 119.896 116.12 188.422 137.809 99.2556 88.2413 181.683 107.92 80.6287 69.4236 322.857 123.65 119.159 117.4 46.2909 103.761 63.7458 80.6946
internal_count=19167 16310 13764 2780 2857 10984 2546 1996 1626 1330 2601 2307 1693 1665 1715 1459 1356 1277 1272 831 678 625 9291 1389 1365 867 491 1582 786 1110
is_linear=0
shrinkage=0.05


Tree=35
num_leaves=31
num_cat=0
split_feature=11 0 8 8 8 7 3 5 5 8 5 9 10 4 5 9 0 3 7 5 10 10 4 7 9 9 10 8 10 5
split_gain=138.714 120.369 51.5676 42.5819 33.8463 30.2521 26.6415 24.0391 23.0898 20.8968 20.6594 18.4121 17.885 17.4423 16.3564 15.9931 19.5496 15.6715 14.4013 13.5808 13.4895 13.3221 12.2522 11.9072 11.8577 11.6084 11.542 11.2492 11.8405 10.7484
threshold=1.0000000180025095e-35 341.46250648926923 0.18937277146118056 0.095585063359161768 0.11846827626371521 1.0000000180025095e-35 157.72043721118683 135.64076674203423 104.46919254021928 0.39930532671204416 131.8323138609675 1.0000000180025095e-35 1.5000000000000002 252.98999883371349 124.65441903741426 1.0000000180025095e-35 158.62515504027661 48.569196501516394 1.0000000180025095e-35 72.854643486268159 1.0000000180025095e-35 1.0000000180025095e-35 119.48611114956293 1.0000000180025095e-35 1.0000000180025095e-35 1.0000000180025095e-35 1.0000000180025095e-35 0.39930532671204416 1.0000000180025095e-35 131.8323138609675
decision_type=2 2 2 2 2 2 2 2 2 2 2 2 2 2 2 2 2 2 2 2 2 2 2 2 2 2 2 2 2 2
left_child=1 2 8 6 11 10 7 25 17 12 27 14 13 19 -3 16 -5 -1 -9 -6 -19 22 -7 24 29 -2 -20 28 -4 -15
right_child=3 4 5 15 9 21 -8 18 -10 -11 -12 -13 -14 23 -16 -17 -18 20 26 -21 -22 -23 -24 -25 -26 -27 -28 -29 -30 -31
leaf_value=-0.041997394669530841 0.013530967509841119 0.01039905446021114 -0.022387036715779293 0.0067786518195898805 0.042184141727119082 -0.021163368832445472 0.045791521904603852 -0.021831685313170229 -0.044994546977726604 0.072467163916275931 -0.031045353206942919 0.016589984148013794 0.074958964945085332 0.040997461866911111 -0.030260702453831407 0.056392807660258649 0.037663968122038274 -0.01886641826872433 -0.0048494548518903139 -0.019548810196627447 0.031609462089174915 0.064284358856084342 0.040574898742749575 0.055150358908032417 0.047554527645066756 0.070542854451762615 0.051406279504842611 0.064932402995065072 0.033721704356504643 -0.0068841726673222001
leaf_weight=35.243851110339165 30.345913648605347 35.872404787689447 24.850743027403951 76.847283195704222 10.988430883735417 16.196738131344318 33.230581924319267 107.75534037128091 269.93255459144711 20.061064250767231 92.398903651162982 59.546471893787384 13.109845049679278 15.746909871697424 79.661114217713475 59.774852737784386 153.7342165261507 34.361063595861197 29.659928694367409 47.079492170363665 21.530004335567355 16.917047129943967 15.949592003598807 26.563388764858246 22.818665206432343 12.650789409875868 13.16476698219776 7.6746755614876738 15.125539382919667 45.838448975235224
leaf_count=655 146 302 263 479 59 250 170 787 8319 100 2085 403 98 78 1312 290 791 409 140 630 207 169 120 129 117 61 60 42 131 428
internal_value=0 -0.0116531 -0.0265694 0.020665 0.0100987 -0.00541802 0.00443173 -0.00266835 -0.0376477 0.0240338 -0.0172545 -0.00599547 0.0186995 0.0143362 -0.0176361 0.0333453 0.0273706 -0.0158871 -0.0120837 -0.00786683 0.000577582 0.028369 0.00946844 0.0259548 0.0167664 0.0303054 0.0124442 0.00948689 -0.00115757 0.0053588
internal_weight=0 927.467 550.181 517.164 377.286 189.113 226.807 193.577 361.067 202.206 140.05 175.08 182.145 169.035 115.534 290.356 230.581 91.1349 150.58 58.0679 55.8911 49.0634 32.1463 110.967 84.404 42.9967 42.8247 47.651 39.9763 61.5854
internal_count=19230 16306 12650 2924 3656 3060 1364 1194 9590 1639 2521 2017 1539 1441 1614 1560 1270 1271 987 689 616 539 370 752 623 207 200 436 394 506
is_linear=0
shrinkage=0.05


Tree=36
num_leaves=31
num_cat=0
split_feature=11 0 8 9 9 0 0 8 6 8 9 5 8 7 7 10 6 5 4 7 4 8 6 6 7 5 10 5 10 6
split_gain=108.17 99.4943 56.3921 49.5055 37.775 39.3609 34.3125 32.0521 24.3444 23.8399 23.5546 22.7837 21.6487 21.4049 20.8742 20.1159 18.7655 18.3278 18.083 17.4836 17.4774 16.9649 18.105 16.9389 17.1633 16.2524 16.0528 14.6231 13.8512 13.5954
threshold=1.0000000180025095e-35 205.22117957630266 0.23282356440462168 1.0000000180025095e-35 1.0000000180025095e-35 363.57042018080693 497.8888219283329 0.094531124315647225 1.0000000180025095e-35 0.39930532671204416 1.0000000180025095e-35 29.944589637884032 0.29818974227332889 1.5000000000000002 1.0000000180025095e-35 1.0000000180025095e-35 1.0000000180025095e-35 98.558534733192815 468.65412103367095 1.0000000180025095e-35 256.53611719696772 0.26154883340560892 1.0000000180025095e-35 1.0000000180025095e-35 1.0000000180025095e-35 63.294302916361566 1.0000000180025095e-35 69.734370565269089 1.5000000000000002 1.0000000180025095e-35
decision_type=2 2 2 2 2 2 2 2 2 2 2 2 2 2 2 2 2 2 2 2 2 2 2 2 2 2 2 2 2 2
left_child=1 10 3 6 5 7 13 25 -4 19 -1 -8 29 17 20 23 -13 26 28 -10 21 22 -9 -5 -25 -2 -3 -24 -18 -12
right_child=4 2 8 15 -6 -7 11 14 9 -11 12 16 -14 -15 -16 -17 18 -19 -20 -21 -22 -23 27 24 -26 -27 -28 -29 -30 -31
leaf_value=-0.04361224714146953 0.030582846628443329 -0.03483764636189246 0.091754367385066371 0.067605360876958107 0.042160014525314031 0.040229928178112911 0.084735213091501754 0.062821789737111458 -0.0025994225507489609 0.061482670556133358 0.042766553167327234 0.060972362191018016 0.04131911107319805 0.036176730219650143 0.047983271937336792 0.037473245123163204 -0.040105293072896182 -0.045750119855192888 0.017867471393430461 0.042656197417935089 0.064251310291395067 0.027640962190840408 0.044491824350988821 -0.021164818958251265 0.025755741247970171 -0.025640215829449992 0.02154749648521349 -0.024709237415918697 0.04908356005808389 -0.031296561901970617
leaf_weight=215.58747192285955 14.661851316690443 29.587258066982031 13.285170886665581 8.5708220750093442 118.99554616212845 83.802889242768288 8.0175860375165922 7.6049868315458289 76.941426951438189 28.441464256495237 6.8453455530107012 10.081907004117964 15.234211768954991 10.809090711176394 37.375499799847603 58.874224400147796 42.565400781109929 136.83318836428225 31.547263208776712 29.533349752426147 11.84828072786331 40.938278928399086 8.4898609071969968 60.263850383460522 28.806634742766619 104.22966077178717 22.015542734414339 75.729458574205637 4.8491031788289538 65.342909859493375
leaf_count=6666 67 357 70 49 573 431 36 35 818 163 64 47 142 74 174 478 535 3767 217 209 55 180 38 706 179 786 180 552 48 1433
internal_value=0 -0.0113738 0.000403838 -0.00835801 0.0175404 0.00992466 -0.0203735 0.00148379 0.0271752 0.0208161 -0.034735 0.00400441 -0.0128433 -0.0322491 0.0146742 0.014389 -0.00326468 -0.0361741 -0.0114665 0.00995332 0.00606533 0.000872569 -0.0110617 0.00047005 -0.00599006 -0.0187067 -0.0107818 -0.0177333 -0.0309839 -0.0242734
internal_weight=0 904.033 601.023 452.822 503.676 384.681 296.306 300.878 148.201 134.916 303.01 97.0613 87.4225 199.245 181.986 156.516 89.0437 188.436 78.9618 106.475 144.611 132.763 91.8243 97.6413 89.0705 118.892 51.6028 84.2193 47.4145 72.1883
internal_count=19129 16238 7933 6673 2891 2318 5261 1887 1260 1190 8305 883 1639 4378 1034 1412 847 4304 800 1027 860 805 625 934 885 853 537 590 583 1497
is_linear=0
shrinkage=0.05


Tree=37
num_leaves=31
num_cat=0
split_feature=11 4 7 6 0 4 8 5 9 8 8 10 10 9 10 7 8 6 6 5 8 7 9 5 4 7 4 9 8 9
split_gain=103.397 105.86 60.8757 50.7398 35.656 35.1434 29.5622 28.2666 26.3486 26.3037 25.8148 22.6399 22.3676 20.938 20.8528 18.6269 21.3269 17.3109 15.7937 18.0174 14.9982 14.9725 14.3743 13.6578 12.7954 11.9 13.126 13.0635 13.4324 11.0919
threshold=1.0000000180025095e-35 124.98499766999147 1.0000000180025095e-35 1.0000000180025095e-35 553.84129387782059 103.2196115605485 0.45491259551831259 33.644884524827638 1.0000000180025095e-35 0.35808616204851484 0.051800994285479386 1.0000000180025095e-35 1.0000000180025095e-35 1.0000000180025095e-35 1.5000000000000002 1.5000000000000002 0.13876481905034913 1.0000000180025095e-35 1.0000000180025095e-35 107.51752735086231 0.34976421806381913 1.0000000180025095e-35 1.0000000180025095e-35 18.016304280812989 513.19282286928512 1.0000000180025095e-35 256.53611719696772 1.0000000180025095e-35 0.26154883340560892 1.0000000180025095e-35
decision_type=2 2 2 2 2 2 2 2 2 2 2 2 2 2 2 2 2 2 2 2 2 2 2 2 2 2 2 2 2 2
left_child=1 6 3 -3 7 11 8 29 -1 13 -7 18 15 -9 -15 16 24 -10 -2 -20 22 23 -21 -19 -4 26 27 28 -12 -5
right_child=5 2 12 4 -6 10 -8 9 17 -11 25 -13 -14 14 -16 -17 -18 21 19 20 -22 -23 -24 -25 -26 -27 -28 -29 -30 -31
leaf_value=-0.044314001932959132 0.056454481367159998 0.040306167055183861 -0.028627695335060144 0.0049662530678482178 0.012256532291515914 0.0043566887511290175 0.043469183455440791 -0.047339310691935643 0.046144917065549226 0.019677572898262441 0.0066762999291419406 0.025326674940102746 0.058056445868199663 -0.021471662366382274 0.079418657122211633 0.064551002257414336 0.033758822384818518 0.046859823842745951 0.023220232801803128 -0.038561104044236419 0.044420781678534402 0.012538835956022516 0.00019047254134055288 -0.039198189370756524 0.045559425998492428 0.06285220410041828 0.056031839089587122 0.057992123381623954 0.054531760628613084 0.076660405737682097
leaf_weight=228.87888540700078 9.0737630724906904 49.89128533564508 36.753806492313743 18.851041153073314 96.507813151925802 72.416643399745226 12.504391320049761 128.11968636512756 10.748192414641379 24.560607608407736 75.943746566772461 79.413359515368938 49.414142286404967 68.168754369020462 5.5376469902694216 17.066223099827766 39.651413714513183 4.9724307283759108 29.64802959561348 70.951734989881516 8.2635801732540113 24.633230615407228 36.108825340867043 63.321624310687184 6.9039460755884638 41.927359074354172 44.630124732851982 22.944768324494362 18.171951487660408 7.5577542856335631
leaf_count=7499 41 341 452 149 698 378 104 3358 88 170 402 470 396 774 43 92 286 41 133 656 36 316 160 1435 42 221 247 116 85 36
internal_value=0 -0.0103024 0.00333793 -0.00686114 -0.0135981 0.0179197 -0.0320039 -0.0234684 -0.0348418 -0.0291789 0.0299963 0.00364064 0.0305188 -0.0351243 -0.0138917 0.0169622 0.00721347 -0.0139304 -0.00753889 -0.0115442 -0.0204816 -0.0208788 -0.0254912 -0.0329324 -0.0168959 0.039115 0.0329598 0.0241635 0.0159163 0.0254839
internal_weight=0 894.043 548.984 399.195 349.303 509.494 345.059 252.795 332.554 226.387 276.035 233.459 149.79 201.826 73.7064 100.375 83.3092 103.675 154.046 144.972 115.324 92.9273 107.061 68.2941 43.6578 203.618 161.691 117.06 94.1157 26.4088
internal_count=19265 16320 6837 5569 5228 2945 9483 4530 9379 4345 1449 1496 1268 4175 817 872 780 1880 1026 985 852 1792 816 1476 494 1071 850 603 487 185
is_linear=0
shrinkage=0.05


Tree=38
num_leaves=31
num_cat=0
split_feature=11 0 7 6 5 4 4 5 6 9 5 10 9 10 10 9 4 10 7 9 0 5 4 9 5 3 4 0 4 5
split_gain=117.824 93.2361 47.2708 44.2422 31.5231 28.7094 27.605 27.0172 19.4606 20.5921 19.2689 20.4566 17.9664 24.8106 16.9836 16.956 15.9919 15.9698 14.6505 14.9013 16.867 16.7192 14.3066 13.5451 12.624 12.1377 11.9239 11.1801 9.5856 9.5301
threshold=1.0000000180025095e-35 227.81652570205446 1.0000000180025095e-35 1.0000000180025095e-35 139.14043867487231 103.2196115605485 324.93687575112017 20.77858595524712 1.0000000180025095e-35 1.0000000180025095e-35 101.15873163407757 1.5000000000000002 1.0000000180025095e-35 1.0000000180025095e-35 1.0000000180025095e-35 1.0000000180025095e-35 133.27196454129708 1.0000000180025095e-35 1.0000000180025095e-35 1.0000000180025095e-35 476.72809421571384 107.51752735086231 330.89220876817257 1.0000000180025095e-35 603.0740612633814 248.32096810560475 60.669622756413794 680.46374583134912 380.79465458720659 139.14043867487231
decision_type=2 2 2 2 2 2 2 2 2 2 2 2 2 2 2 2 2 2 2 2 2 2 2 2 2 2 2 2 2 2
left_child=1 7 3 25 23 8 -6 26 -2 17 -4 15 -9 -14 -8 22 -15 -10 19 20 21 -7 -12 27 -11 -3 -1 -5 -23 -19
right_child=5 2 10 4 6 18 14 12 9 24 11 -13 13 16 -16 -17 -18 29 -20 -21 -22 28 -24 -25 -26 -27 -28 -29 -30 -31
leaf_value=-0.021602785905480443 0.066763375367646247 0.023826691301585011 0.062244286390219887 -0.011074773328119195 -0.036985872030509591 0.05233001951315866 -0.018610514703320747 -0.043989955754956997 -0.019535669556539459 0.047661946038897805 -0.02345189936579645 0.08283170019950524 -0.037075052584427295 -0.0004507757262384756 0.025111809184982549 0.037233596918114863 0.085941675846827673 0.055288162173973199 0.05322819097227896 0.051015381217411351 0.053946864748220337 -0.00014193887150955201 0.022139734532340916 0.03485038576016937 0.002888731554741843 0.085785579059170794 0.052564880582286637 0.043822355973645324 0.049006591563631186 0.0036742518904976
leaf_weight=9.4093210361897963 12.58438019454479 44.574028223752975 28.988754119724035 64.437379259616137 150.26540169864893 21.091680288314819 60.804337231442332 213.08418188989162 96.089928571134806 33.673772543668747 40.763616971671581 10.675889397040008 58.389287073165178 26.271822383627295 34.993118209764361 37.971049521118402 6.7284830044955006 11.269497558474539 56.029952794313431 42.563130035996437 27.412800058722496 113.00715973600745 29.776025332510471 34.000736955553293 29.566992104053497 9.6082958653569204 12.778827056288717 10.833669528365133 10.87532603740692 43.329698629677296
leaf_count=143 57 325 178 701 3575 109 640 7179 769 156 632 77 1189 499 314 229 76 51 287 221 154 607 183 199 132 45 138 48 53 304
internal_value=0 -0.0109412 0.00148388 -0.00727243 -0.0136899 0.0194753 -0.0236141 -0.032154 0.00633796 0.00278344 0.025684 0.0167917 -0.0360357 -0.0174896 -0.00263952 0.0102944 0.0171639 -0.007266 0.030457 0.0245213 0.0179798 0.0111789 -0.00420687 0.00865792 0.0267291 0.034814 0.0211126 -0.0031735 0.00417268 0.0143276
internal_weight=0 884.354 557.692 409.517 355.335 497.494 246.063 326.662 226.514 213.93 148.175 119.187 304.474 91.3896 95.7975 108.511 33.0003 150.689 270.98 214.95 172.387 144.974 70.5396 109.272 63.2408 54.1823 22.1881 75.271 123.882 54.5992
internal_count=19270 16370 7146 5847 5477 2900 4529 9224 1469 1412 1299 1121 8943 1764 954 1044 575 1124 1431 1144 923 769 815 948 288 370 281 749 660 355
is_linear=0
shrinkage=0.05


Tree=39
num_leaves=31
num_cat=0
split_feature=11 0 8 7 8 10 5 0 8 0 7 0 5 9 5 0 6 5 5 6 8 10 8 9 7 5 3 0 7 9
split_gain=92.7389 92.6915 54.3203 30.0531 28.9793 28.22 27.8874 26.0213 22.4206 22.103 20.1809 20.952 18.7376 17.4359 17.0448 16.6634 16.0042 14.4832 13.8243 19.0908 13.3429 13.2673 12.3513 11.2632 11.18 11.1042 10.6785 9.6977 9.7476 10.0422
threshold=1.0000000180025095e-35 196.32490489832685 0.12081718857018432 1.5000000000000002 0.095585063359161768 1.0000000180025095e-35 26.633911164646587 451.94276215490856 0.45491259551831259 268.39041275448068 1.5000000000000002 528.34784060779043 79.562020119996063 1.0000000180025095e-35 57.571739922173045 156.21492020976953 1.0000000180025095e-35 82.404682532486291 235.25379778690623 1.0000000180025095e-35 0.29818974227332889 1.5000000000000002 0.24049502789834709 1.0000000180025095e-35 1.0000000180025095e-35 72.854643486268159 157.72043721118683 503.97420885567027 1.0000000180025095e-35 1.0000000180025095e-35
decision_type=2 2 2 2 2 2 2 2 2 2 2 2 2 2 2 2 2 2 2 2 2 2 2 2 2 2 2 2 2 2
left_child=1 14 3 6 9 8 -3 -8 10 16 11 12 -4 -9 24 22 -2 -18 -7 -20 -16 -19 25 -14 -1 -6 -11 28 29 -21
right_child=4 2 5 -5 15 18 7 13 -10 26 -12 -13 23 -15 20 -17 17 21 19 27 -22 -23 -24 -25 -26 -27 -28 -29 -30 -31
leaf_value=-0.019988659417608395 0.061074467313528641 0.032891571375939586 0.021530702238614419 0.05589122384598904 0.051723763354417286 0.057122228195062477 -0.038186258757834463 -0.019849835116596912 0.065354628674017465 0.010668905289743687 0.074906295167973744 0.022930345936623769 -0.037087979566126021 0.02503148430873306 -0.046212425680322293 0.036426891350574621 0.023409644979039128 -0.027482916880153831 0.094547734728314722 -0.036718969569217927 -0.012598342575605307 0.044610038463161375 0.035040835136677238 -0.0032785396335774683 0.041848963263804467 -0.010269750258498573 0.048388831225127452 0.043386624478896629 0.035823510588464016 0.018848223351566301
leaf_weight=32.440040957182646 7.4000075161457053 23.046141609549522 27.861710339784622 13.861377209424971 8.3038754016160947 41.793501526117325 143.55757751688361 63.734095141291618 13.577163867652414 61.408457197248936 8.3473994173109514 50.265507679432631 66.503439335152507 32.764372438192368 185.22213973477483 179.41929537802935 20.686326369643211 93.230805635452271 7.8969375230371943 19.980506232008338 35.119696034118533 6.8506351262331 34.187752708792686 39.126399690285325 9.43519379198551 55.50978010520339 27.018702492117882 18.109723720699549 13.770074263215063 13.709706438705323
leaf_count=493 34 175 174 84 37 309 3503 730 72 305 46 339 1395 188 6721 970 95 714 49 446 629 43 154 380 97 383 150 126 123 132
internal_value=0 -0.0105121 0.00035778 -0.0158654 0.01667 0.0143579 -0.0196459 -0.0246896 0.00325909 0.00296465 -0.00112957 -0.0045836 -0.0149438 -0.00461117 -0.0352975 0.0273703 -0.0103024 -0.014676 0.0341637 0.0211032 -0.0408548 -0.0225481 0.0107897 -0.0245646 -0.0060556 -0.00220272 0.0221941 0.0122579 0.000379947 -0.0141068
internal_weight=0 860.123 597.906 276.964 494.016 320.942 263.102 240.056 205.682 216.595 192.104 183.757 133.492 96.4985 262.217 277.421 128.168 120.768 115.26 73.4669 220.342 100.081 98.0014 105.63 41.8752 63.8137 88.4272 65.57 47.4603 33.6902
internal_count=19096 16211 8271 4680 2885 3591 4596 4421 2406 1341 2334 2288 1949 918 7940 1544 886 852 1185 876 7350 757 574 1775 590 420 455 827 701 578
is_linear=0
shrinkage=0.05


Tree=40
num_leaves=31
num_cat=0
split_feature=7 11 0 6 10 0 6 11 4 5 5 4 9 10 5 4 5 4 0 9 10 10 4 0 5 10 7 9 4 9
split_gain=97.2524 80.1951 69.5692 35.6888 32.115 30.2299 28.2444 24.1923 36.0103 21.8092 21.095 18.2815 19.4457 17.7547 17.4186 16.0843 15.9807 13.9671 12.5645 12.1111 11.9607 11.6699 11.2163 10.1343 9.98521 9.75472 9.46422 10.269 13.4704 9.25519
threshold=1.0000000180025095e-35 1.0000000180025095e-35 341.46250648926923 1.0000000180025095e-35 1.5000000000000002 156.21492020976953 1.0000000180025095e-35 1.0000000180025095e-35 117.34769685996524 146.89441876424289 131.8323138609675 330.89220876817257 1.0000000180025095e-35 1.0000000180025095e-35 66.250456536174454 401.96339663173177 101.15873163407757 513.19282286928512 153.44355172537254 1.0000000180025095e-35 1.0000000180025095e-35 1.0000000180025095e-35 216.79433674733778 659.79922001898865 82.404682532486291 1.5000000000000002 1.5000000000000002 1.0000000180025095e-35 93.111074463576173 1.0000000180025095e-35
decision_type=2 2 2 2 2 2 2 2 2 2 2 2 2 2 2 2 2 2 2 2 2 2 2 2 2 2 2 2 2 2
left_child=1 2 3 21 7 25 -4 8 24 22 -7 12 13 -12 18 -11 -10 19 -5 -18 23 -1 -8 -17 -2 -3 27 28 -9 -20
right_child=4 5 6 14 -6 10 9 26 16 15 11 -13 -14 -15 -16 20 17 -19 29 -21 -22 -23 -24 -25 -26 -27 -28 -29 -30 -31
leaf_value=-0.01159307546458508 0.013886024625191408 -0.01279302280496101 0.043322370754829594 -0.044576247115187657 0.077862200076235386 0.051317396212606392 -0.011418747370701225 0.0012642385451023242 0.056750123230565899 -0.027369052063801531 -0.014581188403548842 0.047403531641639345 0.038834631558299103 0.022503115823541042 -0.044299039631299809 -0.032453526371319159 -0.0061593937356441758 0.05604432689001472 -0.016059295365102377 0.031773907077937195 0.033584747894672376 0.040711805101822263 0.031405335258088744 0.018667907994157556 -0.033528122638371523 0.041890217676371612 0.085741139499178484 0.067927112483634186 0.044942014784343197 0.034195430649411225
leaf_weight=26.656558565795422 14.529942777007816 121.03550424426794 34.222801577299833 22.561682721599936 25.565094888210297 45.630408965051174 22.305062958970666 31.262176886200905 28.790205378085375 102.93467756360769 89.562503423541784 34.096622705459595 38.676070258021355 50.459427893161774 255.10590991377831 23.899701327085495 59.923857737332582 17.358872577548027 25.264827258884907 32.429042901843786 22.849840838462114 17.775103786960244 48.618164723739028 16.310658130794764 47.094664894044399 8.7446394041180593 9.9867188781499845 18.252567932009697 40.546997129917145 14.373903438448904
leaf_count=391 155 866 183 423 226 250 225 154 173 1812 553 200 188 268 8980 279 732 99 315 205 162 207 300 81 1292 55 48 103 202 95
internal_value=0 -0.00731091 -0.0182854 -0.0326376 0.0240659 0.0105804 0.000862373 0.0194843 0.00944794 -0.00527097 0.0204681 0.013853 0.00745133 -0.00121719 -0.0385144 -0.015187 0.0235955 0.0148951 -0.0147898 0.00716061 0.00469809 0.00933175 0.0179373 -0.011717 -0.0223487 -0.00910844 0.0395599 0.0344389 0.0259269 0.00216421
internal_weight=0 1021.08 632.879 361.738 325.74 388.205 271.141 300.175 200.127 236.918 258.425 212.795 178.698 140.022 317.306 165.995 138.502 109.712 62.2004 92.3529 63.0602 44.4317 70.9232 40.2104 61.6246 129.78 100.048 90.0617 71.8092 39.6387
internal_count=19222 15833 13453 10411 3389 2380 3042 3163 2656 2859 1459 1209 1009 821 9813 2334 1209 1036 833 937 522 598 525 360 1447 921 507 459 356 410
is_linear=0
shrinkage=0.05


Tree=41
num_leaves=31
num_cat=0
split_feature=11 4 8 5 4 7 8 9 5 8 5 6 10 0 6 10 6 7 8 9 0 3 7 8 4 0 6 3 8 8
split_gain=87.5642 92.0683 44.5842 33.7007 28.4035 26.5749 25.1733 24.7852 24.2259 23.0021 22.7656 21.2368 19.2299 16.5627 16.8011 16.3549 16.1774 20.4776 17.8617 20.5857 15.3573 13.499 13.4801 12.8048 12.4411 12.314 11.535 11.0145 10.6039 10.5543
threshold=1.0000000180025095e-35 122.96119678421546 0.18937277146118056 128.12254449838679 252.98999883371349 1.0000000180025095e-35 0.45491259551831259 1.0000000180025095e-35 160.74231115795581 0.34976421806381913 104.46919254021928 1.0000000180025095e-35 1.5000000000000002 490.73192420107256 1.0000000180025095e-35 1.0000000180025095e-35 1.0000000180025095e-35 1.0000000180025095e-35 0.48630674657002987 1.0000000180025095e-35 152.17286498805302 144.27881038989264 1.0000000180025095e-35 0.15001891189974478 437.92023169105488 705.37169474384621 1.0000000180025095e-35 41.888420502950865 0.063800661283657342 0.082626898190207687
decision_type=2 2 2 2 2 2 2 2 2 2 2 2 2 2 2 2 2 2 2 2 2 2 2 2 2 2 2 2 2 2
left_child=1 6 3 15 5 8 10 13 20 11 26 -10 23 -5 -15 21 -4 18 19 25 -2 -3 -16 -13 -9 -18 -1 -25 -26 -7
right_child=4 2 16 7 -6 29 -8 24 9 -11 -12 12 -14 14 22 -17 17 -19 -20 -21 -22 -23 -24 27 28 -27 -28 -29 -30 -31
leaf_value=0.0384927120909557 0.0021855912157849526 -0.025978077406469458 0.078433896998762173 -0.043402426765212131 0.044111240767291657 0.01528644205490237 0.03851441422662568 -0.0085366653256326013 0.046042795840064647 0.052210822919761174 -0.044888107899938703 -0.026928208988756405 0.04179893518717924 0.051799617822737669 -0.03847670416550536 0.039380975324314116 -0.021136114022127644 0.0453916898402488 0.080808645618242025 0.03221005640789909 0.047946344102601915 0.020188708144818046 0.013919711969453972 -0.028309169478896463 -0.0074536070573876963 0.037012054000175931 -0.020469175108571405 0.011518082906936518 0.061623428649032287 0.049147659680298626
leaf_weight=9.3624519668519479 31.665985051542521 29.136506672948599 11.75660580396652 97.223810210824013 74.829187005758286 41.312590390443802 11.797942757606505 67.941401995718479 16.904583401978016 17.10116583108902 205.69966723397374 116.99245735257864 15.310790963470934 9.2076485604047758 37.087868150323629 41.67847090959549 65.607021007686853 48.083365522325039 7.6452647447586051 37.444955695420504 43.549432959407568 34.67991697974503 18.347946118563414 25.33363413438201 9.2756775766611117 10.571899011731146 72.74943495169282 55.1532137170434 13.852808296680449 51.951568953692913
leaf_count=61 156 363 70 2846 436 200 99 793 78 78 7915 933 88 40 524 308 957 308 40 240 233 223 117 167 52 50 1157 274 75 262
internal_value=0 -0.0108442 0.00149738 -0.00871942 0.0157553 0.0106458 -0.0330691 -0.0186208 0.00383871 -0.00373239 -0.0360034 -0.00789745 -0.0121826 -0.0303608 -0.0107461 0.0150204 0.0217174 0.0177801 0.00683206 0.00185449 0.0286809 -0.000889547 -0.0211347 -0.0163679 0.00224583 -0.0130665 -0.0137463 -0.00101774 0.0339201 0.0341484
internal_weight=0 839.151 539.541 358.432 490.105 415.275 299.609 252.937 322.011 246.796 287.812 229.695 212.79 161.867 64.6435 105.495 181.109 169.353 121.269 113.624 75.2154 63.8164 55.4358 197.479 91.0699 76.1789 82.1119 80.4868 23.1285 93.2642
internal_count=19143 16238 7006 5341 2905 2469 9232 4447 2007 1618 9133 1540 1462 3527 681 894 1665 1595 1287 1247 389 586 641 1374 920 1007 1218 441 127 462
is_linear=0
shrinkage=0.05


Tree=42
num_leaves=31
num_cat=0
split_feature=8 11 0 9 4 7 4 6 5 6 7 11 10 9 7 0 6 11 5 0 10 7 0 9 5 0 5 5 5 9
split_gain=80.4787 70.3901 65.673 30.8573 28.7345 26.0879 29.701 23.2804 20.339 19.6434 19.4536 18.1316 16.8728 16.3936 15.3528 15.3386 15.0485 14.7481 13.8809 12.5367 11.4949 11.1835 10.9904 12.4315 11.3455 11.9285 10.9522 10.6209 10.529 10.3995
threshold=0.18937277146118056 1.0000000180025095e-35 446.04504478847997 1.0000000180025095e-35 69.847360165456905 1.5000000000000002 156.91533456208222 1.0000000180025095e-35 57.571739922173045 1.0000000180025095e-35 1.0000000180025095e-35 1.0000000180025095e-35 1.0000000180025095e-35 1.0000000180025095e-35 1.0000000180025095e-35 341.46250648926923 1.0000000180025095e-35 1.0000000180025095e-35 146.89441876424289 640.9583196547203 1.5000000000000002 1.5000000000000002 520.5606197932367 1.0000000180025095e-35 139.14043867487231 197.83884650614229 199.25976317265409 107.51752735086231 449.08263112118431 1.0000000180025095e-35
decision_type=2 2 2 2 2 2 2 2 2 2 2 2 2 2 2 2 2 2 2 2 2 2 2 2 2 2 2 2 2 2
left_child=1 2 3 21 11 6 7 -3 -9 -6 15 27 19 20 16 17 -5 18 -11 -4 -10 -1 23 24 -8 -26 -16 -2 -19 -13
right_child=4 5 12 14 9 -7 22 8 13 10 -12 29 -14 -15 26 -17 -18 28 -20 -21 -22 -23 -24 -25 25 -27 -28 -29 -30 -31
leaf_value=-0.044152548837406838 0.0046512391487708374 0.056675731878529458 -0.020818058441137405 0.02578506579400652 0.070830638155300149 0.095507727527627012 0.052078347671771552 0.035753803491338956 -0.029117700895112467 0.01779910759180638 0.044841062935588878 0.0040854108392015046 0.027861309981545214 0.0073506881454845942 0.057240656759111511 0.02901859850632009 -0.030974956375735094 0.050219391542781378 -0.02870476679824592 0.015406819227750411 0.029462606185290903 0.0048912755286512682 0.056823249598067997 0.054371841604883467 -0.049510732344327513 0.010336716089070642 -0.0026197840781560988 -0.040394779696633298 0.0024829479862432712 0.056789062851258371
leaf_weight=241.31626540981233 20.519691493362188 14.212441407144068 58.265875605866313 13.768520742654799 22.103792136535048 8.3382868617773038 13.834273338317869 22.166287794709206 117.79376572370529 24.823160499334335 69.783965613692999 37.461469911038876 58.807884974405169 56.895364880561829 11.259828247129915 98.280045662075281 76.889923211187124 21.035997040569782 45.384007066488266 40.475840840488672 9.0150690674781782 12.212103709578512 22.261397339403629 19.598218001425266 9.5153569355607015 66.608654625713825 23.776367738842964 36.117829415947199 25.618981167674065 12.477436780929564
leaf_count=8680 206 67 683 109 146 41 77 107 1019 232 532 192 470 259 83 772 1691 104 1045 252 58 142 140 115 55 320 289 1162 121 58
internal_value=0 -0.00900049 -0.0204748 -0.0317476 0.0176592 0.00809676 0.00602556 -0.00521634 -0.00948911 0.0254238 0.0219013 -0.00470932 0.00665877 -0.0149482 -0.0114914 0.0144605 -0.0223547 0.0022173 -0.0122624 -0.00596889 -0.0249531 -0.0417902 0.024795 0.018287 0.0104256 0.0028559 0.016618 -0.0240747 0.0240066 0.0172536
internal_weight=0 897.012 536.773 379.223 413.606 360.239 351.901 220.083 205.87 307.03 284.926 106.576 157.55 183.704 125.695 215.142 90.6584 116.862 70.2072 98.7417 126.809 253.528 131.818 109.557 89.9583 76.124 35.0362 56.6375 46.655 49.9389
internal_count=19227 14657 12399 10994 4570 2258 2217 1510 1443 2952 2806 1618 1405 1336 2172 2274 1800 1502 1277 935 1077 8822 707 567 452 375 372 1368 225 250
is_linear=0
shrinkage=0.05


Tree=43
num_leaves=31
num_cat=0
split_feature=11 0 8 10 0 8 8 5 6 9 7 6 9 0 0 7 7 8 7 5 5 7 6 5 3 5 0 7 9 6
split_gain=71.1853 79.8523 47.7594 29.8787 28.106 25.0991 23.8061 24.1366 24.8401 26.0637 23.3517 26.2374 21.2348 20.3595 19.9664 19.8308 16.7273 16.634 13.7685 12.6886 12.3827 12.8606 12.2225 12.8917 11.9331 11.7878 10.7266 10.6681 9.82002 9.7631
threshold=1.0000000180025095e-35 194.79847380687218 0.11744059274174178 1.5000000000000002 324.0488061421803 0.43372464661974319 0.23282356440462168 82.404682532486291 1.0000000180025095e-35 1.0000000180025095e-35 1.5000000000000002 1.0000000180025095e-35 1.0000000180025095e-35 553.84129387782059 528.34784060779043 1.0000000180025095e-35 1.5000000000000002 0.36641356078293924 1.0000000180025095e-35 82.404682532486291 36.527792906342476 1.0000000180025095e-35 1.0000000180025095e-35 48.189108096727203 25.28929721009462 20.77858595524712 484.31177953255195 1.0000000180025095e-35 1.0000000180025095e-35 1.0000000180025095e-35
decision_type=2 2 2 2 2 2 2 2 2 2 2 2 2 2 2 2 2 2 2 2 2 2 2 2 2 2 2 2 2 2
left_child=1 17 10 5 6 12 7 -2 -9 15 11 -3 14 25 16 -10 19 20 24 -4 21 29 -14 -24 -11 -13 27 -25 -15 -1
right_child=4 2 3 -5 -6 -7 -8 8 9 18 -12 13 22 28 -16 -17 -18 -19 -20 -21 -22 -23 23 26 -26 -27 -28 -29 -30 -31
leaf_value=0.051443599296180358 0.037027477416310156 0.023430071796009599 0.0080535651510567196 0.066158925587774989 0.035926242248821232 0.059370295609882578 0.03333889827701602 0.05398783483440725 -0.031851298247645272 -0.030173636622162388 0.046255629539170583 0.010057473330698327 0.083065007245643613 -0.014385612707060231 0.02017397064037775 0.0063712785888730573 0.064685847732290427 0.0073898703342238498 0.065504849114454283 -0.029263738488956293 -0.042927538409262889 0.057989699907420748 0.078884474037833288 -0.016175681631463459 0.02100280353972717 -0.03875072671006291 0.040846206663933168 0.0315726421874667 0.029647960107036936 -0.044161702020249251
leaf_weight=3.2850199267268243 40.47231400758028 31.563124395906925 30.29344630241394 24.617229012772441 118.08739034831524 22.692698482424021 72.625308379530907 16.808908179402351 110.13943987712264 15.89959169924259 14.443997945636509 13.522952187806366 8.0725962668657285 38.167408047243953 54.451560894027352 49.04548491537571 6.1223354041576377 21.660508081316948 11.998462751507757 91.828795673325658 187.25304803065956 6.102483518421649 8.0237125232815725 34.983390362933278 40.167763113975525 145.15405847504735 22.816314306110144 17.574758768081665 18.94681803882122 14.270568195730446
leaf_count=18 203 260 202 236 675 126 352 76 1012 73 86 120 44 330 383 228 37 284 66 1994 7250 63 39 418 178 3719 130 103 93 280
internal_value=0 -0.00956363 0.000313961 0.0132253 0.0147797 0.00883576 0.00778804 0.00126632 -0.00466394 -0.0090022 -0.0155406 -0.0191491 0.00465303 -0.0253771 -0.00519305 -0.0200748 -0.0159637 -0.034336 0.0168931 -0.0200069 -0.0386212 -0.00453706 0.0243188 0.0186324 0.00649018 -0.0345911 0.0122185 -0.000209266 0.000221888 -0.0262719
internal_weight=0 815.847 583.275 321.477 475.245 296.86 357.157 284.532 244.06 227.251 261.798 247.354 274.167 215.791 182.696 159.185 128.245 232.572 68.0658 122.122 210.911 23.6581 91.4708 83.3982 56.0674 158.677 75.3745 52.5581 57.1142 17.5556
internal_count=19078 16215 8320 3712 2863 3476 2188 1836 1633 1557 4608 4522 3350 4262 2616 1240 2233 7895 317 2196 7611 361 734 690 251 3839 651 521 423 298
is_linear=0
shrinkage=0.05


Tree=44
num_leaves=31
num_cat=0
split_feature=8 7 11 3 8 4 0 10 9 10 5 10 5 11 0 9 11 5 4 9 7 4 4 5 9 5 10 5 5 0
split_gain=74.8361 55.6891 54.8536 55.901 27.1434 28.3393 24.8275 22.6869 22.217 19.8691 19.313 20.9021 17.8149 17.2526 14.7785 16.094 13.2884 12.2254 13.8335 17.5093 10.9743 10.3257 9.94738 9.41488 10.1114 9.29333 8.91285 8.58936 8.1549 8.12697
threshold=0.18937277146118056 1.5000000000000002 1.0000000180025095e-35 166.12870473428788 0.48630674657002987 69.847360165456905 135.988274271542 1.0000000180025095e-35 1.0000000180025095e-35 1.0000000180025095e-35 54.350451386058829 1.0000000180025095e-35 104.46919254021928 1.0000000180025095e-35 476.72809421571384 1.0000000180025095e-35 1.0000000180025095e-35 57.571739922173045 370.07581632509863 1.0000000180025095e-35 1.0000000180025095e-35 118.38923036130409 68.564141821637222 101.15873163407757 1.0000000180025095e-35 135.64076674203423 1.5000000000000002 39.467913342837079 139.14043867487231 446.04504478847997
decision_type=2 2 2 2 2 2 2 2 2 2 2 2 2 2 2 2 2 2 2 2 2 2 2 2 2 2 2 2 2 2
left_child=1 2 3 8 5 16 25 13 29 28 -8 14 22 17 15 20 23 -7 19 -19 -12 -22 -10 24 -2 -4 -14 -11 -5 -1
right_child=4 -3 6 9 -6 7 10 -9 12 27 11 -13 26 -15 -16 -17 -18 18 -20 -21 21 -23 -24 -25 -26 -27 -28 -29 -30 -31
leaf_value=-0.046845269443683862 -0.028832623251701314 0.058281206837346423 0.0072854219124916441 0.013357548500231712 0.068241426955972559 0.038774104705869908 0.061285118245993024 0.039971581721906041 -0.031449369314875915 0.080653654594549901 -0.028344151893120884 0.029501223009414275 -0.034120976414244636 0.034587251198298682 0.036265340653817736 0.022337294866853312 0.0096260194335168782 -0.034257333522134885 0.024412120261369234 0.01277594219460464 -0.026531191393287513 0.036644303110214459 0.028256060854463923 -0.044377688147232017 0.046026058080441058 -0.028120508305860211 0.024108337095053094 0.019098045347961373 -0.020179260271349104 -0.020359886913641302
leaf_weight=188.16850550659001 11.635734513401987 29.57695198059082 25.686186790466309 24.60614793561399 24.143773354589939 18.38707983866334 18.484124667942524 104.88971042633057 9.3704687468707544 6.3532612994313231 74.173582885414362 76.562268309295177 74.236425196751952 54.070385120809078 21.206124722957611 31.747253060340881 45.626869685947895 50.016964005306363 29.133592011407018 32.740927092730999 11.426074787974359 14.905234739184378 27.303343236446381 31.486419811844826 7.366985145956277 66.557289861142635 7.2098699770867816 52.477827062830329 68.83514316380024 34.2331871278584
leaf_count=7934 150 225 121 171 153 108 116 942 130 31 524 426 1716 291 127 158 227 1042 185 267 51 69 184 1150 48 598 119 475 841 529
internal_value=0 -0.00914161 -0.011534 -0.0221998 0.0168129 0.0135907 0.00389098 0.0214071 -0.033461 0.00298329 0.0121138 0.00816246 -0.0159364 0.0108444 -0.00248372 -0.00869699 -0.00993076 0.000990214 -0.0052188 -0.0156499 -0.0185 0.00923025 0.0130008 -0.0276042 0.000188633 -0.0182613 -0.0289663 0.0257455 -0.0113479 -0.0427685
internal_weight=0 863.119 833.542 492.794 409.498 385.355 340.748 289.239 340.522 152.272 248.505 230.021 118.12 184.349 153.458 132.252 96.116 130.279 111.891 82.7579 100.505 26.3313 36.6738 50.4891 19.0027 92.2435 81.4463 58.8311 93.4413 222.402
internal_count=19108 14545 14320 12130 4563 4410 2190 2835 10612 1518 1471 1355 2149 1893 929 802 1575 1602 1494 1309 644 120 314 1348 198 719 1835 506 1012 8463
is_linear=0
shrinkage=0.05


Tree=45
num_leaves=31
num_cat=0
split_feature=7 11 0 7 9 8 8 4 8 10 11 3 8 8 9 5 9 8 3 5 5 0 4 8 10 0 5 4 8 10
split_gain=66.4777 55.5956 54.2544 29.8576 26.4993 26.1274 20.8565 20.3578 19.7661 18.2684 19.2053 16.9414 16.7803 15.5097 13.8818 13.1447 14.0233 14.4873 12.5046 12.5724 12.2244 11.5552 11.3888 13.4542 11.0904 10.9366 9.97774 9.64433 9.21863 8.48591
threshold=1.0000000180025095e-35 1.0000000180025095e-35 341.46250648926923 1.5000000000000002 1.0000000180025095e-35 0.076289968847360168 0.11846827626371521 172.46687954774572 0.11620148840968951 1.0000000180025095e-35 1.0000000180025095e-35 204.41304169419453 0.45491259551831259 0.16666937735140785 1.0000000180025095e-35 157.52663092164616 1.0000000180025095e-35 0.38856892835609974 155.2117607790419 45.178836935987896 114.6425151868232 827.96897245814819 118.38923036130409 0.096659167035345731 1.0000000180025095e-35 503.97420885567027 45.178836935987896 71.463619781707749 0.050914573234691084 1.0000000180025095e-35
decision_type=2 2 2 2 2 2 2 2 2 2 2 2 2 2 2 2 2 2 2 2 2 2 2 2 2 2 2 2 2 2
left_child=1 2 4 9 12 18 21 15 -6 10 11 13 -1 -2 25 -7 17 24 19 -3 -10 26 23 -12 -17 -8 -4 -22 -11 -27
right_child=3 5 6 -5 8 7 14 -9 20 28 22 -13 -14 -15 -16 16 -18 -19 -20 -21 27 -23 -24 -25 -26 29 -28 -29 -30 -31
leaf_value=-0.044641963334074275 -0.038534245109702311 0.040037415768274374 0.014435103769666112 0.056074657057878924 -0.035766412579412064 0.033838045556751788 -0.015360582888036493 0.039335782062368957 0.037273510175172837 -0.0017367357846426474 -0.026995667296222554 0.025875430098587421 0.016159090910436297 0.0044670179881225146 0.036762083425194797 -0.02918721804392084 0.027660278925517368 0.058396242473518004 0.025135126414073894 -0.022808006523501734 -0.048033662435500821 0.031011194396071629 0.04802735336517111 0.033791050137316141 0.0071758962360386194 0.0024519656274623169 -0.027826431380123848 0.0062395070706965962 0.038055173095725793 0.04413805876910893
leaf_weight=203.04687539115548 49.578166732564569 8.6593423783779127 16.582026615738869 45.610410530120134 46.257567061111331 37.029477577656507 45.981916727498174 72.190698876976967 22.071526637300849 18.075995801016688 16.781379945576191 25.769848484545946 12.019688334316013 36.338772168383002 42.005532987415791 54.720171891152859 34.001118324697018 7.2205977514386168 20.245084688067436 98.280052073299885 11.369003428146241 11.805427268147467 28.70544620603323 19.89445061981678 33.995267674326897 32.51811976917088 88.537948282435536 29.23137198574841 74.726098071783781 19.546805441379547
leaf_count=8247 1139 45 108 331 1158 197 670 420 155 268 87 156 97 453 264 447 158 31 115 725 365 56 161 100 213 267 1507 435 752 138
internal_value=0 -0.00784098 -0.0174595 0.0186587 -0.0310673 0.00741282 -0.000302899 0.0171504 -0.0109749 0.0123351 0.00291725 -0.00968177 -0.0412439 -0.0203468 0.0127123 0.00755815 6.89035e-05 -0.00970988 -0.0108976 -0.0177191 0.0073235 -0.0158925 0.0244394 0.0059775 -0.0152531 0.00240887 -0.0211599 -0.00895818 0.0303045 0.0181022
internal_weight=0 947.316 580.974 315.481 323.996 366.342 256.978 239.157 108.929 269.87 177.068 111.687 215.067 85.9169 140.052 166.967 129.937 95.936 127.184 106.939 62.6719 116.925 65.3813 36.6758 88.7154 98.0468 105.12 40.6004 92.8021 52.0649
internal_count=19265 15818 13467 3447 10457 2351 3010 1466 2113 3116 2096 1748 8344 1592 1339 1046 849 691 885 770 955 1671 348 187 660 1075 1615 800 1020 405
is_linear=0
shrinkage=0.05


Tree=46
num_leaves=31
num_cat=0
split_feature=10 11 4 9 0 9 0 9 5 11 8 6 7 8 6 7 4 5 8 0 8 7 5 8 11 9 1 4 8 7
split_gain=69.6347 44.121 38.6485 30.7332 25.5394 21.2386 20.6131 19.9994 17.4294 21.0522 17.0505 19.3258 16.4722 15.7546 17.381 17.737 16.6266 16.6806 14.4133 15.2868 13.2165 12.5683 10.831 12.4432 11.5826 10.8073 10.5126 10.3754 9.36141 8.76372
threshold=1.0000000180025095e-35 1.0000000180025095e-35 216.79433674733778 1.0000000180025095e-35 173.68140686059152 1.0000000180025095e-35 497.8888219283329 1.0000000180025095e-35 131.8323138609675 1.0000000180025095e-35 0.31607229904803352 1.0000000180025095e-35 1.0000000180025095e-35 0.38856892835609974 1.0000000180025095e-35 1.0000000180025095e-35 84.570624320229868 118.07011633124738 0.27095723533142363 490.73192420107256 0.13431405863357737 1.5000000000000002 24.109264533933764 0.37740520634859709 1.0000000180025095e-35 1.0000000180025095e-35 4.5000000000000009 281.97707179250921 0.17960047533826948 1.5000000000000002
decision_type=2 2 2 2 2 2 2 2 2 2 2 2 2 2 2 2 2 2 2 2 2 2 2 2 2 2 2 2 2 2
left_child=1 2 5 4 21 -1 7 13 -6 18 11 -7 25 14 -3 16 -16 -18 19 29 27 22 -2 24 -24 -4 -17 -5 -19 -10
right_child=3 6 12 20 8 10 -8 -9 9 -11 -12 -13 -14 -15 15 26 17 28 -20 -21 -22 -23 23 -25 -26 -27 -28 -29 -30 -31
leaf_value=-0.041210545483055042 0.053968636387326165 0.044164316038163037 -0.021395565626267894 0.012357768404659169 0.03813810573510535 0.041603709934909729 0.050806951451126736 0.024818799758718046 -0.040968897738053484 0.029151204119828855 0.037943535354802507 -0.02983659542025642 0.018832734259295592 0.05656109382517354 -0.047042276507443866 0.023984578504830573 0.03371399721573809 -0.031107042739901281 0.026957111686038759 0.011135712222746964 0.054801347161422542 0.079853900387386392 -0.051647548522623023 0.03971895062586301 -0.012018329179483721 0.0075737986182103784 -0.028913408014218402 0.05777422083926928 0.0042985448525268751 0.036481369442216631
leaf_weight=183.19550405442715 4.7111913729459038 14.494575478136538 98.057745100930333 58.591566501185298 61.755808332934976 10.804319858551024 22.643656358122826 69.167383149266243 44.87470237724483 65.516211986541748 14.281330958008764 76.453349569812417 62.256819404661655 9.6571077853441221 44.469875954091549 41.643872693181038 17.699067823588848 57.590459730476141 23.68454703502357 29.053809894248843 52.769731612876058 3.2887391075491896 33.761402919888496 7.0012587103992692 40.62428617849946 47.93103414028883 12.127515226602553 16.011792812496424 27.625324174761772 3.9760556593537322
leaf_count=6905 53 68 1471 680 496 81 154 355 1566 352 117 1595 433 49 486 210 95 395 220 271 493 33 1681 73 290 354 60 92 135 27
internal_value=0 -0.00971261 -0.0190714 0.0148954 0.00658839 -0.031044 0.0048362 0.00130128 0.0154404 0.00705222 -0.0127018 -0.0209908 -0.00270121 -0.00591837 -0.00871628 -0.0125267 -0.0214946 -0.0104554 -0.00719972 -0.0175841 0.035651 -0.0160759 -0.0197402 -0.0240069 -0.0300048 -0.0118843 0.012054 0.0221053 -0.0196292 -0.0346651
internal_weight=0 810.099 492.98 445.621 318.248 284.735 317.119 294.475 228.861 167.105 101.539 87.2577 208.246 225.308 215.651 201.156 147.385 102.915 101.589 77.9046 127.373 89.3869 86.0981 81.3869 74.3857 145.989 53.7714 74.6034 85.2158 48.8508
internal_count=19290 12963 10956 6327 5062 8698 2007 1853 2932 2436 1793 1676 2258 1498 1449 1381 1111 625 2084 1864 1265 2130 2097 2044 1971 1825 270 772 530 1593
is_linear=0
shrinkage=0.05


Tree=47
num_leaves=31
num_cat=0
split_feature=7 6 11 4 10 0 8 8 5 5 8 8 9 4 4 5 9 8 10 9 10 11 5 5 8 8 5 4 9 10
split_gain=64.8711 65.2222 56.1932 50.1818 26.3693 25.4031 23.8079 22.1324 19.0654 18.4757 18.1953 17.7624 15.1878 13.5775 13.3743 12.603 15.826 12.5712 11.7784 11.4613 10.9799 10.9383 11.4357 10.8674 12.0617 10.4422 10.4114 10.1368 10.0763 9.69794
threshold=1.0000000180025095e-35 1.0000000180025095e-35 1.0000000180025095e-35 224.48087646357445 1.0000000180025095e-35 231.12470763428826 0.20546667961270573 0.31607229904803352 20.77858595524712 26.633911164646587 0.050171021918386544 0.38856892835609974 1.0000000180025095e-35 401.96339663173177 118.38923036130409 101.15873163407757 1.0000000180025095e-35 0.03169490417539849 1.0000000180025095e-35 1.0000000180025095e-35 1.5000000000000002 1.0000000180025095e-35 79.562020119996063 157.52663092164616 0.16046240855317714 0.095585063359161768 135.64076674203423 256.53611719696772 1.0000000180025095e-35 1.0000000180025095e-35
decision_type=2 2 2 2 2 2 2 2 2 2 2 2 2 2 2 2 2 2 2 2 2 2 2 2 2 2 2 2 2 2
left_child=1 17 3 7 14 11 9 15 -9 -5 -7 12 29 -11 21 16 -3 -1 -18 -10 26 22 -2 -14 -25 -23 -6 -12 -15 -4
right_child=4 2 5 6 20 10 -8 8 19 13 27 -13 23 28 -16 -17 18 -19 -20 -21 -22 25 -24 24 -26 -27 -28 -29 -30 -31
leaf_value=-0.014120226494818528 0.021905506308394232 -0.043663109458076117 -0.03367891681480422 0.042295265615809291 0.060976449917322609 -0.0079788356115892863 0.021898038923320273 0.097022202488304912 -0.032573067220873234 -0.037477591654609031 0.020489712670311536 0.060457748699821012 0.056348430167644362 -0.019524867156765088 0.020126086012441809 -0.04889530796669217 -0.020888560305003967 0.040001474707361206 0.04464962875603963 0.02080619627598411 0.068971201254521566 -0.01752025816525354 -0.041165893160963696 -0.016301360764209565 0.041542284300753608 0.034977423455321024 0.020807983354000123 0.053139279519499885 0.021191964576085881 -0.0040153939379445449
leaf_weight=12.301903795450924 9.5802958775311691 40.271371986716986 69.539083130657673 13.021731041371821 22.045839257538319 44.822660245001316 67.190690921619534 4.2392716854810706 28.855989143252373 59.883161125704646 87.652194924652576 9.0157164260745031 10.256794258952139 41.205774709582329 121.95411159656942 164.73188309278339 17.409840524196628 83.935269622132182 11.30831044539809 15.43499945104122 25.804005913436413 16.678769968450069 28.767176723107696 33.229941114783287 12.366130188107489 21.922439821064472 60.131945449858904 32.62027296423912 24.070855882018805 45.635289710015059
leaf_count=132 113 967 681 67 159 245 521 22 517 1232 467 41 53 523 1056 8261 186 759 81 140 234 85 945 148 58 109 736 219 134 332
internal_value=0 -0.00588853 -0.0103923 -0.0213194 0.0206263 0.00504597 -0.00251545 -0.0350015 -0.00427529 -0.0143865 0.0192117 -0.00794364 -0.0115494 -0.0202837 0.00982725 -0.0413815 -0.0234402 0.0330832 0.00491833 -0.0139709 0.0405183 -0.00649512 -0.0254089 0.00984691 -0.000613561 0.0122943 0.031584 0.0293449 -0.00451047 -0.0219254
internal_weight=0 928.999 832.762 487.624 306.885 345.138 205.372 282.252 48.5303 138.182 165.095 180.043 171.027 125.16 198.903 233.721 68.9895 96.2372 28.7182 44.291 107.982 76.9487 38.3475 55.8529 45.5961 38.6012 82.1778 120.272 65.2766 115.174
internal_count=19223 15786 14895 12651 3437 2244 2477 10174 679 1956 931 1313 1272 1889 2308 9495 1234 891 267 657 1129 1252 1058 259 206 194 895 686 657 1013
is_linear=0
shrinkage=0.05


Tree=48
num_leaves=31
num_cat=0
split_feature=9 11 4 3 7 7 0 5 5 0 6 10 11 0 6 10 7 5 10 3 4 6 5 6 3 5 5 7 5 4
split_gain=64.5601 50.7507 44.7733 23.481 20.5681 20.4191 20.0274 20.0034 18.2562 18.0578 18.0043 15.865 15.8207 19.9831 15.4766 14.5418 14.2005 13.7191 10.9747 9.10103 8.93356 8.95933 9.65206 8.84924 8.27983 8.21833 8.08262 7.92261 9.56876 8.21434
threshold=1.0000000180025095e-35 1.0000000180025095e-35 197.93595438604038 17.456985585725668 1.0000000180025095e-35 1.5000000000000002 470.37566334088029 36.527792906342476 82.404682532486291 827.96897245814819 1.0000000180025095e-35 1.0000000180025095e-35 1.0000000180025095e-35 243.42656868708619 1.0000000180025095e-35 1.5000000000000002 1.0000000180025095e-35 98.558534733192815 1.0000000180025095e-35 54.313414686058827 338.3307378914489 1.0000000180025095e-35 36.527792906342476 1.0000000180025095e-35 52.92981752238061 69.734370565269089 18.016304280812989 1.0000000180025095e-35 242.53155502104394 96.646505866711394
decision_type=2 2 2 2 2 2 2 2 2 2 2 2 2 2 2 2 2 2 2 2 2 2 2 2 2 2 2 2 2 2
left_child=1 2 7 -3 12 6 8 24 -5 16 -10 -12 13 14 -2 20 18 -18 -4 -14 21 -15 -23 -9 -1 -20 -16 -25 29 -29
right_child=4 3 9 5 -6 -7 -8 23 10 -11 11 -13 19 15 26 -17 17 -19 25 -21 -22 22 -24 27 -26 -27 -28 28 -30 -31
leaf_value=-0.026290288014247383 0.037488796227162169 -0.036128476522487428 -0.026417975529442191 0.039815416327744629 0.038084214718022008 0.087616337860483354 0.04793199669604109 -0.0093225878045249486 0.05322535621533836 0.043051241592597531 -0.013269403288389936 0.013682628798583264 0.012231257864232792 0.041743873668763198 0.030413555619780555 0.075014380012874846 0.060935028428018602 0.0016133747761049423 0.030898122535590274 0.044517653376003941 0.02924726254112241 0.047024247438015317 -0.015110741933611392 -0.04806739941415706 0.024625202921420376 -0.0098706380579529768 -0.035112140826151488 -0.034697252051644291 -0.041484351187035952 0.028579796027176668
leaf_weight=13.708191664889453 10.16224120929837 29.921224012970924 93.757672597654164 31.816800184547901 86.606992462649941 8.2933070659637433 28.711205460131168 23.419045370072126 14.756311960518358 19.342656061053276 153.59128289297223 84.716349817812443 45.503685086965561 10.553557455539702 5.160167768597602 9.1258293855935317 11.774983253329991 56.570640783756971 16.352796263992786 41.948313288390636 37.256287060678005 7.0479627549648276 55.211502166464925 143.86392683163285 19.124255310744047 50.645230114459991 53.492150720208883 9.1079771835356969 36.693119378760457 11.739633370190857
leaf_count=255 88 257 1649 181 709 43 200 476 72 91 1073 492 212 57 43 67 66 474 85 248 211 34 697 7371 200 792 1469 248 1234 162
internal_value=0 -0.00834655 -0.0184858 0.00623949 0.0168309 0.0101779 0.0081299 -0.0330892 0.00411852 -0.00334085 -0.000369521 -0.00368818 0.0101487 0.0019764 -0.0194772 0.0143621 -0.00725766 0.0118337 -0.0153744 0.0277182 0.00933348 -0.000855826 -0.00807687 -0.0384132 0.00336699 8.01511e-05 -0.0293473 -0.0417958 -0.0261153 0.000935097
internal_weight=0 857.907 506.1 351.806 362.069 321.885 313.592 257.656 284.881 248.444 253.064 238.308 275.462 188.01 68.8146 119.195 229.101 68.3456 160.756 87.452 110.069 72.813 62.2595 224.824 32.8324 66.998 58.6523 201.405 57.5407 20.8476
internal_count=19256 15421 13103 2318 3835 2061 2018 9946 1818 3157 1637 1565 3126 2666 1600 1066 3066 540 2526 460 999 788 731 9491 455 877 1512 9015 1644 410
is_linear=0
shrinkage=0.05


Tree=49
num_leaves=31
num_cat=0
split_feature=10 4 11 9 11 4 5 5 7 6 5 7 0 5 10 7 7 3 5 0 11 0 7 6 6 0 5 10 3 4
split_gain=56.8727 52.3457 35.7351 34.1447 34.8682 28.0491 24.7787 20.3988 14.2001 15.7168 13.3907 11.8346 11.7065 12.3887 11.5098 10.9138 10.1639 9.1824 9.82486 9.09934 8.51472 11.907 9.3108 8.78497 8.32522 8.50566 9.29663 8.1489 7.20278 7.0657
threshold=1.5000000000000002 102.31234046560238 1.0000000180025095e-35 1.0000000180025095e-35 1.0000000180025095e-35 413.23037711599858 82.404682532486291 111.04897398867058 1.0000000180025095e-35 1.0000000180025095e-35 139.14043867487231 1.5000000000000002 470.37566334088029 104.46919254021928 1.0000000180025095e-35 1.5000000000000002 1.0000000180025095e-35 24.533262693191173 327.39262444594067 497.8888219283329 1.0000000180025095e-35 535.87082324772916 1.0000000180025095e-35 1.0000000180025095e-35 1.0000000180025095e-35 911.89367059962524 39.467913342837079 2.5000000000000004 324.83454637060066 68.01730353967146
decision_type=2 2 2 2 2 2 2 2 2 2 2 2 2 2 2 2 2 2 2 2 2 2 2 2 2 2 2 2 2 2
left_child=1 2 7 4 5 6 14 -1 9 -4 -5 19 13 -6 -3 27 -15 -11 -19 -8 21 22 23 -12 -7 26 -26 -2 -25 -20
right_child=15 3 8 10 12 24 11 -9 -10 17 20 -13 -14 16 -16 -17 -18 18 29 -21 -22 -23 -24 28 25 -27 -28 -29 -30 -31
leaf_value=-0.0095362738565232252 0.028642997106836779 -0.0099124955081320871 0.047658859511565205 0.043700172623255595 0.0494808235358421 0.068860895438508415 -0.040639030088057131 -0.043822054457565887 0.021598655916856488 -0.032868999739158168 0.031653618697211783 0.018516052844121996 0.046108306595003007 -0.0013199524511735942 0.034347161477731251 0.11679682047787239 0.031712535996935028 0.012181083554392276 0.00022369395710970845 -0.015167300416149585 0.037523441919867263 0.036120767098695376 0.023599850967852349 -0.023395842144062887 0.052828715870958144 0.058327993121231596 -0.002909305918932775 0.073162574477217246 0.031441214110577077 -0.037022530671041963
leaf_weight=65.10399020370096 75.235372168011963 38.440562540665269 11.045431874692438 53.517478564754128 18.095573410391808 6.1293785609304896 117.57630527671427 130.02880203165114 47.504043109714985 45.071553982794285 11.001111403107641 11.921577066183088 27.031141810119152 112.07798775285482 23.773286897689104 4.2481820583343497 29.394851639866829 43.051509883254766 23.225107941776514 49.959952061995864 33.274197079241276 31.35377074405551 31.034573037177324 51.726954774931073 8.4247027337551099 7.7560393363237372 66.788606517016888 11.905160332098601 6.7721033096313468 28.185494959354401
leaf_count=1098 1063 397 50 341 114 31 4185 6480 243 383 65 74 193 645 170 28 148 266 208 593 203 173 211 822 43 34 668 143 39 226
internal_value=0 -0.00246815 -0.0171964 0.00540002 -0.00160134 -0.0113507 -0.0201914 -0.032383 -0.00223598 -0.00975523 0.0219644 -0.0296181 0.0156806 0.0105261 0.0070001 0.0385403 0.00554345 -0.0143001 -0.00544016 -0.0330433 0.0149213 0.00921904 0.000829204 -0.00933879 0.012629 0.00847484 0.00333395 0.0347253 -0.0170477 -0.0201963
internal_weight=0 1129.27 393.216 736.05 517.37 330.77 241.672 195.133 198.083 150.579 218.68 179.458 186.6 159.568 62.2138 91.3887 141.473 139.534 94.4621 167.536 165.163 131.889 100.535 69.5002 89.0987 82.9693 75.2133 87.1405 58.4991 51.4106
internal_count=19337 18103 8954 9149 7295 6195 5419 7578 1376 1133 1854 4852 1100 907 567 1234 793 1083 700 4778 1513 1310 1137 926 776 745 711 1206 861 434
is_linear=0
shrinkage=0.05


Tree=50
num_leaves=31
num_cat=0
split_feature=10 11 0 7 8 6 11 4 7 8 3 8 8 0 10 9 8 8 4 7 9 8 4 0 8 9 0 8 4 7
split_gain=61.8541 34.4388 36.1669 30.0976 26.6881 22.4314 27.4281 31.0947 20.6459 19.19 18.5477 16.396 15.8668 13.6957 11.6127 11.2679 10.6063 9.85155 9.60584 10.3653 9.01577 9.34598 8.68317 8.50523 8.388 8.31194 8.06898 9.56914 7.84586 7.04795
threshold=1.0000000180025095e-35 1.0000000180025095e-35 324.0488061421803 1.0000000180025095e-35 0.047767249101430771 1.0000000180025095e-35 1.0000000180025095e-35 286.98061637840243 1.5000000000000002 0.45491259551831259 50.019881414178876 0.10296315306520447 0.051800994285479386 640.9583196547203 2.5000000000000004 1.0000000180025095e-35 0.19864806658778503 0.19667434382226454 256.53611719696772 1.0000000180025095e-35 1.0000000180025095e-35 0.24662626164387905 380.79465458720659 196.32490489832685 0.18937277146118056 1.0000000180025095e-35 490.73192420107256 0.37740520634859709 239.37429057146636 1.0000000180025095e-35
decision_type=2 2 2 2 2 2 2 2 2 2 2 2 2 2 2 2 2 2 2 2 2 2 2 2 2 2 2 2 2 2
left_child=1 2 9 4 28 -6 7 14 11 17 16 25 -12 20 23 18 -3 -1 19 -14 22 -22 -13 -7 -25 -4 27 -5 -2 -27
right_child=3 10 8 26 5 6 -8 -9 -10 -11 12 13 15 -15 -16 -17 -18 -19 -20 -21 21 -23 -24 24 -26 29 -28 -29 -30 -31
leaf_value=-0.041041581847115288 -0.032108968631964725 -0.02135944975430315 -0.03475604525013587 0.028547321375943176 0.056041761691585638 -0.042786896163220012 0.030895795718811032 0.029886250305518326 0.069086601343465656 0.032832696194309841 -0.008681832923129738 -0.029726287653856456 0.0004018198426553861 0.034110865331859877 0.079679693308042976 0.055360578659205864 0.012102959858669155 -0.018900258449292218 0.04455412897641467 0.042526928461673663 -0.0012656626653015533 0.055936439588120973 0.0085140821065894812 -0.030117454203454727 0.0068702402154699749 -0.015836246525713367 0.071758613673511926 0.09440251362217611 0.0042378074152146219 0.039539527106648077
leaf_weight=149.13136429898441 45.211371785961092 77.485428247600794 52.665901875123382 86.968270156532526 29.663404777646065 33.914638717658818 94.495883535593748 46.606713183224201 9.7111703678965551 11.428899124264715 52.726558249443769 38.038779909722507 69.047139599919319 32.032602444291115 2.8530286941677323 23.208194099366665 34.102760378271341 75.76029000338167 24.812622360885143 18.51971460133791 21.42975883744657 10.709138907492159 24.345879649743438 30.586714050732553 30.725381890311837 23.025613836944107 15.440806511789559 5.8896729052066794 22.107382064685225 7.6566585823893538
leaf_count=6268 1045 646 1041 992 250 1499 571 425 50 90 309 699 411 189 64 156 177 1746 169 96 160 57 198 818 389 214 91 36 211 43
internal_value=0 -0.00813929 -0.0167953 0.0153661 0.00798102 0.0150307 0.0099445 -0.00373896 -0.00218721 -0.0303708 0.00502027 -0.00548468 0.0145921 0.00585589 -0.0197174 0.0236427 -0.0111329 -0.0335827 0.0170924 0.00931096 -0.00371929 0.0177949 -0.0148028 -0.0226954 -0.0115818 -0.0227042 0.0382897 0.0327243 -0.0201727 -0.00201741
internal_weight=0 755.838 455.936 444.463 336.165 268.846 239.182 144.686 219.616 236.321 299.902 209.904 188.314 126.556 98.0798 135.588 111.588 224.892 112.379 87.5669 94.5236 32.1389 62.3847 95.2267 61.3121 83.3482 108.299 92.8579 67.3188 30.6823
internal_count=19110 12719 10755 6391 5272 4016 3766 3195 2651 8104 1964 2601 1141 1303 2770 832 823 8014 676 507 1114 217 897 2706 1207 1298 1119 1028 1256 257
is_linear=0
shrinkage=0.05


Tree=51
num_leaves=31
num_cat=0
split_feature=8 4 11 9 9 4 7 11 6 8 7 10 11 0 6 3 10 9 4 3 6 11 0 0 9 8 7 6 3 10
split_gain=54.702 32.3885 33.6924 25.6164 22.65 21.1219 20.4972 19.9823 18.5702 18.0531 15.5662 14.8206 11.7839 12.4679 11.5845 11.4077 12.0555 10.2304 9.29984 8.86249 8.6193 9.10476 9.59147 8.60646 8.45329 8.03001 7.71369 11.1391 7.34442 7.27295
threshold=0.14758346693390037 413.23037711599858 1.0000000180025095e-35 1.0000000180025095e-35 1.0000000180025095e-35 89.703841473934816 1.0000000180025095e-35 1.0000000180025095e-35 1.0000000180025095e-35 0.32549435132716659 2.5000000000000004 1.5000000000000002 1.0000000180025095e-35 484.31177953255195 1.0000000180025095e-35 48.569196501516394 1.0000000180025095e-35 1.0000000180025095e-35 127.19406226566473 27.236745199358769 1.0000000180025095e-35 1.0000000180025095e-35 490.73192420107256 173.68140686059152 1.0000000180025095e-35 0.050914573234691084 1.0000000180025095e-35 1.0000000180025095e-35 108.12304754935253 1.0000000180025095e-35
decision_type=2 2 2 2 2 2 2 2 2 2 2 2 2 2 2 2 2 2 2 2 2 2 2 2 2 2 2 2 2 2
left_child=1 2 4 5 10 7 8 -2 -4 12 14 17 13 26 -1 -6 28 23 -19 -5 -3 22 -22 -10 -8 -25 27 -7 -17 -24
right_child=3 20 6 19 15 9 24 -9 11 -11 -12 -13 -14 -15 -16 16 -18 18 -20 -21 21 -23 29 25 -26 -27 -28 -29 -30 -31
leaf_value=-0.0041103270864172236 -0.03607831137301986 0.073002280150762669 0.043428822927017663 2.6868579073245583e-05 -0.036174886041607943 0.021746961522902727 0.016477501303883584 0.0069023739569668945 -0.045244442018499503 0.036923662167439884 0.12536593543651359 0.03469307153009199 0.022585751470349118 0.018201279472807291 -0.040216007253839746 -0.034539570321383072 0.022671127926698658 -0.012499369020788877 0.033034997600633505 0.035669445079575472 -0.017311542702771011 0.048826115722984176 0.0049659229816163795 -0.036286156096182368 0.065986951884291711 -0.0034132866832271326 0.006788603285320393 -0.036057789674668696 0.0022771985547572955 0.048014066009527942
leaf_weight=25.427729074843228 50.170592645183206 6.7737866267561904 16.086370535194874 20.355399910360575 26.203623972833157 10.232630897313355 53.915449127554893 58.659604396671057 36.613913532346487 61.781324477866292 1.5121832005679596 15.198250241577623 69.237228471785784 45.019923692569137 175.88436090666801 24.094091355800629 38.368456220254302 36.971477188169956 16.094956904649734 121.78852254524827 26.133581874892116 15.57475560903549 25.805168833583593 29.969487652182579 10.262753717601298 48.870969973504543 28.269143303856254 44.920707743614912 30.941189173609018 15.830850083380936
leaf_count=395 1966 35 81 276 866 87 270 348 484 492 12 91 409 358 7606 484 382 171 91 1059 357 112 187 195 67 323 308 1399 277 90
internal_value=0 -0.00914532 -0.013434 0.0125355 -0.0242783 0.00557685 -0.000188654 -0.0129117 -0.00808487 0.0133318 -0.034455 -0.0125954 0.00595858 -0.00300434 -0.0356555 -0.00702128 0.00115751 -0.0168602 0.00131112 0.0305653 0.018762 0.0143536 0.00643116 -0.0252122 0.0243946 -0.0159092 -0.0144482 -0.0253332 -0.0138409 0.0213337
internal_weight=0 676.533 586.415 510.435 322.432 368.291 263.984 108.83 199.805 259.461 202.824 183.719 197.68 128.442 201.312 119.607 93.4037 168.521 53.0664 142.144 90.1181 83.3444 67.7696 115.454 64.1782 78.8405 83.4225 55.1533 55.0353 41.636
internal_count=19278 12576 11795 6702 10022 5367 1773 2314 1436 3053 8013 1355 2561 2152 8001 2009 1143 1264 262 1335 781 746 634 1002 337 518 1794 1486 761 277
is_linear=0
shrinkage=0.05


Tree=52
num_leaves=31
num_cat=0
split_feature=8 5 11 0 4 9 7 6 5 4 10 0 7 11 9 11 9 10 9 0 6 7 8 11 11 6 0 9 9 8
split_gain=51.4911 40.5788 37.5888 38.9241 22.4942 18.7517 17.1434 18.0778 15.8204 14.2356 12.8464 12.7191 12.666 12.5687 10.8297 10.4113 10.3596 10.6369 9.04075 14.6324 8.8532 9.81616 8.78229 8.60672 8.51508 10.4839 10.2357 8.82178 8.50941 8.48373
threshold=0.24049502789834709 139.14043867487231 1.0000000180025095e-35 446.04504478847997 330.89220876817257 1.0000000180025095e-35 1.0000000180025095e-35 1.0000000180025095e-35 20.77858595524712 96.646505866711394 1.0000000180025095e-35 224.0334013792409 1.5000000000000002 1.0000000180025095e-35 1.0000000180025095e-35 1.0000000180025095e-35 1.0000000180025095e-35 1.5000000000000002 1.0000000180025095e-35 134.55865334122498 1.0000000180025095e-35 1.0000000180025095e-35 0.39930532671204416 1.0000000180025095e-35 1.0000000180025095e-35 1.0000000180025095e-35 308.75851912002378 1.0000000180025095e-35 1.0000000180025095e-35 0.082626898190207687
decision_type=2 2 2 2 2 2 2 2 2 2 2 2 2 2 2 2 2 2 2 2 2 2 2 2 2 2 2 2 2 2
left_child=1 5 3 12 6 11 7 -4 -2 13 -9 15 16 -10 20 -1 -3 -18 19 -8 -5 -22 24 -13 25 -11 -27 -28 -12 -21
right_child=8 2 4 14 -6 -7 18 10 9 22 28 23 -14 -15 -16 -17 17 -19 -20 29 21 -23 -24 -25 -26 26 27 -29 -30 -31
leaf_value=-0.034458851425464627 0.074882982763376751 -0.04733308651770355 0.039236409423349564 0.030297171370662308 0.042410202219946389 0.031189127181290105 -0.030576944808830442 -0.026614260102511601 -0.019127118325473688 0.062609809187196941 -0.0088864604531070958 0.0049768228935306589 0.0046289534021834973 0.019920461964585034 0.018552190952632008 0.0039841284652988159 -0.031244986431724232 0.025848321265641995 0.060913576840174823 0.005645868848174574 -0.031813065005546558 0.0073043808177179516 0.045173416727037854 0.040029050175766107 0.04101567177295809 -0.01754991874257673 0.0056494222961641326 0.047742683235416215 0.032606151673163726 0.052308321546294737
leaf_weight=34.596511934883893 11.856472391635178 136.80637073237449 16.02718298137188 10.722124531865118 28.590555042028427 76.464993575587869 15.953956395387648 112.1091519780457 44.841741317883134 8.9332147669047099 52.919272061437368 78.710775281302631 18.188352692872286 38.133787095546722 44.603416424244642 35.874699741601944 77.735146552324295 9.1145372260361892 10.269131168723105 22.167040504515171 46.893230399116874 24.373462164774537 38.261854825541377 22.523758806288242 30.649678073823452 30.915928335860372 43.105586275458336 17.500677846372128 16.120735943317413 17.376313753426075
leaf_count=1110 70 7947 79 51 206 612 88 934 1118 54 380 821 180 182 271 183 1905 127 66 100 807 179 251 146 193 505 398 93 80 89
internal_value=0 -0.0066423 -0.0131235 -0.023738 0.000290988 0.0105934 -0.00428876 -0.0116621 0.0184373 0.0157852 -0.0161653 0.00142166 -0.035496 -0.00118168 -0.0012753 -0.0148887 -0.0387591 -0.0252533 0.0178174 0.00984291 -0.0120618 -0.0184348 0.0240975 0.0127756 0.0179467 0.0109082 0.00586174 0.0178043 0.000802001 0.0261505
internal_weight=0 908.141 659.97 368.437 291.533 248.171 262.943 197.176 264.199 252.342 181.149 171.706 241.844 82.9755 126.592 70.4712 223.656 86.8497 65.7664 55.4973 81.9888 71.2667 169.367 101.235 131.105 100.455 91.5222 60.6063 69.04 39.5434
internal_count=19225 16361 13489 11467 2022 2872 1816 1473 2864 2794 1394 2260 10159 1300 1308 1293 9979 2032 343 277 1037 986 1494 967 1243 1050 996 491 460 189
is_linear=0
shrinkage=0.05


Tree=53
num_leaves=31
num_cat=0
split_feature=7 6 11 4 5 0 8 10 5 10 11 3 8 5 8 4 0 5 0 4 8 8 5 8 0 8 8 10 5 11
split_gain=52.8691 49.6261 38.266 40.2135 27.4277 22.7031 20.3481 19.9741 18.4634 15.4048 14.6484 18.7342 14.648 13.9219 15.8879 13.2878 10.9765 10.1302 10.5501 10.0151 9.65552 9.26351 9.04929 10.6451 7.72523 8.39311 7.69527 7.64583 7.614 8.12534
threshold=1.0000000180025095e-35 1.0000000180025095e-35 1.0000000180025095e-35 281.97707179250921 146.89441876424289 173.68140686059152 0.32074097985257727 1.0000000180025095e-35 131.8323138609675 1.5000000000000002 1.0000000180025095e-35 58.156984426515002 0.1067134756863716 160.74231115795581 0.16666937735140785 313.46040845957197 451.94276215490856 48.189108096727203 680.46374583134912 424.90480886809797 0.38856892835609974 0.25287549080952915 286.25560795212812 0.14220629391906756 705.37169474384621 0.36641356078293924 0.097762074891255948 1.0000000180025095e-35 57.571739922173045 1.0000000180025095e-35
decision_type=2 2 2 2 2 2 2 2 2 2 2 2 2 2 2 2 2 2 2 2 2 2 2 2 2 2 2 2 2 2
left_child=1 12 3 4 6 22 16 17 -2 10 11 -10 28 -7 15 -15 27 -5 20 21 -19 -13 23 -4 25 -9 -12 -3 -1 -30
right_child=8 2 5 7 -6 13 -8 24 9 -11 26 19 -14 14 -16 -17 -18 18 -20 -21 -22 -23 -24 -25 -26 -27 -28 -29 29 -31
leaf_value=0.05801142896440923 0.040391557256616493 -0.042739764327618959 -0.017520167488987173 0.029668400373490375 -0.043379999626785376 0.039828387474355416 0.033302638029064191 0.0060238900570059699 -0.041403074654246357 0.053129576090358781 0.0089172027254733575 -0.010921844210112983 0.046225438100972072 -0.013481715258950415 0.027943234648949988 0.034380926119067443 0.018098548818374558 -0.039273537890784284 0.0062919525923266165 0.035244265254537242 0.033540069900250276 0.030202832589821472 -0.026519316431808094 0.028686291422538281 0.057507349364079578 0.073035876149067258 0.04073062792203902 -0.010195227563607771 -0.015750432333740027 0.033099903372719335
leaf_weight=6.3301904872059813 68.218561626970768 44.999071836471558 31.116322508081794 11.38370346277952 182.83716069255024 37.861584309488535 20.393071983009577 42.720159887336195 26.03409880399704 19.562253264710307 39.729563109576702 64.438884262926877 48.718587817624211 86.128073580563068 54.425657097250223 17.436857536435127 14.305208850651978 50.96855984441936 25.011540357023478 22.869646854698658 4.9995220676064482 17.388456631451845 70.492646401748061 20.794958967715502 12.484766185283659 5.2464327886700621 36.445176087319851 30.131583085283637 28.134910771623254 12.204915709793566
leaf_count=37 572 1210 212 61 8933 244 138 488 1038 191 212 911 428 546 312 124 116 897 127 139 25 135 652 114 65 26 211 558 382 62
internal_value=0 -0.00695489 -0.0112018 -0.0206615 -0.0315167 0.00203951 -0.0117674 0.000128008 0.0175882 0.0107192 0.00670949 -0.00344584 0.0270484 0.0125969 0.00607106 -0.00542325 -0.0220442 -0.0144963 -0.0207047 0.00599266 -0.0327692 -0.00218278 -0.0148529 0.000989517 0.0224724 0.0133534 0.0241381 -0.0296876 0.00702952 -0.000970641
internal_weight=0 859.125 763.737 445.481 292.666 318.256 109.829 152.815 294.687 226.468 206.906 130.731 95.3886 195.852 157.991 103.565 89.4359 92.3633 80.9796 104.697 55.9681 81.8273 122.404 51.9113 60.4514 47.9666 76.1747 75.1307 46.67 40.3398
internal_count=19166 15757 14848 12644 10955 2204 2022 1689 3409 2837 2646 2223 909 1226 982 670 1884 1110 1049 1185 922 1046 978 326 579 514 423 1768 481 444
is_linear=0
shrinkage=0.05


Tree=54
num_leaves=31
num_cat=0
split_feature=9 7 10 3 11 8 5 8 11 8 3 10 8 8 6 5 7 4 11 6 5 4 5 11 7 3 4 4 3 5
split_gain=46.3334 35.3274 33.356 24.9669 25.3363 21.3432 19.8263 15.8266 19.3397 14.0133 13.5162 11.7119 13.0779 11.4555 11.6607 11.5568 11.3695 10.9513 16.6678 16.7206 16.1226 10.2172 9.59997 10.4236 10.3189 9.53832 9.45611 9.11107 9.084 7.99832
threshold=1.0000000180025095e-35 1.5000000000000002 1.0000000180025095e-35 122.34082473741329 1.0000000180025095e-35 0.07011338158810268 131.8323138609675 0.28550391290707627 1.0000000180025095e-35 0.12188422700743069 115.46572942985462 1.5000000000000002 0.38856892835609974 0.38856892835609974 1.0000000180025095e-35 36.527792906342476 1.0000000180025095e-35 353.56221348967688 1.0000000180025095e-35 1.0000000180025095e-35 111.04897398867058 80.220202632779319 153.79164663750586 1.0000000180025095e-35 1.0000000180025095e-35 49.610177114887868 174.47722096801951 163.59063566674271 47.742924978797802 36.527792906342476
decision_type=2 2 2 2 2 2 2 2 2 2 2 2 2 2 2 2 2 2 2 2 2 2 2 2 2 2 2 2 2 2
left_child=1 2 3 4 -1 22 -4 8 10 -5 -8 12 16 14 -6 -16 17 18 19 -7 25 -17 23 27 -24 -21 -10 -2 -20 -11
right_child=5 -3 6 9 13 11 7 -9 26 29 -12 -13 -14 -15 15 21 -18 -19 28 20 -22 -23 24 -25 -26 -27 -28 -29 -30 -31
leaf_value=-0.042434492891250682 -0.030003630018815255 0.044946714280828526 0.025544567469757109 -0.018162653953124185 0.034097985394730683 0.042531678585560388 -0.049093009872809762 0.025685950519694068 -0.0042950936391621631 0.061190887654190063 -0.0094149599027761096 0.058184435092028412 0.064152438304919998 0.047962280538853964 0.035157223673996846 -0.040920285994817403 0.036424502561742733 0.038532996130620542 0.0066224013045540001 -0.027916111005477515 -0.037272282292789803 -0.012834984854956112 -0.02432571820366437 0.063056423838739717 0.017508920902374246 0.03524837658166332 0.032833810042814708 0.032941939010640346 0.054138917637341535 0.0057491917556481758
leaf_weight=137.72192548122257 11.80752348713577 30.597754927352071 76.529260004870594 83.596556068398058 10.733784407377241 12.877811104059218 38.834546220488846 36.315775050781667 58.220529917627573 7.0085609257221213 47.982318782247603 21.096233194693923 15.016794335097073 7.2767605036497107 8.9522090777754766 52.121502680703998 50.01862439326942 25.830741530284286 21.181074142456055 9.4088335298001784 45.511398677714169 85.508294694125652 57.571435787715018 9.4315020143985731 19.812900379300117 16.384937733411789 24.308563493192196 11.203629091382025 19.154278039932251 90.589757950045168
leaf_count=6746 146 248 799 1178 51 90 2486 390 395 42 726 181 106 36 48 546 419 159 99 112 1139 539 891 58 197 98 144 63 124 912
internal_value=0 -0.00773654 -0.00984179 -0.0178143 -0.0266105 0.0141711 0.00381846 -0.00426609 -0.0106892 -0.00313837 -0.0271636 0.0226303 0.0191479 -0.0133699 -0.0162068 -0.0198905 0.0157749 0.00890516 0.00275901 -0.0099036 -0.0193735 -0.0234711 -0.00404315 0.0187875 -0.0136147 0.0122078 0.00664105 0.000643197 0.0291868 0.00973047
internal_weight=0 796.298 765.7 483.509 302.314 346.308 282.191 205.662 169.346 181.195 86.8169 236.481 215.384 164.593 157.316 146.582 200.368 150.349 124.518 84.183 71.3052 137.63 109.827 32.4427 77.3843 25.7938 82.5291 23.0112 40.3354 97.5983
internal_count=19168 15286 15038 10098 7966 3882 4940 4141 3751 2132 3212 2527 2346 1220 1184 1133 2240 1821 1662 1439 1349 1085 1355 267 1088 210 539 209 223 954
is_linear=0
shrinkage=0.05


Tree=55
num_leaves=31
num_cat=0
split_feature=8 10 7 8 11 0 11 4 4 3 9 9 9 6 7 0 11 4 8 9 3 3 7 4 8 3 4 7 6 7
split_gain=48.5245 29.2771 27.1817 22.2659 20.7161 25.1085 17.5362 20.245 16.3094 15.0213 14.2328 13.1388 12.8996 11.7608 11.1013 10.9692 10.6848 13.0599 9.0925 7.78363 7.65233 7.20531 7.10741 6.94076 7.74382 6.50622 6.30295 6.00823 5.96905 5.77957
threshold=0.095585063359161768 1.0000000180025095e-35 1.5000000000000002 0.38856892835609974 1.0000000180025095e-35 606.53340188639982 1.0000000180025095e-35 245.83366822610969 252.98999883371349 157.72043721118683 1.0000000180025095e-35 1.0000000180025095e-35 1.0000000180025095e-35 1.0000000180025095e-35 1.0000000180025095e-35 135.988274271542 1.0000000180025095e-35 101.41411478473661 0.16521333178727352 1.0000000180025095e-35 59.123655937389124 33.6216220278667 1.0000000180025095e-35 513.19282286928512 0.32074097985257727 50.466285055954565 401.96339663173177 1.0000000180025095e-35 1.0000000180025095e-35 1.0000000180025095e-35
decision_type=2 2 2 2 2 2 2 2 2 2 2 2 2 2 2 2 2 2 2 2 2 2 2 2 2 2 2 2 2 2
left_child=2 3 4 6 5 13 7 12 14 10 15 16 -2 -1 19 -6 17 -3 -14 20 -8 -16 -20 24 -19 -21 -7 -15 -13 -9
right_child=1 11 -4 -5 9 26 8 29 -10 -11 -12 28 18 27 21 -17 -18 23 22 25 -22 -23 -24 -25 -26 -27 -28 -29 -30 -31
leaf_value=-0.003228905655616115 -0.037393546837252864 -0.024751311117867898 0.041741330361682559 0.033787216256212414 -0.04515290462330411 -0.011255138308133827 -0.027657594642883327 -0.0030080661763294109 0.053672480769093679 0.032032196168476648 0.013284901837607378 0.086105777571859499 -0.035148568802291939 -0.044362404617054631 -0.00074688312801454737 -0.0099254951265475497 0.029845895482296166 -0.00054826993204526041 -0.0068130219909923731 0.0014764501593201947 0.0025810314516042446 0.05095886611852251 0.039512438371320228 0.047717819000506895 0.038585791958152038 0.057636473125610092 0.028228139042592471 -0.023701545398733582 0.03512071422540719 0.023365362687641233
leaf_weight=27.851317751221359 81.751917167566717 28.118177799507976 21.302670177072287 43.55966754630208 29.537763414904475 18.93031982332468 38.006119024008512 67.723300002515316 18.236159689724445 25.272538900375366 49.01654614508152 6.3094396740198126 18.928043461404741 119.67777759861201 10.95785900950432 87.734466087073088 68.178289663046598 55.27401159144938 27.802766962908208 13.897822409868242 46.54556368291378 17.495116367936134 11.791009074077008 13.310447975993155 16.389354858547449 8.2000934705138189 21.688174642622471 49.842149884440005 63.676778963766992 29.964219603687525
leaf_count=372 3626 1124 167 356 326 163 324 751 141 176 255 39 415 5582 55 575 412 942 401 64 254 104 90 85 120 56 122 1202 641 182
internal_value=0 0.00772809 -0.0133877 -0.000122798 -0.0161218 -0.025973 -0.00389767 -0.0123945 0.00928825 -0.00388288 -0.00934124 0.0213159 -0.0245649 -0.0333405 0.00329726 -0.0187983 0.0142115 0.00478615 -0.00664407 -0.00410577 -0.0110113 0.0310459 0.00698268 0.0145602 0.00840166 0.0223163 0.00982689 -0.0382877 0.0397172 0.0050816
internal_weight=0 686.116 450.854 434.86 429.551 237.99 391.3 237.961 153.339 191.561 166.289 251.257 140.274 197.371 135.103 117.272 181.27 113.092 58.5218 106.65 84.5517 28.453 39.5938 84.9738 71.6634 22.0979 40.6185 169.52 69.9862 97.6875
internal_count=19122 10182 8940 6819 8773 7441 6463 5465 998 1332 1156 3363 4532 7156 857 901 2683 2271 906 698 578 159 491 1147 1062 120 285 6784 680 933
is_linear=0
shrinkage=0.05


Tree=56
num_leaves=31
num_cat=0
split_feature=6 7 0 5 8 7 8 0 9 4 8 8 10 3 10 8 9 4 0 8 9 3 5 8 5 5 8 5 8 10
split_gain=44.9677 48.6533 33.372 24.5745 24.2314 16.5042 14.8889 15.1057 12.6975 12.5498 11.5456 11.2324 9.66491 8.73122 10.3527 10.1202 8.7055 7.40973 6.60781 6.55379 7.98159 6.49018 9.9343 6.08043 6.06546 5.97178 5.82708 5.80591 5.70528 5.6462
threshold=1.0000000180025095e-35 1.0000000180025095e-35 196.32490489832685 139.14043867487231 0.17960047533826948 1.5000000000000002 0.12512323614736928 520.5606197932367 1.0000000180025095e-35 338.3307378914489 0.45491259551831259 0.038141400133026818 1.5000000000000002 248.32096810560475 1.0000000180025095e-35 0.07011338158810268 1.0000000180025095e-35 69.847360165456905 82.339387244063758 0.36641356078293924 1.0000000180025095e-35 163.10398221339452 36.527792906342476 0.12872995101315979 199.25976317265409 157.52663092164616 0.48630674657002987 1381.4980631682222 0.25287549080952915 1.0000000180025095e-35
decision_type=2 2 2 2 2 2 2 2 2 2 2 2 2 2 2 2 2 2 2 2 2 2 2 2 2 2 2 2 2 2
left_child=13 2 8 11 9 6 7 16 10 12 18 -4 -5 14 -1 -16 24 -8 -2 20 21 -13 -23 -10 -3 -7 29 -19 -20 -6
right_child=1 5 3 4 26 25 17 -9 23 -11 -12 19 -14 -15 15 -17 -18 27 28 -21 -22 22 -24 -25 -26 -27 -28 -29 -30 -31
leaf_value=0.014410181107472542 -0.051692664198736415 0.0016600731547078884 -0.015266565863220611 -0.031192425978867622 -0.0027125320253648878 0.080806473179450583 -0.00090978410764322069 0.038929582211627199 -0.021325871694308191 -0.00090119579252192323 0.029576927598455205 -0.0034393718849354857 0.012620847633955197 0.080245976834728061 0.0090961839252039853 0.067448742728538028 0.012572785933733108 0.033065338261790277 -0.035114028100802878 0.063813792342899495 0.038849648096129639 0.069361912668235368 0.0073644924735238289 0.00522600624469652 -0.028828235226950299 0.034150888897604897 0.051868526283337435 -0.006626059654380176 -0.0085423643676091152 0.019055058033839285
leaf_weight=55.231881602667272 44.489943068474531 24.085842586122453 23.897203012369573 138.59761282242835 83.103205350227654 8.7641389183700067 27.046553456224501 18.770525807514787 46.106963500380516 64.48733040317893 7.1548743098974219 41.203284682705998 13.844439884647725 8.7227839156985265 10.7912450293079 23.857846142724156 30.889281213283539 84.748543238267303 87.193807779811323 8.8293234184384328 34.067769251763821 9.5079803317785281 20.165657393634319 40.502667607739568 50.550505836494267 31.544972375035286 7.0181500241160384 10.337139624170957 26.292943351902068 46.436754001304507
leaf_count=588 1804 340 278 3515 1073 58 413 126 880 784 69 562 234 45 114 192 323 732 3515 45 228 51 150 594 1048 253 41 108 502 521
internal_value=0 -0.00285966 -0.0096121 -0.00202524 -0.00900492 0.0146351 0.00978351 -0.00239915 -0.0244144 -0.0193915 -0.0325469 0.0158959 -0.0272134 0.0324857 0.0278506 0.0492752 -0.00975055 0.022182 -0.0353605 0.0224413 0.0189605 0.00940064 0.0272296 -0.00890899 -0.0189894 0.0442949 0.00749466 0.0287503 -0.0289578 0.00509059
internal_weight=0 1029.64 742.9 491.159 353.487 286.738 246.428 124.296 251.741 216.929 165.132 137.671 152.442 98.6038 89.881 34.6491 105.526 122.132 157.977 113.774 104.945 70.8769 29.6736 86.6096 74.6363 40.3091 136.558 95.0857 113.487 129.54
internal_count=19186 18247 14846 7482 6168 3401 3090 1837 7364 4533 5890 1314 3749 939 894 306 1711 1253 5821 1036 991 763 201 1474 1388 311 1635 840 4017 1594
is_linear=0
shrinkage=0.05


Tree=57
num_leaves=31
num_cat=0
split_feature=10 8 10 11 0 8 0 11 9 9 5 4 3 11 3 0 9 5 0 4 5 5 6 9 9 4 6 0 4 11
split_gain=46.9288 29.6172 23.2131 22.4902 24.2109 19.8775 16.6634 19.5259 12.922 12.6404 11.6345 12.452 10.6893 10.4275 16.8248 10.0581 10.0512 9.77339 9.33796 8.8961 8.4613 7.36432 7.06709 6.99038 6.98789 12.46 6.95267 6.8953 6.53933 6.44552
threshold=1.0000000180025095e-35 0.19667434382226454 2.5000000000000004 1.0000000180025095e-35 338.70860741819018 0.16190582723178379 490.73192420107256 1.0000000180025095e-35 1.0000000180025095e-35 1.0000000180025095e-35 114.6425151868232 380.79465458720659 18.277992167069382 1.0000000180025095e-35 140.32390261911272 241.60060664056058 1.0000000180025095e-35 131.8323138609675 911.89367059962524 90.519574343936853 50.956593912618509 79.562020119996063 1.0000000180025095e-35 1.0000000180025095e-35 1.0000000180025095e-35 127.19406226566473 1.0000000180025095e-35 179.18171355735916 733.72584996306364 1.0000000180025095e-35
decision_type=2 2 2 2 2 2 2 2 2 2 2 2 2 2 2 2 2 2 2 2 2 2 2 2 2 2 2 2 2 2
left_child=1 3 5 4 21 6 7 8 -2 13 27 24 -9 14 -3 -15 18 -14 28 -7 -10 -1 -22 -19 26 -26 -12 -5 -6 -21
right_child=2 9 -4 10 16 19 -8 12 20 -11 11 -13 17 15 -16 -17 -18 23 -20 29 22 -23 -24 -25 25 -27 -28 -29 -30 -31
leaf_value=-0.021374223511383128 -0.033344604661589852 -0.030396670444278462 0.078836281789436136 0.00023422700777729055 -0.029965719070662502 0.0062842555626514522 0.027173084932452591 -0.039250830998779518 0.049052741602819375 0.024494167372672765 0.021899798469550959 0.036111671863118686 0.058597251583396584 -0.00095157439735200206 0.012797490490266608 0.041774547128689742 0.0073574153652867002 0.0018624603416390812 0.042817658004466186 0.026013245879263777 0.039534819141385312 -0.04809601905270177 -0.019187975740743199 0.041117211740938131 -0.012650259612343985 0.04464005867439047 -0.023580777391312608 0.042325901100325372 0.016147449831647558 0.057050659542640207
leaf_weight=35.131317049264908 66.317825082689524 53.704034803435206 12.613581533543764 20.038422800600529 73.989305782131851 48.712101747281849 49.118165954947472 9.0914442352950555 7.7943429164588443 65.605845149606466 9.1213935464620572 13.808529712259768 12.483431473374365 37.955600962042809 38.855729032307863 21.620567880570889 48.385772055014968 52.191152792423964 5.3788219690322867 85.448422358371317 6.2502691224217406 96.900331494398415 28.420582722872496 14.489739336073397 35.680301979184151 12.929857283830641 106.70934916473925 18.913002625107765 8.5796831343322975 20.798915013670921
leaf_count=686 2677 1602 135 101 1439 838 368 79 50 591 41 107 76 203 330 139 388 339 25 864 41 5784 562 85 169 82 929 128 90 142
internal_value=0 -0.00917339 0.0120489 -0.0160443 -0.0257251 0.0099487 0.00111751 -0.00537766 -0.0195549 0.00614886 -0.00408311 -0.00949265 0.012097 -0.00176221 -0.0122642 0.014554 -0.0109459 0.0179939 -0.0210158 0.0239773 0.00198053 -0.0409858 -0.00860176 0.0103925 -0.0133222 0.00258844 -0.0199993 0.020672 -0.0251741 0.0320891
internal_weight=0 703.308 413.73 485.566 268.365 401.116 246.157 197.039 108.783 217.742 217.201 178.249 88.2558 152.136 92.5598 59.5762 136.334 79.1643 87.9478 154.959 42.4652 132.032 34.6709 66.6809 164.441 48.6102 115.831 38.9514 82.569 106.247
internal_count=19090 12834 6256 9969 8412 6121 4277 3909 3330 2865 1557 1328 579 2274 1932 342 1942 500 1554 1844 653 6470 603 424 1221 251 970 229 1529 1006
is_linear=0
shrinkage=0.05


Tree=58
num_leaves=31
num_cat=0
split_feature=9 11 4 5 6 8 8 7 10 5 7 3 7 5 8 4 6 10 7 4 8 4 11 7 4 4 11 6 4 8
split_gain=41.6925 33.8718 35.5142 22.0937 20.2463 18.7228 15.4499 15.501 15.4111 14.7838 14.7011 14.2622 13.7673 14.4823 13.4215 12.2514 10.825 10.254 9.67141 9.52475 12.6133 9.17511 13.9056 9.02849 9.93464 8.86207 8.75793 8.61304 8.80761 8.52047
threshold=1.0000000180025095e-35 1.0000000180025095e-35 116.3265454837621 76.412503577062253 1.0000000180025095e-35 0.34306480269317402 0.38856892835609974 1.0000000180025095e-35 1.5000000000000002 143.22014379982554 1.5000000000000002 157.72043721118683 1.5000000000000002 139.14043867487231 0.17960047533826948 260.41873267319301 1.0000000180025095e-35 1.5000000000000002 1.0000000180025095e-35 437.92023169105488 0.25570061027820162 127.19406226566473 1.0000000180025095e-35 1.0000000180025095e-35 118.38923036130409 627.94046368385432 1.0000000180025095e-35 1.0000000180025095e-35 268.59289033940507 0.45491259551831259
decision_type=2 2 2 2 2 2 2 2 2 2 2 2 2 2 2 2 2 2 2 2 2 2 2 2 2 2 2 2 2 2
left_child=1 2 29 18 19 10 7 8 9 26 15 12 13 -3 16 -6 -15 23 -4 20 -5 -11 25 -18 -25 -23 27 -2 -29 -1
right_child=6 11 3 4 5 -7 -8 -9 -10 21 -12 -13 -14 14 -16 -17 17 -19 -20 -21 -22 22 -24 24 -26 -27 -28 28 -30 -31
leaf_value=-0.041907940389430597 0.067457566158600504 0.021862751823552264 0.0076422308623725456 -0.011574827534833743 -0.046762472193911872 0.016592699299328811 0.062668450804744619 0.031059421434475567 0.048047652747485937 -0.019401746314046932 0.024109709088839054 0.032891065670550494 0.070120816404668301 0.028148159244209395 0.010732023556591315 -0.01901671938435243 -0.032740951658898371 0.027785755086118011 0.051217969634382354 0.073702323343949466 0.072545848979867003 -0.012333112710320017 0.042541108225810989 -0.026044686974883564 0.022312189020804382 0.039607572192013579 0.061243526113816421 -0.0058134764710303377 0.046509924672808817 0.011647635706151141
leaf_weight=114.63876366056502 6.5177618563175193 59.660973075777292 51.695912429131567 18.554551827721305 63.016217404045165 31.313958495855331 15.872964285314081 81.456077583134174 19.921485725790262 70.727970062755048 13.965337023138998 41.606836088001728 7.1581680774688712 13.426747918128966 79.894256267696619 107.92731444351375 81.611074021086097 10.812782883644102 16.894613768905401 7.3053194731473914 5.8646738156676284 62.233895245008171 19.090091712772846 23.754424683749676 19.211009569466114 9.4606045521795732 11.863576494157313 35.515715223737061 10.397323768585919 7.9411262534558764
leaf_count=7004 34 335 461 202 3108 247 108 699 196 1392 75 301 38 63 442 1642 908 67 105 37 31 779 130 126 89 49 84 381 53 79
internal_value=0 -0.00643693 -0.0155886 -0.00673993 -0.0136877 -0.0191605 0.014494 0.0121569 0.00589094 0.00217172 -0.0252152 0.00548303 0.00162432 -7.59488e-05 -0.00579884 -0.0292448 -0.0146737 -0.0189204 0.0183754 0.023613 0.00862812 -0.00590021 0.00461849 -0.0229743 -0.00442302 -0.00547917 0.0224491 0.013671 0.00603552 -0.0384384
internal_weight=0 776.254 439.118 316.538 247.947 216.223 343.057 327.185 245.728 225.807 184.909 337.136 295.529 288.371 228.71 170.944 148.816 135.389 68.5905 31.7245 24.4192 161.513 90.7846 124.577 42.9654 71.6945 64.2944 52.4308 45.913 122.58
internal_count=19265 15360 12991 5908 5342 5072 3905 3797 3098 2902 4825 2369 2068 2030 1695 4750 1253 1190 566 270 233 2350 958 1123 215 828 552 468 434 7083
is_linear=0
shrinkage=0.05


Tree=59
num_leaves=31
num_cat=0
split_feature=5 11 0 7 8 8 8 0 8 9 4 9 7 0 4 6 9 6 7 8 6 7 11 11 3 0 9 8 0 6
split_gain=35.7694 33.0726 36.4484 16.9947 16.5039 15.7135 15.3246 14.8644 13.5668 13.3488 12.0864 13.4011 11.6844 10.8586 10.3671 10.8116 9.94541 9.93547 11.189 9.49226 10.7832 12.6683 9.40012 9.10976 8.78699 8.67978 7.06893 7.02354 6.83119 6.7141
threshold=139.14043867487231 1.0000000180025095e-35 353.59070715564735 1.0000000180025095e-35 0.051800994285479386 0.18250410199163178 0.32549435132716659 196.32490489832685 0.069252752197339548 1.0000000180025095e-35 256.53611719696772 1.0000000180025095e-35 1.5000000000000002 827.96897245814819 76.14441055498294 1.0000000180025095e-35 1.0000000180025095e-35 1.0000000180025095e-35 1.0000000180025095e-35 0.34976421806381913 1.0000000180025095e-35 1.0000000180025095e-35 1.0000000180025095e-35 1.0000000180025095e-35 36.077580287379554 173.68140686059152 1.0000000180025095e-35 0.061339675053309804 659.79922001898865 1.0000000180025095e-35
decision_type=2 2 2 2 2 2 2 2 2 2 2 2 2 2 2 2 2 2 2 2 2 2 2 2 2 2 2 2 2 2
left_child=3 2 5 7 24 -2 9 22 23 13 11 19 14 17 -7 -16 -17 -4 -19 20 -6 25 -1 28 -3 -22 29 -20 -9 -10
right_child=1 4 6 -5 10 12 -8 8 26 -11 -12 -13 -14 -15 15 16 -18 18 27 -21 21 -23 -24 -25 -26 -27 -28 -29 -30 -31
leaf_value=-0.025233167592770625 -0.039687287558262063 -0.047237071698103629 0.014437287201340658 0.036332700339746407 0.043191676975197039 -0.044737741975691983 0.035175110803124084 -0.027264470575081242 0.067516933543489935 0.012067644553943829 0.040644167418782795 0.03027888073602136 0.066011696232619585 0.025593806668111188 0.044198061703479341 -0.032654064320943837 0.0077974180355861013 -0.040540930501590244 -0.045209643663718033 0.040748730067426638 -0.034083360092639674 0.01882659154904736 0.0090406794267874832 0.035750613227679237 -0.0056514742893554 -0.0043548238106099341 0.048326266492412763 0.0069896419709033972 0.032511041697004042 0.014500981561577662
leaf_weight=43.317976854741573 133.82161109521985 15.531332198530434 17.374099489301443 68.217098701745272 12.145147807896135 25.130946199409664 26.845851875841618 29.513599239289761 6.5471049863845101 72.019078368321061 32.514203771948814 52.114547401666641 4.4173496589064589 14.597805187106131 8.8937505371868593 34.378093593753874 27.230245793238282 57.09833864774555 8.3751020524650794 14.066312186419962 37.322344919666648 38.525377586483955 37.172837980091572 10.361881054937838 69.745848547667265 71.762220147997141 28.799861015751958 27.950583887286484 5.7031822279095641 67.9777707522735
leaf_count=1187 7862 176 103 597 63 1227 166 420 39 546 263 299 39 70 78 1080 265 1595 110 73 456 199 194 73 444 453 191 222 28 658
internal_value=0 -0.00587508 -0.0146707 0.0144225 0.00584805 -0.0284809 -0.000268597 0.00790682 0.0172646 -0.00508848 0.0121414 0.00803964 -0.013492 -0.0149418 -0.0171643 -0.00733556 -0.0147749 -0.0202824 -0.0267393 0.00137194 -0.00209516 -0.0058213 -0.00940458 -0.00545897 -0.0132254 -0.0145262 0.0272885 -0.00504521 -0.0175841 0.0191585
internal_weight=0 801.86 458.133 297.611 343.727 233.872 224.261 229.394 148.903 197.415 258.45 225.936 100.05 125.396 95.633 70.5021 61.6083 110.798 93.424 173.821 159.755 147.61 80.4908 45.5787 85.2772 109.085 103.325 36.3257 35.2168 74.5249
internal_count=19176 15789 13363 3387 2426 10551 2812 2790 1409 2646 1806 1543 2689 2100 2650 1423 1345 2030 1927 1244 1171 1108 1381 521 620 909 888 332 448 697
is_linear=0
shrinkage=0.05


Tree=60
num_leaves=31
num_cat=0
split_feature=4 9 11 5 8 3 8 7 6 0 3 5 6 8 0 7 5 7 8 8 11 5 8 6 7 7 7 8 7 11
split_gain=34.08 34.7136 33.3099 25.3416 15.3944 15.3487 14.7691 14.099 14.0357 13.719 13.0749 12.4108 12.6379 14.4376 11.6242 9.59708 9.38243 8.76846 8.74794 8.73285 8.25027 9.72748 8.50752 9.45866 9.83135 7.93687 7.82163 7.06222 7.16291 6.99745
threshold=413.23037711599858 1.0000000180025095e-35 1.0000000180025095e-35 131.8323138609675 0.43372464661974319 17.456985585725668 0.12512323614736928 1.5000000000000002 1.0000000180025095e-35 300.60824225321147 138.69928892760478 82.404682532486291 1.0000000180025095e-35 0.25570061027820162 341.46250648926923 1.0000000180025095e-35 118.07011633124738 1.0000000180025095e-35 0.066032522230732443 0.12081718857018432 1.0000000180025095e-35 45.178836935987896 0.38856892835609974 1.0000000180025095e-35 1.0000000180025095e-35 1.0000000180025095e-35 1.0000000180025095e-35 0.20113311776375345 1.0000000180025095e-35 1.0000000180025095e-35
decision_type=2 2 2 2 2 2 2 2 2 2 2 2 2 2 2 2 2 2 2 2 2 2 2 2 2 2 2 2 2 2
left_child=1 2 3 4 7 -4 16 8 -1 -5 27 -7 -13 14 15 -14 29 -18 -2 -11 21 -8 23 -23 -25 -12 -21 -10 -29 -3
right_child=18 6 5 9 -6 11 20 -9 10 19 25 12 13 -15 -16 -17 17 -19 -20 26 -22 22 -24 24 -26 -27 -28 28 -30 -31
leaf_value=0.036050064402486523 0.0021106630395922791 0.0086200732081451997 -0.036134018971023356 -0.043781187829211553 0.077624983635296546 0.034939406639758398 0.05705082817223639 0.072287732650866465 -0.043039327210132317 -0.037314226659603968 -0.0037847758544551253 0.047125316528294402 -0.023766017019178493 0.024643663988756309 0.01277734714044327 0.0040170988529221229 -0.016610119693945654 0.014649084107205723 0.02996848460989281 -0.019647046139192954 0.043416444203605305 0.055333030608511295 0.053270805352241248 -0.011940474605668359 0.025015073196661054 0.060462187111455436 0.016571277234861435 -0.027109030842198779 0.031637044027515937 0.058937623709589937
leaf_weight=13.777478797361253 39.338767493143678 32.224727617576718 25.570197166875005 114.01969462819397 5.6534837186336508 29.620763324201107 12.094825342297552 5.3401411212980738 40.409374279901385 40.84051766153425 20.378571707755331 13.857847407460211 98.454214029014111 41.854971677064896 51.04571083933115 45.422856405377388 85.557613988406956 30.407067852094769 99.353426755405962 46.833181336522102 31.93352147564292 8.4210991971194726 10.059544339776037 56.997262632474303 26.301304928958416 6.2911263518035403 21.866673221811652 16.756519895046953 7.5164094734936944 8.795219421386717
leaf_count=101 373 288 246 7697 29 193 76 33 1291 1432 177 77 921 227 286 219 1479 325 796 913 218 57 71 943 208 35 187 281 51 64
internal_value=0 -0.00446906 -0.011021 -0.0217982 -0.00284908 0.000949314 0.00949867 -0.00696749 -0.0109933 -0.0316408 -0.0180883 0.00433275 0.000715571 -0.00200064 -0.00772187 -0.0149947 -0.00114366 -0.00841365 0.0220669 -0.019004 0.0209568 0.0146585 0.00962082 0.00483342 -0.000271857 0.0113705 -0.00811901 -0.0302347 -0.00891759 0.0194088
internal_weight=0 948.302 645.51 339.683 116.123 305.827 302.792 110.47 105.129 223.56 91.352 280.256 250.636 236.778 194.923 143.877 156.985 115.965 138.692 109.54 145.808 113.874 101.779 91.7197 83.2986 26.6697 68.6999 64.6823 24.2729 41.0199
internal_count=19294 18125 14396 12227 1998 2169 3729 1969 1936 10229 1835 1923 1730 1653 1426 1140 2156 1804 1169 2532 1573 1355 1279 1208 1151 212 1100 1623 332 352
is_linear=0
shrinkage=0.05


Tree=61
num_leaves=31
num_cat=0
split_feature=10 11 0 8 5 0 10 0 9 11 7 6 9 4 8 7 6 8 8 5 5 8 7 8 5 0 7 8 8 4
split_gain=47.6276 20.8709 23.3698 20.2174 17.3988 14.6266 14.4723 14.2125 11.9016 11.5013 11.4896 11.6751 10.9144 11.1277 10.656 9.40835 8.94913 8.74725 8.69841 8.32828 8.31534 8.17844 8.1164 7.55426 7.17354 7.10429 6.67977 7.17003 6.57195 9.87026
threshold=1.0000000180025095e-35 1.0000000180025095e-35 316.27298527100317 0.047767249101430771 63.294302916361566 356.69108710262157 2.5000000000000004 497.8888219283329 1.0000000180025095e-35 1.0000000180025095e-35 1.0000000180025095e-35 1.0000000180025095e-35 1.0000000180025095e-35 437.92023169105488 0.24980761144193478 1.0000000180025095e-35 1.0000000180025095e-35 0.38856892835609974 0.27095723533142363 26.633911164646587 135.64076674203423 0.20354962111322653 1.0000000180025095e-35 0.11284588921031598 290.229454476272 160.12845728603028 1.5000000000000002 0.24353657257691522 0.12081718857018432 249.55925691351732
decision_type=2 2 2 2 2 2 2 2 2 2 2 2 2 2 2 2 2 2 2 2 2 2 2 2 2 2 2 2 2 2
left_child=1 2 4 22 -1 14 7 8 9 10 11 18 13 26 15 16 -3 -6 -5 -13 25 -14 -2 -12 -11 -18 27 -4 29 -7
right_child=3 5 12 6 17 28 -8 -9 -10 24 23 19 21 -15 -16 -17 20 -19 -20 -21 -22 -23 -24 -25 -26 -27 -28 -29 -30 -31
leaf_value=-0.0026864995631742019 -0.01863499693904529 0.029017391793197091 -0.036123691977026091 -0.0049148908114835478 -0.041552623804772197 -0.010547350338361072 0.080896262816257669 0.040615184229368821 0.028821755931971588 0.042441800619309411 -0.021815023720745629 0.017545541303376849 0.00089419058233957283 0.0064984528760785379 0.020155936037878863 0.010394470746977292 -0.019039838065451103 -0.00081593866473772384 0.078066793283889019 -0.035683393156081732 -0.02651264847027851 0.038452840593034832 0.017062389317670408 0.033771667278868524 0.0094162431652686784 0.027111614816310775 0.031787374320172319 -0.0039553092232283106 0.046774536303717182 0.047162540828336715
leaf_weight=48.403288714587688 59.558044042438269 10.535150274634359 59.038075805641711 9.1850562728941423 128.29911720752716 19.879636660218242 9.133235954679547 52.82589753344655 74.95269550383091 23.863440569490194 8.2989018242806214 8.6972286328673345 52.698848044499755 48.592665147036314 38.724496483802795 48.066416203975677 17.885337516665459 14.686138788238166 4.812749918550252 47.387267225421965 94.500515915453434 19.992813222110271 21.733913415111601 23.195399153977633 52.876046173274517 15.621717423200606 5.1874760761857024 24.51508220192045 21.500658802688122 11.811168245971201
leaf_count=695 1278 54 1568 117 7176 107 108 393 852 156 205 83 450 416 207 266 92 193 34 2138 875 124 276 295 327 94 27 268 174 99
internal_value=0 -0.00866225 -0.0159592 0.0131415 -0.0285972 0.00185421 0.0188749 0.0170243 0.0121038 0.0050766 -0.00596064 -0.0172336 -0.00444262 -0.0127352 -0.00371275 -0.0086659 -0.0152788 -0.0373685 0.023616 -0.027429 -0.0189244 0.0112242 -0.00909108 0.0191243 0.0196861 0.00247697 -0.0232672 -0.0266853 0.0254374 0.0109611
internal_weight=0 679.939 401.414 396.52 191.389 278.525 315.228 306.095 253.269 178.316 101.577 70.0823 210.025 137.333 225.334 186.609 138.543 142.985 13.9978 56.0845 128.008 72.6917 81.292 31.4943 76.7395 33.5071 88.7406 83.5532 53.1915 31.6908
internal_count=19147 12885 10917 6262 8064 1968 4708 4600 4207 3355 2872 2372 2853 2279 1588 1381 1115 7369 151 2221 1061 574 1554 500 483 186 1863 1836 380 206
is_linear=0
shrinkage=0.05


Tree=62
num_leaves=31
num_cat=0
split_feature=7 6 11 0 9 7 0 9 0 5 10 4 5 5 5 10 11 3 9 4 5 3 9 2 5 10 0 5 4 11
split_gain=34.3426 27.835 28.5626 28.6612 20.5903 15.8387 15.1991 12.58 12.1373 11.4375 11.3329 11.1692 12.1176 10.2043 8.88993 8.79364 9.33331 13.6599 9.62989 13.0652 7.58464 7.09351 7.01553 7.27086 6.82816 6.06766 5.65325 5.59705 7.13411 8.73189
threshold=1.0000000180025095e-35 1.0000000180025095e-35 1.0000000180025095e-35 659.79922001898865 1.0000000180025095e-35 1.5000000000000002 363.57042018080693 1.0000000180025095e-35 117.78797054134327 57.571739922173045 1.0000000180025095e-35 281.97707179250921 101.15873163407757 101.15873163407757 143.22014379982554 1.5000000000000002 1.0000000180025095e-35 204.41304169419453 1.0000000180025095e-35 81.069538123137946 76.412503577062253 150.11752222297039 1.0000000180025095e-35 1.5000000000000002 219.93891674973636 1.5000000000000002 258.78119617649185 135.64076674203423 468.65412103367095 1.0000000180025095e-35
decision_type=2 2 2 2 2 2 2 2 2 2 2 2 2 2 2 2 2 2 2 2 2 2 2 2 2 2 2 2 2 2
left_child=1 25 3 4 9 13 7 8 -4 -3 20 12 -12 21 -9 16 17 -15 19 -18 -6 -2 23 -5 -10 27 -16 -1 29 -29
right_child=5 2 6 22 10 -7 -8 14 24 -11 11 -13 -14 15 26 -17 18 -19 -20 -21 -22 -23 -24 -25 -26 -27 -28 28 -30 -31
leaf_value=0.03936285490217533 0.019618394728248213 -0.011835890023327076 -0.035000337085788959 0.040614466697873171 0.0039270309248192626 0.04296486294500363 0.024915085364320556 0.055569992968520811 0.012733843358992528 -0.0405925919890869 0.031418649658443293 0.042888733167818813 -0.025966171103929958 -0.019460056361955587 -0.00044196501776890614 0.038931510145397863 -0.020210505126266834 0.020608770845338454 0.061802989713397739 0.028539475107496399 -0.030665824620616247 0.066226908515913882 0.046236914111792697 -0.0086470901718683178 -0.011194161770099787 0.072409717529687487 0.039490734790901517 -0.00814186845804994 0.06170736675411418 0.036362837860123724
leaf_weight=20.636938287876546 40.99588636867702 44.370189270935953 40.105391161516309 10.281807370483873 21.775250732898712 40.288294872269034 57.018160834908485 10.895416304469107 43.173108741641045 156.66533108893782 14.074588038027285 16.31322406232357 26.559283297508955 78.54205684363842 50.569641515612602 16.23000777233392 24.251306220889091 29.169981580227613 9.5244359448552114 31.720804959535599 58.186032091267407 10.193119954317806 13.919567473232744 27.59100591018796 96.358309600502253 5.216597218066453 10.746471703052519 41.040666070766747 5.8779636695981017 15.067817926406859
leaf_count=146 368 708 468 67 183 325 404 75 258 9096 97 96 643 1936 245 172 129 186 77 185 1468 62 76 194 741 46 62 575 31 84
internal_value=0 -0.00641694 -0.00975245 -0.0187527 -0.0240608 0.0139497 0.0016043 -0.00367324 -0.0107583 -0.0342458 -0.00910533 0.00794097 -0.00608946 0.00909172 0.013952 0.0037394 0.000441821 -0.00860884 0.015326 0.00741734 -0.0212454 0.0288994 0.0158828 0.00472656 -0.00379048 0.0201108 0.00655678 0.0168088 0.00930001 0.00380978
internal_weight=0 786.443 698.603 389.736 337.944 280.916 308.866 251.848 179.637 201.036 136.908 56.9471 40.6339 240.628 72.2115 189.439 173.209 107.712 65.4965 55.9721 79.9613 51.189 51.7924 37.8728 139.531 87.84 61.3161 82.6234 61.9864 56.1085
internal_count=19203 15763 14881 12628 12291 3440 2253 1849 1467 9804 2487 836 740 3115 382 2685 2513 2122 391 314 1651 430 337 261 999 882 307 836 690 659
is_linear=0
shrinkage=0.05


Tree=63
num_leaves=31
num_cat=0
split_feature=8 10 0 8 11 0 10 5 5 8 11 3 6 9 11 9 0 5 5 7 3 7 0 7 11 11 6 3 9 5
split_gain=37.7003 26.7479 17.6946 17.6117 18.8773 22.4859 12.1623 12.4482 11.6781 9.82085 9.50142 9.34042 8.81498 9.3085 8.69836 8.35506 7.64327 7.61135 7.55229 7.54761 7.40919 6.62392 6.32888 8.58625 6.29209 5.92533 5.78739 5.75457 5.74176 11.0761
threshold=0.069252752197339548 1.0000000180025095e-35 332.8939000160895 0.45491259551831259 1.0000000180025095e-35 316.27298527100317 1.5000000000000002 101.15873163407757 57.571739922173045 0.28981200130824553 1.0000000180025095e-35 58.589878175806277 1.0000000180025095e-35 1.0000000180025095e-35 1.0000000180025095e-35 1.0000000180025095e-35 827.96897245814819 42.546004818710713 54.350451386058829 1.0000000180025095e-35 175.2407122815205 1.0000000180025095e-35 296.69162440998895 1.5000000000000002 1.0000000180025095e-35 1.0000000180025095e-35 1.5000000000000002 263.44344539774653 1.0000000180025095e-35 286.25560795212812
decision_type=2 2 2 2 2 2 2 2 2 2 2 2 2 2 2 2 2 2 2 2 2 2 2 2 2 2 2 2 2 2
left_child=2 3 14 4 5 8 7 -3 -2 22 16 -6 -7 17 18 -13 21 -14 -1 -19 -12 26 23 24 -9 27 -4 -24 -16 -30
right_child=1 6 10 -5 11 12 -8 9 -10 -11 20 15 13 -15 28 -17 -18 19 -20 -21 -22 -23 25 -25 -26 -27 -28 -29 29 -31
leaf_value=-0.0095360468496772915 0.00012185855750629566 0.034928145370195528 -0.0013862678163174601 0.04134417207259089 -0.0036892685202412562 0.039519894775501135 0.038474684321255441 -0.031575704915952928 -0.035599907178016275 0.029103629117714483 0.0070828732113765993 0.013733242071309895 0.027797837785328291 0.015538596824119856 -0.023612102737413033 0.05729019731306334 0.031698601267788215 -0.029669658123836363 -0.045498732858912885 0.0037626759213271843 0.057571181610451772 0.005065874502505229 -0.0065079425482456842 0.070294664356819511 -0.0013983799813932002 0.041315835600200385 -0.037073140057812967 0.033133041184218046 0.045094484184655913 -0.018019781692115076
leaf_weight=18.976689521223307 29.834512549452484 48.955035867169499 16.839255573228002 22.734113465994596 79.523666555061936 13.793840844184158 57.201996296644211 27.869606395252049 98.14432563399896 37.450207606889307 28.18301448225975 83.819154419004917 10.351260146126149 46.215247352607548 64.98608479835093 12.674472007900475 9.8664716705679876 48.23961057793349 63.279037991072983 25.97002762183547 9.7910258807241899 27.05644325632602 34.925966030918062 3.2406428754329673 45.430338971316814 13.612042799592016 34.919107262976468 12.407492969185112 10.253449201583864 21.585487499833107
leaf_count=348 398 412 232 156 601 81 785 1491 4758 392 155 532 73 351 575 120 48 1059 4038 242 84 253 528 28 293 96 795 90 61 110
internal_value=0 0.00569127 -0.0151304 -0.00158936 -0.0037653 -0.0120083 0.0178985 0.0126414 -0.0272724 0.00640462 -0.000827357 0.00899825 0.00150417 -0.0025056 -0.0252463 0.0194545 -0.00978884 -0.0123673 -0.037202 -0.0179698 0.0201005 -0.0149825 0.000221574 -0.00935101 -0.0128722 0.0122436 -0.0254626 0.00388313 -0.0150896 0.00230561
internal_weight=0 752.394 305.736 471.3 448.566 272.549 281.093 223.891 127.979 174.936 126.655 176.017 144.57 130.776 179.081 96.4936 88.6813 84.5609 82.2557 74.2096 37.974 78.8148 137.486 76.5406 73.2999 60.9455 51.7584 47.3335 96.825 31.8389
internal_count=19185 12486 6699 8371 8215 6962 4115 3330 5156 2918 1567 1253 1806 1725 5132 652 1328 1374 4386 1301 239 1280 2526 1812 1784 714 1027 618 746 171
is_linear=0
shrinkage=0.05


Tree=64
num_leaves=31
num_cat=0
split_feature=8 0 7 9 11 0 0 6 7 6 7 4 11 7 9 8 11 8 11 3 0 8 11 4 11 10 6 0 3 4
split_gain=33.2549 21.2778 19.6195 19.6571 14.4876 15.5989 13.2037 12.0593 14.4887 11.3873 9.43886 9.15257 9.11514 9.06637 9.05036 8.31539 7.76581 7.32459 7.18215 8.79295 8.09259 6.72589 6.14944 6.50207 5.90563 5.89462 6.87429 5.97521 5.22024 5.1648
threshold=0.12081718857018432 153.44355172537254 1.5000000000000002 1.0000000180025095e-35 1.0000000180025095e-35 623.01225069308225 276.16491092255688 1.0000000180025095e-35 1.0000000180025095e-35 1.0000000180025095e-35 1.0000000180025095e-35 129.5317187858308 1.0000000180025095e-35 1.0000000180025095e-35 1.0000000180025095e-35 0.37740520634859709 1.0000000180025095e-35 0.32074097985257727 1.0000000180025095e-35 171.82726410579158 911.89367059962524 0.20776517461908853 1.0000000180025095e-35 183.54513191728572 1.0000000180025095e-35 1.0000000180025095e-35 1.0000000180025095e-35 576.75883003262754 19.497352915411604 370.07581632509863
decision_type=2 2 2 2 2 2 2 2 2 2 2 2 2 2 2 2 2 2 2 2 2 2 2 2 2 2 2 2 2 2
left_child=2 13 3 6 5 7 12 -3 14 -8 18 16 -1 22 17 29 -5 -9 20 -20 -11 -15 23 -2 25 26 -13 -28 -14 -10
right_child=1 4 -4 11 -6 -7 9 8 15 10 -12 24 28 21 -16 -17 -18 -19 19 -21 -22 -23 -24 -25 -26 -27 27 -29 -30 -31
leaf_value=-0.04651755079390657 -0.035634921473065469 0.035433260531566778 0.034171196075982159 -0.029653842085065107 0.028345913414725921 0.036596190864855466 0.027113054749397587 -0.029417402854104515 0.0043441583987152838 -0.039243442720665468 0.006366624233601955 0.051462201236922557 -0.049474241573592974 -0.014309246321558262 0.0056704768157962021 0.065240961904690684 0.0029508065137150573 -0.00038642977924897479 -0.020031454887108863 0.029747558978208397 0.035454349517761115 0.031337806498197944 -0.0058585797895766593 0.038202499509967125 0.040191744013506121 0.023551787294249518 -0.025274033308264544 0.020991059604776697 -0.015857152613132929 0.038277984697745349
leaf_weight=56.123119102790952 42.663250016048551 25.681221536360681 23.695480320602655 32.095655467361212 115.40025410242379 39.758713537827134 18.311585884541273 60.908339277841151 52.649793990887702 54.281581743620336 38.982621635310352 4.6481065303087226 13.57901233807206 13.459066919051109 60.706385193392634 8.0898929033428413 42.374360464513302 33.775226821191609 37.677061632275581 11.603200495243071 3.8854039311408988 20.153550753369927 56.772504527121782 3.2055445229634634 16.044193770736456 29.603945098817348 26.614763508550823 9.4592973142862302 77.212000401690602 14.247548293322323
leaf_count=4754 2167 198 182 1043 811 262 146 2277 569 1862 474 28 180 258 670 53 219 362 211 93 18 258 378 67 127 236 410 50 681 78
internal_value=0 0.00764595 -0.010226 -0.0124525 0.01332 0.00745827 -0.0197789 0.00293396 -0.000688887 -0.0100602 -0.0147088 0.00174365 -0.030677 -0.0094784 -0.00939947 0.0173613 -0.0111014 -0.0190616 -0.0223552 -0.00831082 -0.0342538 0.0130599 -0.0168592 -0.0304748 0.0128189 0.00657403 -0.00576836 -0.0131425 -0.020885 0.0115713
internal_weight=0 547.471 496.191 472.496 411.217 295.817 311.656 256.058 230.377 164.741 146.43 160.84 146.914 136.254 155.39 74.9872 74.47 94.6836 107.447 49.2803 58.167 33.6126 102.641 45.8688 86.3703 70.3261 40.7222 36.0741 90.791 66.8973
internal_count=19122 8408 10714 10532 5280 4469 8419 4207 4009 2804 2658 2113 5615 3128 3309 700 1262 2639 2184 304 1880 516 2612 2234 851 724 488 460 861 647
is_linear=0
shrinkage=0.05


Tree=65
num_leaves=31
num_cat=0
split_feature=5 8 11 4 4 7 4 11 8 10 7 0 9 0 7 7 10 9 0 9 8 11 0 9 11 4 11 9 4 5
split_gain=32.6562 26.1092 24.0858 19.0694 14.7053 12.9622 11.5725 12.7997 11.2945 11.1375 8.75971 8.57065 8.45983 7.87736 7.8466 7.74692 7.58799 7.35613 8.90606 7.22595 7.21491 6.94904 6.81236 6.34615 6.70495 8.10803 6.24972 6.21417 6.19254 6.12451
threshold=131.8323138609675 0.17635285338983411 1.0000000180025095e-35 268.59289033940507 380.79465458720659 1.0000000180025095e-35 155.50351448904914 1.0000000180025095e-35 0.13990183195000233 1.5000000000000002 1.0000000180025095e-35 313.61660946715818 1.0000000180025095e-35 535.87082324772916 1.5000000000000002 1.0000000180025095e-35 1.0000000180025095e-35 1.0000000180025095e-35 199.26837712286235 1.0000000180025095e-35 0.48630674657002987 1.0000000180025095e-35 390.65752359891241 1.0000000180025095e-35 1.0000000180025095e-35 370.07581632509863 1.0000000180025095e-35 1.0000000180025095e-35 127.19406226566473 306.37777511611438
decision_type=2 2 2 2 2 2 2 2 2 2 2 2 2 2 2 2 2 2 2 2 2 2 2 2 2 2 2 2 2 2
left_child=5 2 3 12 9 8 7 15 17 10 22 -10 -2 -5 -14 -3 29 18 -1 -9 23 -20 27 24 25 -8 28 -4 -19 -17
right_child=1 6 4 13 -6 -7 20 19 11 -11 -12 -13 14 -15 -16 16 -18 26 21 -21 -22 -23 -24 -25 -26 -27 -28 -29 -30 -31
leaf_value=-0.033226818967906566 -0.045784860493904532 -0.031006158591191775 -0.027063306320571023 -0.020179331982237536 0.046919971515133302 0.03446834177195781 -0.014550840047324662 0.0033782652685727579 0.011704873377532031 0.034063875511187697 0.0098237270131229359 0.044597991907423584 -0.026415016588578245 0.0070967089511066979 0.03939894187480257 0.034873240109187298 0.039848616050167623 -0.018792596879453973 -0.0084556847221291392 0.043629493470754996 0.068256256377151658 0.031986195152770194 0.010626521311751454 0.030978965052400748 0.029387934625461722 0.018947402476085468 0.057319828216740004 -0.003125316389602872 0.02634328454829565 -0.045589224524696936
leaf_weight=26.732280142139643 80.520952390506864 45.580172515008599 77.914245650172234 55.21256887819618 15.173711325973271 64.814495783299208 42.222894806880504 62.813816323876381 61.829911318141967 17.624001424759626 53.560043018311262 29.135409271344543 56.078426184132695 50.847985335625708 4.9266993291676036 3.3792411526665109 9.1590816807001811 13.334990475326778 41.633093549404293 13.556438900530337 6.4635710790753356 14.260080099105833 23.670335710048676 40.246572677046061 25.810143172740936 31.570443936623633 7.6767368614673606 41.579002842307091 17.666926208883524 7.8792954040691257
leaf_count=646 6756 2054 898 1045 142 573 704 354 730 109 294 206 1678 403 32 69 121 187 586 86 38 97 129 279 181 235 60 205 107 208
internal_value=0 -0.00513383 -0.0123153 -0.0231319 -0.000647348 0.0148974 0.00673506 -0.00341364 0.00892162 -0.00401465 -0.00742601 0.0222403 -0.0351444 -0.00710254 -0.0211 -0.0195409 0.00605413 -0.00106595 -0.00949029 0.0105232 0.0166101 0.00186229 -0.0138794 0.0142231 0.00745261 -0.000219541 0.0169301 -0.0187338 0.00692879 -0.0214385
internal_weight=0 765.79 477.108 247.587 229.521 277.084 288.682 142.368 212.269 214.348 196.724 90.9653 141.526 106.061 61.0051 65.9978 20.4176 121.304 82.6255 76.3703 146.314 55.8932 143.164 139.85 99.6035 73.7933 38.6787 119.493 31.0019 11.2585
internal_count=19212 16020 11691 9914 1777 3192 4329 2892 2619 1635 1526 936 8466 1448 1710 2452 398 1683 1329 440 1437 683 1232 1399 1120 939 354 1103 294 277
is_linear=0
shrinkage=0.05


Tree=66
num_leaves=31
num_cat=0
split_feature=10 8 0 0 7 6 7 8 5 6 9 5 0 7 8 6 10 3 7 4 8 8 9 0 9 8 4 4 6 3
split_gain=33.4745 24.0306 17.8477 14.7528 12.5696 13.6389 11.4465 11.4757 10.3386 9.29451 8.79228 7.68171 7.63426 7.07938 7.04398 8.78564 8.66661 6.63642 6.61828 6.54966 6.48807 6.15535 6.0842 5.44508 5.00804 4.94948 4.63589 4.51943 4.8414 4.33969
threshold=1.0000000180025095e-35 0.19667434382226454 168.56804899919183 640.9583196547203 1.5000000000000002 1.0000000180025095e-35 1.0000000180025095e-35 0.53795192865857411 131.8323138609675 1.0000000180025095e-35 1.0000000180025095e-35 20.77858595524712 316.27298527100317 1.5000000000000002 0.047767249101430771 1.0000000180025095e-35 2.5000000000000004 225.53148304913233 1.0000000180025095e-35 104.20357612353807 0.21832733475172797 0.48630674657002987 1.0000000180025095e-35 535.87082324772916 1.0000000180025095e-35 0.053304800904674141 286.98061637840243 437.92023169105488 3.5000000000000004 60.749790985322939
decision_type=2 2 2 2 2 2 2 2 2 2 2 2 2 2 2 2 2 2 2 2 2 2 2 2 2 2 2 2 2 2
left_child=1 3 13 4 5 17 7 9 -4 -3 19 -11 -13 21 -10 -16 18 22 20 -7 27 25 -1 -20 -14 -2 -22 28 -17 -30
right_child=2 6 8 -5 -6 10 -8 -9 14 11 -12 12 24 -15 15 16 -18 -19 23 -21 26 -23 -24 -25 -26 -27 -28 -29 29 -31
leaf_value=-0.012003511766650397 -0.034172748234095655 0.041165952814715773 0.033765775911246146 0.014295454517853832 0.022875370676005161 -0.040054955618968158 0.028035022126175781 0.067722531135695804 -0.0063074847074495099 0.043686588086868414 -0.011014643833031898 -0.018684534909665106 -0.0042725876988140383 0.062162117185482091 0.051053627489400372 -0.021891360543986521 0.081993936151387906 0.06333616192392344 0.020434658677100422 -0.021878363253933011 0.0080929240810371384 0.070691530248538706 0.032974781991785121 0.072397457775408625 0.02902417670717097 -0.005523398018033413 0.044508282618814198 0.02211821826861143 0.056782535185917082 -0.0028498837242896639
leaf_weight=26.227498889900744 18.782060410827398 11.296682774089275 74.735192320309579 41.931436194106936 18.917076855897903 75.278267149813473 48.58038848079741 6.0596256628632537 41.635267410892993 7.3710057716816655 114.63202113192528 78.543618507217616 37.317597098648548 3.603540737181901 16.727235950529575 36.344713814556599 4.399381259456276 4.8114564009010783 33.57406047731638 145.06610384909436 25.561667776666582 2.3526676632463923 10.540143821388481 5.9322881996631613 16.193142913281918 76.389620132744312 13.28066494129598 12.427358783781527 3.8445512107573476 14.77993248682469
leaf_count=376 692 114 620 306 156 3802 510 39 755 58 1806 1581 453 39 120 816 51 26 347 3498 330 19 89 41 107 1811 105 125 111 296
internal_value=0 -0.00728055 0.0113721 -0.0139049 -0.016895 -0.0188929 0.0068288 0.000257842 0.0178099 -0.00245451 -0.0222455 -0.00598877 -0.00876155 -0.00665936 0.0120909 0.0166814 0.012852 0.00811648 0.010765 -0.0280882 0.00426761 -0.00920233 0.000890371 0.0282374 0.00580351 -0.0111773 0.0205438 -0.00511275 -0.0112691 0.00945971
internal_weight=0 642.766 384.37 437.404 395.473 376.555 205.362 156.782 283.242 150.722 334.976 139.425 132.054 101.128 208.507 166.872 150.145 41.5791 145.745 220.344 106.239 97.5243 36.7676 39.5063 53.5107 95.1717 38.8423 67.3966 54.9692 18.6245
internal_count=19199 12921 6278 10059 9753 9597 2862 2352 3717 2313 9106 2199 2141 2561 3097 2342 2222 491 2171 7300 1783 2522 465 388 560 2503 435 1348 1223 407
is_linear=0
shrinkage=0.05


Tree=67
num_leaves=31
num_cat=0
split_feature=10 5 7 6 10 0 8 0 4 9 8 5 9 8 1 0 8 8 7 8 4 3 8 4 6 7 0 4 4 8
split_gain=31.1414 19.2484 17.9566 17.2544 13.615 13.1408 11.9046 9.93136 9.75451 9.32903 9.0381 8.04091 7.7339 7.5337 8.57669 6.55292 6.34526 6.12014 6.08585 5.96325 5.84815 5.77324 5.69605 5.67202 5.49019 5.6921 5.47937 5.36533 5.09388 5.94506
threshold=1.0000000180025095e-35 48.189108096727203 1.0000000180025095e-35 1.0000000180025095e-35 1.5000000000000002 168.56804899919183 0.43372464661974319 108.98055262133784 468.65412103367095 1.0000000180025095e-35 0.31607229904803352 26.633911164646587 1.0000000180025095e-35 0.24049502789834709 4.5000000000000009 490.73192420107256 0.18250410199163178 0.046274945932477267 1.5000000000000002 0.033936140192140293 424.90480886809797 83.299248187733198 0.086337332449517412 513.19282286928512 1.5000000000000002 1.5000000000000002 177.74523086302162 50.487510437497974 167.27843093957443 0.12081718857018432
decision_type=2 2 2 2 2 2 2 2 2 2 2 2 2 2 2 2 2 2 2 2 2 2 2 2 2 2 2 2 2 2
left_child=1 16 3 8 5 11 7 -5 19 28 12 -2 15 14 24 -7 20 -14 -6 -3 -1 -8 -11 -17 -4 -26 -18 -21 -9 -30
right_child=4 2 13 6 18 10 21 9 -10 22 -12 -13 17 -15 -16 23 26 -19 -20 27 -22 -23 -24 -25 25 -27 -28 -29 29 -31
leaf_value=0.0011383844398122518 0.042985908990541818 -0.042528372500936835 0.045075171152263886 -0.043003074180837764 0.025952033487925692 -0.0043696550150197173 -0.0097572659396262182 -0.033726158776925155 0.080538652285676457 -0.020181041833600252 0.039188745970297298 -0.016300277320846202 -0.0028056110853144417 0.026798946785040519 -0.027753256035491752 0.007146526394320063 0.0075367502021496174 0.033024009903338113 0.092813218364195371 -0.031467105393918664 0.059567724830120655 0.049600292798886475 0.0050786597430423136 0.049985206812736764 -0.003725219233515402 0.02900385278915972 0.056352532419756497 0.020072404098958607 -0.029577910737888659 -0.0069824671039593169
leaf_weight=47.037503069266677 6.2037372225895515 5.8057518210262051 7.8704197164624921 47.581333501730114 77.398128990549594 105.56279894290492 7.7199278976768282 84.925337154883891 4.6900057792663565 37.693252396769822 26.845218248665333 73.231794204097241 16.350658268667758 29.098043566569686 24.863452587742358 25.312209626659751 9.3774730544537324 43.96686752140522 3.5599404983222476 6.001836351118981 4.711441107094287 8.7275944463908655 54.714411020278931 11.122078165411947 80.888393374159932 15.894964909180997 14.854074642062185 31.826536751352251 55.071715040598065 61.753858502488583
leaf_count=616 69 93 119 2228 1163 2012 88 3439 23 611 206 1999 165 316 448 244 87 411 23 102 27 51 736 74 1193 123 106 330 1229 966
internal_value=0 -0.00728234 -0.0104591 -0.0160264 0.0106422 0.00585445 -0.01981 -0.0218098 0.0120187 -0.0183816 0.0119291 -0.0116702 0.00831205 0.00380924 -0.00135575 0.00194061 0.0163455 0.0233114 0.0288921 0.00465382 0.00645804 0.0217398 -0.00522482 0.0202236 0.00491572 0.00164996 0.0374611 0.0118952 -0.0244078 -0.017634
internal_weight=0 641.107 565.127 406.512 389.553 308.595 358.187 341.74 48.3241 294.159 229.16 79.4355 202.315 158.615 129.517 141.997 75.9805 60.3175 80.9581 43.6341 51.7489 16.4475 92.4077 36.4343 104.654 96.7834 24.2315 37.8284 201.751 116.826
internal_count=19297 12931 12095 9896 6366 5180 9348 9209 548 6981 3112 2068 2906 2199 1883 2330 836 576 1186 525 643 139 1347 318 1435 1316 193 432 5634 2195
is_linear=0
shrinkage=0.05


Tree=68
num_leaves=31
num_cat=0
split_feature=5 11 4 7 6 9 8 8 8 4 8 9 10 7 8 8 4 4 7 6 8 3 1 8 4 3 9 6 9 8
split_gain=28.8228 26.6761 29.921 18.2506 24.9085 13.749 13.1851 10.8491 10.021 10.0058 9.78061 9.34961 8.52223 8.23805 8.03136 7.4876 7.40862 7.27588 7.2531 7.79708 7.0928 6.85152 7.01988 8.23969 6.85151 6.31236 5.95592 6.44746 5.94228 5.69085
threshold=36.527792906342476 1.0000000180025095e-35 100.59189310436967 1.0000000180025095e-35 1.0000000180025095e-35 1.0000000180025095e-35 0.076289968847360168 0.34976421806381913 0.35808616204851484 437.92023169105488 0.048518701714561317 1.0000000180025095e-35 1.5000000000000002 1.5000000000000002 0.11846827626371521 0.054177642805760276 291.68587120272457 380.79465458720659 1.0000000180025095e-35 1.0000000180025095e-35 0.28981200130824553 47.261407142680191 3.5000000000000004 0.26154883340560892 437.92023169105488 33.6216220278667 1.0000000180025095e-35 1.0000000180025095e-35 1.0000000180025095e-35 0.37740520634859709
decision_type=2 2 2 2 2 2 2 2 2 2 2 2 2 2 2 2 2 2 2 2 2 2 2 2 2 2 2 2 2 2
left_child=-1 2 7 4 15 9 28 26 12 20 24 17 16 29 -11 -4 -7 18 19 -8 -6 -21 23 -23 -5 -20 -2 -28 -3 -12
right_child=1 6 3 10 5 8 11 -9 -10 14 13 -13 -14 -15 -16 -17 -18 -19 25 21 -22 22 -24 -25 -26 -27 27 -29 -30 -31
leaf_value=0.02661208982916731 -0.04778618987992353 -0.011621111615247535 -0.011801600687587829 -0.030191937100136696 -0.043747448378660292 -0.026908449026930736 0.044901465266471374 0.0033382875006262181 0.048251651743384437 -0.033441060617160276 0.0091626088166704093 0.034815349414888903 0.039754841959871723 0.049852387718787965 0.01066266578838591 0.032574101966933527 0.0034955557989450113 0.056844955529532643 -0.0020514125455441314 -0.017309244233718168 -0.015308852777777868 -0.012969205493734688 0.024798744069467582 0.031058442553832551 0.031595415240955535 0.041228212288100918 0.022286846909563597 -0.031669540821384921 0.011352450102349637 0.060664886977679425
leaf_weight=92.578714059665799 60.946519043296576 95.665807962417603 12.659718418493865 19.530777420848612 71.918693381361663 42.423873184248805 10.250408302992581 19.024457348510623 8.8687400296330434 16.887786180712283 84.691004936117679 46.338158555328846 8.6233817394822818 17.556496158242226 26.55142935924232 38.157241558656096 37.96794107183814 7.8944174461066714 12.467838421463965 41.428662341088057 31.540546645410359 47.874669291079044 35.203604957088828 13.658520147204397 5.8247978985309592 25.981236286461353 6.5247760862112036 36.557127202861011 39.881372388452291 5.7263601385056964
leaf_count=921 5779 816 118 306 4025 815 62 327 51 287 959 328 74 96 229 300 262 91 64 411 412 301 212 82 38 162 59 1376 222 33
internal_value=0 -0.00264416 -0.00964443 -0.00340925 -0.010336 -0.0169491 0.00761489 -0.0313786 -0.00243236 -0.0266221 0.0119477 0.0146294 -0.0074821 0.0185102 -0.00648346 0.0215191 -0.0125491 0.0098266 0.00784023 0.00282639 -0.0350777 -0.000295137 0.00699135 -0.00319639 -0.0159979 0.027194 -0.0377275 -0.0234978 -0.00486171 0.0124244
internal_weight=0 928.626 551.982 428.929 295.599 244.782 376.645 123.053 97.8839 146.898 133.329 241.098 89.0152 107.974 43.4392 50.817 80.3918 194.759 186.865 148.416 103.459 138.165 96.7368 61.5332 25.3556 38.4491 104.028 43.0819 135.547 90.4174
internal_count=19218 18297 15546 8005 6573 6155 2751 7541 1202 4953 1432 1713 1151 1088 516 418 1077 1385 1294 1068 4437 1006 595 383 344 226 7214 1435 1038 992
is_linear=0
shrinkage=0.05


Tree=69
num_leaves=31
num_cat=0
split_feature=10 11 0 5 5 7 6 4 5 10 4 11 6 7 0 3 5 0 5 0 9 7 0 9 0 0 2 4 4 5
split_gain=27.6679 17.6955 16.3692 12.1493 11.5859 11.3357 12.8385 10.2478 10.1575 9.94725 9.8989 13.8487 11.2352 8.04359 8.0149 7.66664 7.36995 6.83692 6.3773 6.18986 6.63626 7.08973 6.09277 6.03861 5.33066 5.32201 4.76882 4.75608 4.73753 4.65492
threshold=1.0000000180025095e-35 1.0000000180025095e-35 214.26605214577887 48.189108096727203 131.8323138609675 1.0000000180025095e-35 1.0000000180025095e-35 75.299871956000345 118.07011633124738 1.5000000000000002 437.92023169105488 1.0000000180025095e-35 1.0000000180025095e-35 1.0000000180025095e-35 96.245895573229134 209.33509692897499 72.854643486268159 659.79922001898865 101.15873163407757 544.43035444072905 1.0000000180025095e-35 1.0000000180025095e-35 394.9827415049736 1.0000000180025095e-35 168.56804899919183 528.34784060779043 1.5000000000000002 118.38923036130409 230.60049894354395 20.77858595524712
decision_type=2 2 2 2 2 2 2 2 2 2 2 2 2 2 2 2 2 2 2 2 2 2 2 2 2 2 2 2 2 2
left_child=1 2 8 25 14 6 15 18 -1 10 11 12 -6 22 -2 -5 -9 -8 -3 20 21 -18 -14 -7 -13 -4 -19 -23 -25 -16
right_child=4 7 3 5 9 23 17 16 -10 -11 -12 24 13 -15 29 -17 19 26 -20 -21 -22 27 -24 28 -26 -27 -28 -29 -30 -31
leaf_value=-0.0099327885314882333 -0.013197294078932673 0.015920965105209472 0.010895976222598178 -0.0016913421661759272 0.021661286773379463 -0.0050006873182974103 -0.031205450137345932 0.049270131173513913 -0.042915627951981977 0.024289108364884977 0.031138330233878488 -0.0017596706264355452 -0.046609765723750557 -0.0016109790988165869 0.052866464079316944 0.060381730008921955 -0.0052784150739814293 0.026676312058150686 -0.015783974919975553 0.049254130550205083 0.027418560635383938 -0.0026750485094016053 -0.013483964352208703 0.006002173805056665 0.023143242537675371 0.057773851779676311 -0.016703519751474133 0.03989297799381842 0.048052334597600901 0.025319506214601731
leaf_weight=38.378939100075513 11.284087606240062 20.245909906923771 28.135271387174726 21.337231920100752 18.126029239036143 48.459622065071017 97.172925866208971 12.09235120564699 59.580465590581298 61.728485675994307 25.105067396536469 37.481903845444322 33.291949478909373 32.409970220178366 19.848419664427638 6.4866040758788577 94.502718836069107 8.9018896520137805 73.227021856233478 8.9319258704781515 30.194815959781408 10.677077874541284 23.807574357371777 15.280955135822298 50.364116437733173 7.7146715000271788 21.974585562944412 17.02447647601366 11.925566308200358 67.452658125665039
leaf_count=918 185 103 256 204 189 687 3346 106 5023 998 218 283 2370 583 142 34 661 57 668 91 201 54 360 114 323 44 150 107 73 691
internal_value=0 -0.00535844 -0.0125079 -0.00610203 0.0117002 -0.0102958 -0.0180039 0.00442837 -0.0299935 0.00654717 0.0015823 -0.00221349 -0.0142363 -0.0215057 0.026457 0.0127798 0.0116212 -0.0246929 -0.0089168 0.00879932 0.00642831 0.00124194 -0.032798 0.00558293 0.0125177 0.0209838 -0.00419683 0.0234859 0.0244342 0.0315825
internal_weight=0 632.245 365.349 267.389 380.9 231.539 155.873 266.896 97.9594 282.315 220.587 195.482 107.636 89.5095 98.5852 27.8238 173.423 128.049 93.4729 161.331 152.399 122.204 57.0995 75.6661 87.846 35.8499 30.8765 27.7016 27.2065 87.3011
internal_count=19239 12897 10906 4965 6342 4665 3791 1991 5941 5324 4326 4108 3502 3313 1018 238 1220 3553 771 1114 1023 822 2730 874 606 300 207 161 187 833
is_linear=0
shrinkage=0.05


Tree=70
num_leaves=31
num_cat=0
split_feature=8 5 0 10 4 8 5 9 7 6 7 7 10 0 4 3 10 4 6 8 7 7 8 5 8 9 8 3 10 4
split_gain=32.0229 18.5325 14.4614 13.8782 10.5768 10.1602 10.0622 9.3477 8.26922 6.74596 7.51271 6.63442 5.96485 8.84068 5.62625 5.39539 5.2905 4.73534 4.61541 4.54969 4.48869 4.45266 4.3202 4.73071 4.15378 3.83565 3.77035 4.20352 3.8819 4.23277
threshold=0.096659167035345731 131.8323138609675 623.01225069308225 1.5000000000000002 101.41411478473661 0.38856892835609974 12.195997500864246 1.0000000180025095e-35 2.5000000000000004 1.0000000180025095e-35 1.5000000000000002 1.0000000180025095e-35 1.0000000180025095e-35 464.10412329640269 401.96339663173177 34.109983005406001 2.5000000000000004 14.013217233633689 1.0000000180025095e-35 0.36641356078293924 1.0000000180025095e-35 1.0000000180025095e-35 0.051800994285479386 26.633911164646587 0.30654995453809053 1.0000000180025095e-35 0.48630674657002987 90.18340222458356 1.0000000180025095e-35 146.33338445645924
decision_type=2 2 2 2 2 2 2 2 2 2 2 2 2 2 2 2 2 2 2 2 2 2 2 2 2 2 2 2 2 2
left_child=2 5 6 4 17 12 -1 8 15 -6 14 -9 13 18 26 -8 -5 -3 -2 21 -20 -19 -17 -24 -16 -4 27 28 -11 -30
right_child=1 3 25 16 9 -7 7 11 -10 10 -12 -13 -14 -15 24 22 -18 19 20 -21 -22 -23 23 -25 -26 -27 -28 -29 29 -31
leaf_value=0.027586302113624273 0.042591830613292664 -0.051909291456087948 0.0072826243190071659 0.022791653688464683 0.028529880463190271 0.060468750051607859 -0.042638501117856414 -0.012443614056518773 0.086668381557488156 -0.0028226301611298734 0.043768753642066859 0.014608989199406872 0.030138530164098894 0.041605796476393689 0.0070155140860439476 -0.027438696316348255 0.078440520154191451 -0.020509533267900008 -0.009373718514787072 0.013063230646999272 0.018403956504136197 0.0022912032961349351 0.044589536232084642 -0.014542576350852508 0.040754280581143679 0.042351563917466757 0.033103532634819494 -0.010336165388900096 0.0060491361201216974 0.05614707958614043
leaf_weight=13.259489621967075 6.4750541858375064 7.3822541986592105 28.967525163665414 34.165331969968975 25.507723710499704 14.6737661100924 32.548753244336694 90.232614552602172 1.7049302607774723 40.028127479832619 10.160921230912207 30.264926807954907 54.056280589196831 17.373916987329721 47.046332759782672 101.33701069932431 4.8811277225613585 80.895373073872179 51.246444528456777 17.366988860070705 20.306279612705112 29.12003234308213 3.5355966640636316 78.037879982497543 11.317245457321404 10.668800804764031 6.5743406154215327 132.03221638407558 11.020429613068702 6.8288479242473832
leaf_count=147 49 269 235 463 200 92 1886 1440 11 967 64 316 509 118 452 2752 65 2830 747 243 182 555 47 2167 70 62 42 1950 235 126
internal_value=0 0.00632508 -0.0119059 0.00122023 -0.00139902 0.0207667 -0.0151394 -0.0168172 -0.0230141 0.00397145 0.00160764 -0.00564891 0.0168687 0.00934979 -7.33504e-05 -0.023882 0.0297482 -0.0129763 0.00216757 -0.01072 -0.00149056 -0.0144744 -0.0205443 -0.0119796 0.0135578 0.016722 -0.00412234 -0.00541103 0.00582437 0.0252158
internal_weight=0 628.459 390.558 464.327 425.281 164.132 350.921 337.662 217.164 290.516 265.008 120.498 149.458 95.4017 254.848 215.459 39.0465 134.765 78.0278 127.382 71.5527 110.015 182.91 81.5735 58.3636 39.6363 196.484 189.91 57.8774 17.8493
internal_count=19291 10228 9063 8531 8003 1697 8766 8619 6863 4106 3906 1756 1605 1096 3842 6852 528 3897 978 3628 929 3385 4966 2214 522 297 3320 3278 1328 361
is_linear=0
shrinkage=0.05


Tree=71
num_leaves=31
num_cat=0
split_feature=6 7 11 0 8 9 4 5 8 8 10 3 0 8 5 0 5 5 5 0 8 5 9 9 8 4 5 4 9 8
split_gain=25.4599 24.0408 26.0051 31.3622 23.8125 15.2233 15.0827 15.6647 12.2907 10.5746 9.70157 9.31532 9.01169 8.96654 8.43271 8.58156 8.34223 8.26245 8.1493 8.9194 8.04611 7.67936 7.5048 7.34536 9.27943 8.50407 6.91589 6.8647 6.72905 6.54655
threshold=1.0000000180025095e-35 1.5000000000000002 1.0000000180025095e-35 520.5606197932367 0.11744059274174178 1.0000000180025095e-35 252.98999883371349 157.52663092164616 0.2203426283924346 0.37740520634859709 1.0000000180025095e-35 49.120426894051612 231.12470763428826 0.45491259551831259 48.189108096727203 911.89367059962524 235.25379778690623 57.571739922173045 98.558534733192815 302.91181828046587 0.032365307748635858 20.77858595524712 1.0000000180025095e-35 1.0000000180025095e-35 0.12299984567704277 245.83366822610969 72.854643486268159 129.5317187858308 1.0000000180025095e-35 0.098750796628466378
decision_type=2 2 2 2 2 2 2 2 2 2 2 2 2 2 2 2 2 2 2 2 2 2 2 2 2 2 2 2 2 2
left_child=17 2 3 4 26 9 7 20 11 18 13 -9 -8 21 -5 23 -11 -1 19 -6 -4 -7 -10 24 -16 -26 27 -2 -29 -19
right_child=1 -3 6 14 5 10 12 8 22 16 -12 -13 -14 -15 15 -17 -18 29 -20 -21 -22 -23 -24 -25 25 -27 -28 28 -30 -31
leaf_value=0.063932390771857903 -0.041532420628786371 0.035774606140144431 -0.013268604199611934 0.051734177813731901 -0.025799012297841296 0.054913027215454192 -0.017183699229102897 -0.024712951433526892 0.0090366888751371149 0.03665921974098723 0.026556648062612927 -0.0013798702035887102 0.04237317851284212 0.068478889496006182 -0.030428584636550706 0.048352106487680832 -0.014192309179122776 0.0036969917983930771 -0.035995066599060176 0.023925132302762067 0.031036623050051972 -0.015960510476046377 0.058554935949056856 0.022581801356223258 -0.041649386543956765 0.018280862039387211 -0.041877772041516319 -0.020612368332808596 0.032787034816041935 0.032300513102547453
leaf_weight=12.187106985598801 17.943713570013642 40.532061809673905 12.416657820343969 11.650508765131233 24.752331217750907 4.1237039342522612 7.5570656135678282 65.834631621837616 48.577233962714672 13.25926772970706 37.820705766789615 122.12437159754336 39.817895762622356 3.809902310371398 25.988449351862073 11.232135146856306 20.588494058698416 35.566927124746144 73.165524003561586 14.188176894560454 58.656975334510207 52.24933735281229 9.0820795185863954 30.385631933808327 7.1779426094144574 33.759266993030906 96.367672679014504 16.193251351825893 9.280787333846094 45.715637647546828
leaf_count=76 470 333 76 68 447 24 45 727 260 95 431 787 357 21 390 58 271 439 4197 98 378 826 71 193 100 250 7008 214 51 443
internal_value=0 -0.00186413 -0.0036217 -0.0109777 -0.0179585 -0.00853036 0.00656036 0.00262418 -0.00335767 -0.0187652 0.00671208 -0.00955253 0.0328729 -0.00575883 0.01131 0.00697103 0.00572789 0.0255407 -0.0261603 -0.00768176 0.0232964 -0.0107761 0.0168364 0.00219463 -0.00706157 0.00777267 -0.0344128 -0.0178438 -0.00115772 0.0197844
internal_weight=0 908.536 868.004 503.937 383.743 243.957 364.067 316.692 245.618 145.954 98.0036 187.959 47.375 60.1829 120.194 108.543 33.8478 93.4697 112.106 38.9405 71.0736 56.373 57.6593 97.3113 66.9257 40.9372 139.785 43.4178 25.474 81.2826
internal_count=19204 18246 17913 15212 14153 6410 2701 2299 1845 5108 1302 1514 402 871 1059 991 366 958 4742 545 454 850 331 933 740 350 7743 735 265 882
is_linear=0
shrinkage=0.05


Tree=72
num_leaves=31
num_cat=0
split_feature=7 6 8 0 11 6 0 11 10 8 9 3 10 5 11 9 0 8 0 5 0 6 9 4 5 8 4 0 0 5
split_gain=32.9212 17.8763 17.7055 13.0701 14.568 12.295 11.8964 11.7085 10.7754 11.1136 10.3079 10.1138 10.6742 9.79134 9.40671 9.16121 8.66511 8.23497 8.15301 8.88706 8.1252 7.77053 8.98556 7.19542 7.9967 7.99315 7.00165 6.73116 6.65792 6.61067
threshold=1.0000000180025095e-35 1.0000000180025095e-35 0.11744059274174178 484.31177953255195 1.0000000180025095e-35 1.0000000180025095e-35 768.91860587039787 1.0000000180025095e-35 1.5000000000000002 0.25570061027820162 1.0000000180025095e-35 98.202557948100647 1.0000000180025095e-35 143.22014379982554 1.0000000180025095e-35 1.0000000180025095e-35 153.44355172537254 0.48630674657002987 71.218383018426678 54.350451386058829 196.32490489832685 1.0000000180025095e-35 1.0000000180025095e-35 252.98999883371349 107.51752735086231 0.26154883340560892 69.847360165456905 258.78119617649185 360.41089205754668 92.319946293244797
decision_type=2 2 2 2 2 2 2 2 2 2 2 2 2 2 2 2 2 2 2 2 2 2 2 2 2 2 2 2 2 2
left_child=2 -2 7 4 5 -4 8 11 9 13 17 -1 -13 -3 20 16 -6 29 -9 -20 -15 -21 28 24 -18 -26 -16 -24 -23 -7
right_child=1 6 3 -5 15 10 -8 18 -10 -11 -12 12 -14 14 26 -17 23 -19 19 21 -22 22 27 -25 25 -27 -28 -29 -30 -31
leaf_value=-0.04133593893795387 0.11191202511415842 0.021660056212710572 0.014874944408546774 0.018468365511590902 -0.017353595132157736 -0.016782087649758509 0.073281501678086183 -0.040550222551479456 0.042303529196513243 0.030774765351484379 -0.0044177152513787867 -0.030181428892950602 0.0021343479516705709 -0.046725278715686429 -0.013667435498095166 0.035029909415333238 0.053082305012181287 0.022183194066123339 0.039325952494971804 0.03433755135648852 -0.0076466966409473123 -0.028755592229430357 -0.0037548936632321589 0.048347637858329108 -0.012124567440810148 0.027763353700140072 0.022983049327061154 0.042216164147149966 0.0014697068285862292 -0.046353011191014482
leaf_weight=60.464090219698846 4.5362817412242284 47.06011911900714 31.047617500647902 77.384761970490217 39.867407875135541 30.229484302923083 7.6437499448657027 15.404905345290898 23.443997832946479 39.923221140168607 63.995866395533085 56.563714084215462 46.609313319437206 16.326740137301385 19.432102344930172 24.904314640909433 7.7353426702320567 6.7596537545323363 11.784731682389973 10.929538413882254 71.782366933766752 55.579413576051593 25.005058087408543 11.189553320407866 44.387645093724132 17.515686027705669 39.559675026684999 11.683129347860811 27.104775011539459 50.427387904841453
leaf_count=5129 47 470 316 693 313 456 52 167 221 392 1058 1390 744 939 114 174 58 57 86 58 952 628 115 85 272 93 247 80 162 3677
internal_value=0 0.0134937 -0.00696185 -1.54738e-05 -0.00437555 -0.0137877 0.0118101 -0.0157321 0.00998555 0.00674884 -0.0196651 -0.0250984 -0.0155825 0.00180866 -0.00454215 0.0074194 0.00172225 -0.0308274 -0.00600026 -0.00225438 -0.014888 -0.00601498 -0.00970959 0.0111312 0.0051512 -0.000838191 0.0109102 0.0108843 -0.0188474 -0.0352701
internal_weight=0 269.708 726.573 405.445 328.06 182.46 265.172 321.129 257.528 234.084 151.412 163.637 103.173 194.161 147.101 145.6 120.696 87.4165 157.492 142.087 88.1091 130.302 119.372 80.8282 69.6387 61.9033 58.9918 36.6882 82.6842 80.6569
internal_count=19245 3434 15811 7252 6559 5564 3387 8559 3335 3114 5248 7263 2134 2722 2252 995 821 4190 1296 1129 1891 1043 985 508 423 365 361 195 790 4133
is_linear=0
shrinkage=0.05


Tree=73
num_leaves=31
num_cat=0
split_feature=6 7 0 11 5 8 9 0 5 11 8 8 5 5 11 4 8 3 9 4 10 8 5 5 8 0 3 11 4 0
split_gain=24.6674 29.3076 18.4413 25.3606 10.6124 10.385 10.0725 9.35604 9.50948 11.6569 11.5378 9.13456 9.03057 8.05404 9.10461 8.23255 10.0688 7.57131 7.11059 6.97292 7.20986 6.75384 6.66241 6.58026 6.3105 6.2701 6.22681 6.15508 7.69251 6.13458
threshold=1.0000000180025095e-35 1.0000000180025095e-35 327.1316963653606 1.0000000180025095e-35 18.016304280812989 0.095585063359161768 1.0000000180025095e-35 768.91860587039787 82.404682532486291 1.0000000180025095e-35 0.32074097985257727 0.25570061027820162 50.956593912618509 82.404682532486291 1.0000000180025095e-35 452.75965212052921 0.24980761144193478 112.96749319475967 1.0000000180025095e-35 513.19282286928512 1.5000000000000002 0.32074097985257727 888.04823346073033 135.64076674203423 0.18937277146118056 827.96897245814819 271.60196667190144 1.0000000180025095e-35 277.48010757076958 332.8939000160895
decision_type=2 2 2 2 2 2 2 2 2 2 2 2 2 2 2 2 2 2 2 2 2 2 2 2 2 2 2 2 2 2
left_child=23 2 3 4 21 25 7 8 -3 10 19 12 -5 -7 15 16 -15 -11 -14 20 -10 -2 -13 -1 -6 27 -25 -4 -29 -22
right_child=1 6 5 11 24 13 -8 -9 9 17 -12 22 18 14 -16 -17 -18 -19 -20 -21 29 -23 -24 26 -26 -27 -28 28 -30 -31
leaf_value=0.048754194390341558 -0.0099479038501144625 0.028184929433462531 -0.025379682954865396 0.026555636867956058 -0.045188655722906854 0.034578377415006148 0.02684044351954263 0.066099255661803608 -0.03409347950793027 0.0067331303577445063 0.029619770220052601 0.030058736409284623 -0.020693957796585762 -0.03012266122828669 0.027372497203594717 0.018466756195161676 0.0076350868724651523 0.053698955947046524 0.0018422160061719872 0.015964125896839636 -0.032170817251568055 0.067098567956357533 -0.013995669445869495 0.013069975780856079 -0.023995461405757892 0.028463176877105586 0.073194489658645348 -0.013610585760967311 0.037459103457319086 0.056839327235150151
leaf_weight=22.221392478793859 12.515610414557161 31.580355638638139 54.980490301735699 15.894993539899586 74.328692473936826 26.910207634791732 76.067512633278966 6.1182598657906047 55.628254503477365 53.27350153028965 12.97682029288262 28.779812656342983 102.6320244204253 37.230191754177213 33.239340774714947 31.625370350666344 33.583745224401355 10.228819679468868 53.115899030119181 10.643084939569233 3.4942303663119665 3.6809038743376723 12.228633642196653 61.306644988246262 66.594142663758248 9.1879220157861692 4.6316113732755175 25.279985673725605 10.410018492490051 4.3400189578533173
leaf_count=161 214 289 1405 95 7021 181 711 37 1710 284 133 158 1101 891 257 243 334 90 272 68 93 18 65 720 2271 51 27 147 86 25
internal_value=0 -0.00249484 -0.00834039 -0.0155347 -0.0307683 0.00179587 0.0114853 0.00528175 0.00323911 -0.00199248 -0.013872 -0.00427918 -0.00934446 0.00959054 0.00463451 -0.00274347 -0.0122159 0.0142983 -0.0130083 -0.021488 -0.027769 0.00756208 0.0169218 0.0252232 -0.0351737 -0.0108954 0.0172932 -0.0148837 0.00128536 0.017139
internal_weight=0 896.569 632.218 369.771 157.119 262.447 264.351 188.283 182.165 150.585 87.0824 212.651 171.643 162.589 135.679 102.439 70.8139 63.5023 155.748 74.1056 63.4625 16.1965 41.0084 88.1596 140.923 99.8584 65.9383 90.6705 35.69 7.83425
internal_count=19158 18250 14810 11215 9524 3595 3440 2729 2692 2403 2029 1691 1468 1906 1725 1468 1225 374 1373 1896 1828 232 223 908 9292 1689 747 1638 233 118
is_linear=0
shrinkage=0.05


Tree=74
num_leaves=31
num_cat=0
split_feature=10 7 8 5 9 4 11 3 8 10 5 6 11 4 7 1 9 8 4 5 6 7 4 6 11 5 8 9 4 3
split_gain=27.5048 17.1671 13.1412 10.9427 10.9151 9.2625 9.35207 9.70912 9.16943 9.60407 8.76429 7.58595 8.28715 13.0645 15.0943 7.72532 9.6599 7.2272 7.31748 7.00618 6.67625 7.08424 6.6704 6.15844 7.65617 6.68575 6.14239 5.86051 7.66984 5.65993
threshold=1.0000000180025095e-35 1.0000000180025095e-35 0.38856892835609974 128.12254449838679 1.0000000180025095e-35 49.170403314019282 1.0000000180025095e-35 116.59896583006028 0.047767249101430771 2.5000000000000004 104.46919254021928 1.0000000180025095e-35 1.0000000180025095e-35 281.97707179250921 1.0000000180025095e-35 3.5000000000000004 1.0000000180025095e-35 0.24049502789834709 80.220202632779319 15.098442361495461 1.5000000000000002 1.5000000000000002 380.79465458720659 1.0000000180025095e-35 1.0000000180025095e-35 160.74231115795581 0.37740520634859709 1.0000000180025095e-35 90.519574343936853 110.5140392992282
decision_type=2 2 2 2 2 2 2 2 2 2 2 2 2 2 2 2 2 2 2 2 2 2 2 2 2 2 2 2 2 2
left_child=1 2 4 -2 5 -1 7 -7 -5 11 -8 -10 13 14 -13 16 -15 18 -3 -6 -20 -22 -12 -21 29 -26 -16 28 -14 -25
right_child=3 17 -4 8 19 6 10 -9 9 -11 22 12 27 15 26 -17 -18 -19 20 23 21 -23 -24 24 25 -27 -28 -29 -30 -31
leaf_value=-0.046552180856560765 0.024288567593719758 -0.019343241947729042 0.018785955457445647 -0.014275304325275812 0.052403294358772973 -0.047508569249382779 0.024559186009771229 -0.017188854110694065 0.035885594010703008 0.070328617584967265 -0.017358618344191258 -0.036173523730739475 -0.0098283188904741362 -0.0072214719158166588 0.0026561745806687291 0.074096943878008414 0.047574194541167708 0.026779795311531275 0.049210175942664289 0.02738239528182327 -0.0029813793139074596 0.031615069854788125 0.03133088872559138 -0.036045280880966785 0.046099616148968417 -0.0028451935387452769 0.076955315497195351 0.0452649732118321 0.025389670106642583 -0.0074145164162067196
leaf_weight=31.689464259427041 96.621897992212325 33.960242635104805 30.572395148687065 51.595490997191519 5.3190270960330954 40.455191881395876 17.869724355638027 76.02054775506258 21.012182639911771 6.2328773299232116 89.640748672187328 42.90634292177856 27.170871593058109 26.365900820121169 25.181428891606632 5.2704314421862355 11.573623672127722 33.261540566571057 8.7344622444361431 12.442777927964924 78.248300554230809 18.24750954657793 7.6333038099110118 31.487100729253143 8.3290522210299951 42.985216874629259 3.1271378435194483 14.703599307686089 35.867021985352039 38.208104837685823
leaf_count=1870 998 766 279 1297 40 3730 118 1584 207 85 741 2260 205 336 470 40 79 337 115 100 1019 115 73 1250 62 238 21 104 234 364
internal_value=0 -0.00749861 -0.0128156 0.00984147 -0.0152185 -0.0211991 -0.0177303 -0.0277197 0.00469065 0.00915058 -0.00762538 0.00736186 0.00424297 -0.00431558 -0.0174758 0.017374 0.00949419 0.00584086 0.00083721 -0.00387071 0.00734991 0.00356086 -0.0135378 -0.00611363 -0.00955786 0.00509926 0.0108637 0.01684 0.0102099 -0.0203494
internal_weight=0 605.105 432.653 367.629 402.08 263.309 231.62 116.476 271.007 219.411 115.144 213.179 192.166 114.425 71.2149 43.21 37.9395 172.452 139.191 138.771 105.23 96.4958 97.2741 133.452 121.009 51.3143 28.3086 77.7415 63.0379 69.6952
internal_count=19137 12801 10449 6336 10170 8116 6246 5314 5338 4041 932 3956 3749 3206 2751 455 415 2352 2015 2054 1249 1134 814 2014 1914 300 491 543 439 1614
is_linear=0
shrinkage=0.05


Tree=75
num_leaves=31
num_cat=0
split_feature=5 8 0 7 9 0 4 8 10 7 6 9 5 10 4 10 4 10 8 0 4 1 7 6 5 4 3 7 4 3
split_gain=22.6014 22.993 18.0436 13.7983 13.1046 10.0262 7.60713 6.86555 6.18703 7.1354 6.18301 5.97667 6.44761 6.88257 6.1121 5.97089 4.80495 4.93636 5.42835 4.69171 6.43155 6.13202 4.52551 4.44134 4.38895 4.26322 5.06282 4.22024 3.87504 4.7555
threshold=48.189108096727203 0.23282356440462168 113.08287443855083 1.5000000000000002 1.0000000180025095e-35 911.89367059962524 401.96339663173177 0.48630674657002987 1.0000000180025095e-35 1.0000000180025095e-35 1.0000000180025095e-35 1.0000000180025095e-35 487.99743289461497 1.5000000000000002 230.60049894354395 1.0000000180025095e-35 353.56221348967688 1.5000000000000002 0.20354962111322653 219.26782623529633 133.27196454129708 2.5000000000000004 1.5000000000000002 5.5000000000000009 20.77858595524712 268.59289033940507 59.123655937389124 1.0000000180025095e-35 59.984755978199935 37.586378253161485
decision_type=2 2 2 2 2 2 2 2 2 2 2 2 2 2 2 2 2 2 2 2 2 2 2 2 2 2 2 2 2 2
left_child=10 2 22 4 5 8 15 11 -4 28 -1 12 23 14 -14 -6 17 18 -12 20 -17 -21 -2 -3 -20 26 -11 -16 -10 -30
right_child=1 7 3 -5 6 -7 -8 -9 9 25 16 -13 13 -15 27 19 -18 -19 24 21 -22 -23 -24 -25 -26 -27 -28 -29 29 -31
leaf_value=0.057422127089636434 -0.031704691868600997 0.016596270054450881 -0.018602006602753754 0.030186970015371403 -0.0079751212229205292 0.04209537723433663 0.028691055827917141 0.03915816724537087 -0.049839389344384616 0.034045431124976676 0.0012453769771277863 0.021861263675440421 -0.022639475009052178 0.052306540834051479 -0.0043937735612449907 0.016363388280645982 0.042928718944026313 0.055181437457069542 0.055112976527442653 -0.032522772507581635 0.085268893763432801 0.014714287539840366 0.016380694977620347 -0.030605498990801207 0.011654813784094803 0.040394161102837521 -0.016893690415451326 0.042362178753055535 0.057178730834030647 -0.010852370255384981
leaf_weight=10.231799485161899 83.94377151876688 67.898430315311998 210.91146345250309 27.037586117163301 86.047296094242483 8.3607793562114221 28.179828129708767 19.292323157191277 6.1628232370130709 7.820310135837647 60.606986299157143 55.851120118051767 44.855287493672222 4.4672061223536721 17.361666603945199 12.801480052061381 15.011985585093496 6.2764352560043326 9.782793480902912 9.1028673220425826 4.6045495485886923 28.01281382329762 5.195937378332018 5.3782849507406345 14.30533818528056 11.332702772691844 12.964149855077265 6.6842648424208155 2.6460332940332583 87.94338889606297
leaf_count=63 3629 934 6009 187 1343 46 199 144 309 155 791 543 932 60 166 228 96 62 73 82 61 306 70 82 124 87 217 39 87 2047
internal_value=0 -0.0031965 -0.00805012 -0.00463292 -0.00645428 -0.011997 0.00498083 0.0106576 -0.0133281 -0.00469654 0.0203044 0.00794223 0.00264104 -0.0078366 -0.011736 0.000227653 0.016721 0.0123963 0.0092256 0.0131734 0.0345915 0.00312908 -0.0289018 0.0131318 0.0293043 0.0157239 0.00227254 0.0086034 -0.0114752 -0.00886524
internal_weight=0 854.856 633.068 543.928 516.89 348.142 168.749 221.789 339.781 128.869 116.215 202.496 146.645 73.3684 68.9012 140.569 105.984 90.9716 84.6951 54.5217 17.406 37.1157 89.1397 73.2767 24.0881 32.1172 20.7845 24.0459 96.7522 90.5894
internal_count=19171 17962 15062 11363 11176 8957 2219 2900 8911 2902 1209 2756 2213 1197 1137 2020 1146 1050 988 677 289 388 3699 1016 197 459 372 205 2443 2134
is_linear=0
shrinkage=0.05


Tree=76
num_leaves=31
num_cat=0
split_feature=8 9 11 0 5 6 7 4 4 8 5 0 11 5 11 6 7 3 8 3 6 6 8 7 0 7 0 5 5 3
split_gain=22.1626 18.944 14.9475 18.189 10.3976 9.36977 9.34879 9.06507 9.01655 8.68785 8.04609 8.00652 8.23257 7.36536 7.30248 7.60654 7.19813 6.70812 7.20666 6.60125 12.1092 6.52696 6.11505 5.89225 5.77591 5.73135 5.69967 6.0834 5.66124 5.39873
threshold=0.068584564582253996 1.0000000180025095e-35 1.0000000180025095e-35 211.57669888124045 92.319946293244797 1.0000000180025095e-35 1.0000000180025095e-35 353.56221348967688 252.98999883371349 0.25570061027820162 36.527792906342476 115.44604215842644 1.0000000180025095e-35 322.65862276900674 1.0000000180025095e-35 1.0000000180025095e-35 1.0000000180025095e-35 17.456985585725668 0.32549435132716659 219.29143956422618 1.0000000180025095e-35 1.0000000180025095e-35 0.2588759831718766 1.0000000180025095e-35 134.55865334122498 1.5000000000000002 911.89367059962524 48.189108096727203 50.956593912618509 40.735069003684941
decision_type=2 2 2 2 2 2 2 2 2 2 2 2 2 2 2 2 2 2 2 2 2 2 2 2 2 2 2 2 2 2
left_child=5 2 3 25 -5 28 11 13 10 16 -4 -7 26 23 15 -15 19 -12 21 -6 -21 -19 -17 29 -16 -2 27 -13 -1 -3
right_child=1 7 8 4 9 6 -8 -9 -10 -11 17 12 -14 14 24 22 -18 18 -20 20 -22 -23 -24 -25 -26 -27 -28 -29 -30 -31
leaf_value=0.072486203463508023 -0.034981255994693976 -0.0069684990270194938 0.055982176508901638 0.017172250270642429 -0.040931634000554253 -0.048791603150080125 -0.0012854386380670754 0.041845281081155122 0.037684990397045974 0.0072609417478116459 -0.027060689584933136 -0.0073553372281415109 -0.005790820620341381 0.034034128652946173 0.0028941119897439565 -0.02370070842089424 0.00053063017371523429 0.045914813741956183 0.03835564352360004 0.069610814201290269 -0.022514137640400812 0.00021808355160831823 0.010216419571673029 0.049879267380560297 0.045812703269120188 0.023987386643995138 0.03129299887974412 -0.042310696043221754 0.0065739995741468868 0.026006416917091765
leaf_weight=3.8144067637622383 62.302496076561511 17.128104721195996 7.582577981054782 56.691403704695404 36.198774298653007 24.005289969965816 80.151376409456134 31.386451860889792 24.876009818166494 60.895767248235643 16.402484675869346 16.751857280731201 72.417066989466548 10.478142563253639 16.085816867649559 39.126110119279474 38.314507260918617 8.3061732687056047 15.988680474460123 4.2084392309188869 23.401500163134187 131.91216882690787 20.124728391878307 17.350571190938354 15.290932063013313 4.4123697318136683 3.6008013039827338 48.433405194431543 22.324057746678591 45.086894982494414
leaf_count=24 4488 280 58 466 1985 1305 1218 237 237 700 161 238 550 78 85 931 495 55 93 21 348 942 205 140 131 68 16 2966 296 445
internal_value=0 0.00455162 -0.000837601 -0.0082156 -0.00127248 -0.0122659 -0.0152976 0.0170424 0.00946749 -0.00768681 0.00557198 -0.0220957 -0.0175573 0.0127336 0.00377796 -0.00523598 -0.0166001 0.00335751 0.00655156 -0.0268864 -0.00847201 0.00292504 -0.0121807 0.0241138 0.0238098 -0.0310812 -0.0299448 -0.0333276 0.0161926 0.0169283
internal_weight=0 703.551 491.493 286.425 219.71 271.498 245.36 212.058 205.068 163.019 180.192 165.208 141.203 180.671 101.106 69.729 102.123 172.61 156.207 63.8087 27.6099 140.218 59.2508 79.5656 31.3767 66.7149 68.7861 65.1853 26.1385 62.215
internal_count=19262 12649 10117 8571 4015 6613 6293 2532 1546 3549 1309 5075 3770 2295 1430 1214 2849 1251 1090 2354 369 997 1136 865 216 4556 3220 3204 320 725
is_linear=0
shrinkage=0.05


Tree=77
num_leaves=31
num_cat=0
split_feature=5 11 0 8 6 0 8 7 6 7 11 0 8 9 0 9 6 8 0 10 8 3 7 6 6 8 0 10 3 9
split_gain=20.7473 22.2543 21.7201 11.1334 10.6538 9.11995 9.08259 8.9205 8.42445 8.23758 9.07306 9.53968 9.84414 9.59018 7.92217 8.11969 7.86885 8.19527 9.56294 7.59191 7.37842 7.69771 6.81343 6.77413 6.68729 8.03223 6.56542 7.68594 5.73757 5.61625
threshold=139.14043867487231 1.0000000180025095e-35 296.69162440998895 0.32549435132716659 1.0000000180025095e-35 503.97420885567027 0.18937277146118056 1.0000000180025095e-35 1.0000000180025095e-35 1.5000000000000002 1.0000000180025095e-35 680.46374583134912 0.070767266557036065 1.0000000180025095e-35 827.96897245814819 1.0000000180025095e-35 1.0000000180025095e-35 0.27803467119671971 79.583099226736252 1.0000000180025095e-35 0.43372464661974319 163.10398221339452 1.5000000000000002 1.0000000180025095e-35 5.5000000000000009 0.19102510471745657 313.61660946715818 1.0000000180025095e-35 152.70669227339087 1.0000000180025095e-35
decision_type=2 2 2 2 2 2 2 2 2 2 2 2 2 2 2 2 2 2 2 2 2 2 2 2 2 2 2 2 2 2
left_child=8 2 6 4 -4 7 -2 16 -1 10 11 12 -10 20 15 24 -3 19 -19 -18 21 -14 23 -8 25 -6 27 -15 -21 -9
right_child=1 5 3 -5 14 -7 22 29 9 -11 -12 -13 13 26 -16 -17 17 18 -20 28 -22 -23 -24 -25 -26 -27 -28 -29 -30 -31
leaf_value=0.040281058141124648 -0.038618871980590774 0.033842206671613376 0.021004618385570158 0.02483510256095715 -0.040985602363493565 0.04209548594660209 0.019663334404143938 0.014174701877067226 -0.022759107422250735 0.059525603030281239 0.023629418074121528 0.044734609398400793 -0.019615641862066321 -0.0074800381069206265 0.022001600711987954 -0.0022459950760962389 -0.015342153251905064 -0.027199570719199536 0.036308787629386781 0.00079767226085270589 0.049772208230717041 0.015495855069402448 0.048298596911627217 -0.024712397800364407 0.011422501466912103 -0.0073112789589333026 0.058047790476182963 0.045108067394544184 0.047630649944440745 0.05555202817636521
leaf_weight=24.642547616735101 78.482823808677495 15.382541991770266 29.53110524918884 32.005633837543428 53.097661926411092 16.641760054975748 10.205819007009266 57.261069804430008 40.267069632187486 7.9982599616050711 66.387785896658897 12.05932494997978 50.096671987324953 17.748741556890312 16.15730107575655 72.739673485979438 111.69618024397641 7.919344253838065 23.566659569740295 60.867510620504618 5.8325598984956732 22.675694832578301 4.1573212910443536 54.660780171863735 11.252472181338815 26.569422097411007 11.265532918274401 11.417658737860618 7.3270389437675467 9.5717629082500917
leaf_count=183 7216 90 199 233 2042 173 113 331 930 56 473 74 1126 184 90 692 1053 40 146 450 31 155 38 2152 225 461 67 85 50 91
internal_value=0 -0.00389972 -0.0118679 -0.00262975 -0.00682865 0.00608789 -0.0269835 0.00404686 0.0124104 0.00961565 0.00793661 0.00185707 -0.00138877 0.00584027 -0.0113997 -0.0146972 -0.000684703 -0.00319733 0.0203352 -0.0073162 -0.00433815 -0.00867498 -0.0137536 -0.0177305 -0.0246588 -0.029755 0.0256284 0.0131064 0.00582956 0.0201007
internal_weight=0 699.094 388.86 241.353 209.348 310.234 147.507 293.592 270.392 245.749 237.751 171.363 159.304 119.037 179.817 163.659 226.759 211.377 31.486 179.891 78.6049 72.7724 69.0239 64.8666 90.9196 79.6671 40.4319 29.1664 68.1945 66.8328
internal_count=19249 15885 13461 3942 3709 2424 9519 2251 3364 3181 3125 2652 2578 1648 3510 3420 1829 1739 186 1553 1312 1281 2303 2265 2728 2503 336 269 500 422
is_linear=0
shrinkage=0.05


Tree=78
num_leaves=31
num_cat=0
split_feature=10 8 7 8 5 11 3 7 6 3 0 11 3 11 8 5 3 7 5 9 5 3 9 3 3 5 0 8 7 9
split_gain=25.9249 16.7885 11.9932 12.6864 8.79627 8.6168 12.2199 9.69727 8.59256 7.86273 7.84696 7.45717 13.36 6.92184 6.8901 6.09011 7.39435 5.60753 5.10128 5.09186 6.08293 4.95851 5.77543 4.5986 5.29622 4.51074 4.41488 5.06041 5.0872 4.28337
threshold=1.0000000180025095e-35 0.13990183195000233 1.0000000180025095e-35 0.047767249101430771 79.562020119996063 1.0000000180025095e-35 108.12304754935253 2.5000000000000004 1.5000000000000002 52.442623190238074 245.35016224553547 1.0000000180025095e-35 87.059894682291954 1.0000000180025095e-35 0.052553998704038429 33.644884524827638 248.32096810560475 1.0000000180025095e-35 556.16536202203849 1.0000000180025095e-35 50.956593912618509 22.130160513119922 1.0000000180025095e-35 99.183585630718667 67.706878311831829 231.64167141874216 623.01225069308225 0.059676367426673073 1.5000000000000002 1.0000000180025095e-35
decision_type=2 2 2 2 2 2 2 2 2 2 2 2 2 2 2 2 2 2 2 2 2 2 2 2 2 2 2 2 2 2
left_child=1 5 3 15 -3 6 7 -1 -5 -7 13 12 -6 -10 -11 -2 -17 21 -15 26 -21 -13 -23 24 -16 -25 27 -8 -29 -14
right_child=2 4 -4 8 11 9 19 -9 10 14 -12 17 29 18 23 16 -18 -19 -20 20 -22 22 -24 25 -26 -27 -28 28 -30 -31
leaf_value=-0.043252427394612901 0.037344487160856456 0.021219214190495345 0.025564770995805008 0.026246397114989401 -0.031736996051509064 -0.021763266332824448 -0.05294800618427558 0.11181758602109726 -0.027618240928084622 -0.01211625955427954 0.013547277176857348 -0.031685293289727967 -0.0068499580013415585 0.020158213691766493 0.03126919971057468 -0.03273891485511389 0.021705224344928331 0.035844946731187113 -0.015959596997763961 0.055478088207468218 -0.0053055771319355819 0.0017249281101341532 0.042236282837584051 0.065360620740151393 -0.016496975056145287 0.017238779868587319 -0.0029878492467980485 -0.025198282950755303 0.04606300464323717 0.015138873321751914
leaf_weight=60.468915989622474 4.4929560516029587 48.193707845173776 92.435877507552505 58.534767056349665 45.690702334512025 53.669614033773541 15.859311004634945 1.0252641588449467 28.727781563531607 44.568419650197029 89.893184630200267 9.0236547160893661 61.118663525208831 22.662199957296252 8.8866429813206214 37.572073198389262 7.4776404295116654 15.780000917613505 17.193541780114174 4.7246123626828185 31.954191243276 59.700689921155572 10.318266917020081 6.6953416205942657 16.724854666739702 17.859309051185846 21.397914289496839 19.36158016463742 2.8765297755599013 34.733651413582265
leaf_count=4991 43 457 1098 868 2394 566 553 7 1566 299 1247 77 1006 165 76 1168 59 121 126 24 324 402 84 52 117 138 182 639 15 262
internal_value=0 -0.00699183 0.0100456 0.00466387 0.00175083 -0.01512 -0.0232592 -0.040667 0.00987575 -0.0064727 0.00382911 -0.00221867 -0.0094877 -0.0089086 0.00218981 -0.0181657 -0.0237019 0.00863192 0.00457719 -0.0121285 0.00252399 0.00319913 0.00769484 0.0148996 7.6868e-05 0.0303602 -0.0211618 -0.0313695 -0.0159805 0.00111805
internal_weight=0 590.632 358.99 266.554 284.559 306.073 157.668 61.4942 217.011 148.404 158.477 236.366 141.543 68.5835 94.7346 49.5427 45.0497 94.8226 39.8557 96.1741 36.6788 79.0426 70.019 50.1661 25.6115 24.5547 59.4953 38.0974 22.2381 95.8523
internal_count=19126 12786 6340 5242 4803 7983 6735 4998 3972 1248 3104 4346 3662 1857 682 1270 1227 684 291 1737 348 563 486 383 193 190 1389 1207 654 1268
is_linear=0
shrinkage=0.05


Tree=79
num_leaves=31
num_cat=0
split_feature=10 11 4 8 0 7 8 5 9 5 8 4 5 9 7 9 3 0 9 5 4 4 0 9 9 5 7 8 0 2
split_gain=23.7838 18.4196 18.4513 14.114 12.3057 11.8021 11.2414 10.5323 9.06599 8.69011 8.68543 8.51027 8.47283 8.14544 7.87413 7.7724 9.30895 7.99472 7.30509 7.05098 6.59136 6.5871 6.56722 6.0926 5.71543 5.57901 5.21863 6.41655 6.8996 4.92771
threshold=1.5000000000000002 1.0000000180025095e-35 96.646505866711394 0.18937277146118056 470.37566334088029 1.5000000000000002 0.051800994285479386 128.12254449838679 1.0000000180025095e-35 18.016304280812989 0.34976421806381913 513.19282286928512 57.571739922173045 1.0000000180025095e-35 2.5000000000000004 1.0000000180025095e-35 48.569196501516394 174.81386148637429 1.0000000180025095e-35 121.09753853507672 413.23037711599858 252.98999883371349 640.9583196547203 1.0000000180025095e-35 1.0000000180025095e-35 131.8323138609675 1.5000000000000002 0.14220629391906756 344.08874197906175 2.5000000000000004
decision_type=2 2 2 2 2 2 2 2 2 2 2 2 2 2 2 2 2 2 2 2 2 2 2 2 2 2 2 2 2 2
left_child=1 2 8 7 5 6 12 22 -1 -10 15 14 -3 -14 18 17 -17 -8 -9 -19 24 -21 23 -4 25 -5 27 28 -2 -26
right_child=26 4 3 20 -6 -7 10 11 9 -11 -12 -13 13 -15 -16 16 -18 19 -20 21 -22 -23 -24 -25 29 -27 -28 -29 -30 -31
leaf_value=-0.039208174769768005 -0.0045153426042543075 0.033775149231265379 -0.013184927779003423 0.013397438945551329 0.042751135926856781 0.066272424522241122 -0.01270575957719341 -0.036813891959308842 0.043491138579069014 -0.018627840084564078 0.043602996741704453 0.0027743233270695468 -0.03197681431252139 0.0046208252686273333 0.094467855429030828 0.0052052076574728894 0.050969583123402717 0.042339616671961261 -0.01273518511725559 -0.0012021832259881975 0.028164846087010992 0.034407103912597457 0.033797521183124797 0.017246267791972233 0.0066266070453323963 -0.014067274794036067 0.082807283709933913 0.040003797213698344 0.039211947495885635 0.042443925551631033
leaf_weight=61.623051878530532 26.74729877570644 8.2645562216639501 48.906154389958829 27.800479634664953 21.947891891002655 7.4559122808277598 68.71872432436794 68.162451487500221 6.4953814670443526 42.263785045593977 15.908255215734242 37.193622119724751 45.758352125063539 22.768866643309593 1.378354251384734 27.443620316684246 18.67211315408349 13.840228356420992 58.561602084431797 84.641884943470359 32.555983189493418 15.340752750635145 14.55991757661104 24.782212952151895 33.160132138058543 55.213636595290154 3.9188427254557601 32.813803269993514 13.612020107917486 13.517301073297856
leaf_count=5716 583 55 762 224 234 49 629 3795 48 1397 113 394 440 124 6 148 180 113 960 538 223 114 84 175 260 1152 25 421 157 93
internal_value=0 -0.00237317 -0.0082897 -0.00346545 0.00650217 0.0040826 0.00263971 -0.0108346 -0.0264619 -0.0103528 0.00787989 -0.0182807 -0.0140491 -0.0198169 -0.0243938 0.00539454 0.0237351 0.000761154 -0.0256867 0.00889159 0.00805036 0.0042615 0.00311242 -0.00295058 0.00300109 -0.00486966 0.0265938 0.0235832 0.0102326 0.0169989
internal_weight=0 876.935 526.174 415.792 350.761 328.813 321.357 253.544 110.382 48.7592 244.566 165.296 76.7918 68.5272 128.102 228.657 46.1157 182.542 126.724 113.823 162.248 99.9826 88.2483 73.6884 129.692 83.0141 77.092 73.1731 40.3593 46.6774
internal_count=19212 18026 15289 8128 2737 2503 2454 6176 7161 1445 1835 5155 619 564 4761 1722 328 1394 4755 765 1952 652 1021 937 1729 1376 1186 1161 740 353
is_linear=0
shrinkage=0.05


Tree=80
num_leaves=31
num_cat=0
split_feature=10 8 6 9 0 7 5 0 5 5 7 0 5 0 5 0 4 7 3 5 5 8 0 8 5 4 10 8 2 3
split_gain=20.9356 18.9771 12.7963 12.073 11.9471 11.4601 7.93188 8.81366 6.36973 6.32061 6.28555 5.42739 5.41041 5.22775 5.42781 4.75331 4.74402 4.53548 6.74273 4.19648 4.11186 4.08294 4.2087 4.07124 5.60994 3.79159 4.35181 3.72929 3.70582 4.50401
threshold=1.5000000000000002 0.18605031885911047 1.0000000180025095e-35 1.0000000180025095e-35 128.24012378292699 1.0000000180025095e-35 20.77858595524712 528.34784060779043 29.944589637884032 196.27424095149334 1.0000000180025095e-35 705.37169474384621 15.098442361495461 590.73200103323086 164.52026850848446 768.91860587039787 513.19282286928512 1.0000000180025095e-35 200.17166792515249 412.5274396504704 278.70031448388096 0.39930532671204416 82.339387244063758 0.07011338158810268 500.97465569806553 124.98499766999147 2.5000000000000004 0.24980761144193478 1.5000000000000002 140.32390261911272
decision_type=2 2 2 2 2 2 2 2 2 2 2 2 2 2 2 2 2 2 2 2 2 2 2 2 2 2 2 2 2 2
left_child=1 2 13 4 -4 8 -3 10 -6 -7 21 12 -5 14 -1 -11 -10 20 -19 27 -14 22 -8 24 -22 26 -2 -9 -27 -30
right_child=25 6 3 11 5 9 7 19 16 15 -12 -13 17 -15 -16 -17 -18 18 -20 -21 23 -23 -24 -25 -26 28 -28 -29 29 -31
leaf_value=0.035169409731595595 0.004659516874221328 0.045073303691471542 -0.03904682527400135 0.04066554727602445 0.0074200127937447298 0.0222148906173695 -0.029833126449706905 -0.017270036372616208 -0.025991911195696129 -0.0096164786707300873 0.015788256569569118 0.038830531318515743 0.0026635727702051548 0.060449056673459844 -0.00057626495739054732 0.048469251220894183 -0.0020891238867433966 0.002967168600071228 0.066799181243699851 0.043923566876987286 -0.068630314465073741 0.013849222103505449 -0.0028929732599329711 -0.0051336975867738695 -0.018549398782809604 0.051854172681348593 0.051778385468265686 0.031044787063870406 0.038137113847144799 -0.0040691618826482479
leaf_weight=14.504600114654748 31.245862538460642 13.341902909800408 49.227098664501682 7.1288976669311515 19.759316227398813 27.230458776466548 16.196258094161749 7.1481637377291944 145.31467586499639 63.005687058437616 64.282464661169797 8.6400188580155355 43.170195830520242 5.4321426451206198 39.651350672822446 3.7306073643267146 24.217652034945786 35.913645944558084 4.6757600344717494 20.102535920217633 7.2931940928101566 32.219868208281696 138.20587393967435 33.438408910296857 23.970305650029331 17.219717302359641 5.8117280793376258 9.0513441525399667 16.675918716471646 10.17952566128224
leaf_count=127 641 99 3041 55 245 330 498 52 5368 1041 703 54 619 35 525 20 342 419 34 164 177 305 2482 711 470 176 82 73 228 97
internal_value=0 -0.002737 -0.00820632 -0.0108328 -0.0163114 -0.0123602 0.00738651 0.00563581 -0.0194461 0.00191396 0.00230413 0.000258485 -0.00188344 0.0136879 0.00899751 -0.00636944 -0.0225774 -0.00392658 0.0103204 0.0286629 -0.00928734 -0.00234051 -0.0057189 -0.0172612 -0.0302323 0.0238372 0.0120492 0.00972548 0.0337483 0.0221389
internal_weight=0 856.852 556.304 496.716 332.485 283.258 300.548 287.207 189.292 93.9668 250.904 164.23 155.59 59.5881 54.156 66.7363 169.532 148.462 40.5894 36.302 107.872 186.622 154.402 64.7019 31.2635 81.1328 37.0576 16.1995 44.0752 26.8554
internal_count=19213 17989 13613 12926 10387 7346 4376 4277 5955 1391 3988 2539 2485 687 652 1061 5710 2430 453 289 1977 3285 2980 1358 647 1224 723 125 501 325
is_linear=0
shrinkage=0.05


Tree=81
num_leaves=31
num_cat=0
split_feature=7 6 11 4 5 9 0 5 4 8 5 0 9 8 9 5 10 8 4 8 7 8 8 8 7 10 0 0 3 3
split_gain=19.2167 19.3123 19.4229 22.6838 12.1906 11.7144 11.4936 10.536 10.3453 10.2724 10.0922 12.8377 9.358 8.83572 8.73747 9.65658 8.29588 8.05826 10.2091 7.89372 7.48845 8.27314 7.00291 5.74559 5.70801 5.69028 5.51014 5.28617 5.1712 4.71399
threshold=1.5000000000000002 1.0000000180025095e-35 1.0000000180025095e-35 127.19406226566473 114.6425151868232 1.0000000180025095e-35 256.85939708907466 143.22014379982554 249.55925691351732 0.48630674657002987 29.944589637884032 423.20321540993694 1.0000000180025095e-35 0.33668849324947742 1.0000000180025095e-35 54.350451386058829 1.5000000000000002 0.24980761144193478 401.96339663173177 0.11176481948657557 1.0000000180025095e-35 0.17960047533826948 0.1331979402248796 0.15623625991600357 1.0000000180025095e-35 1.0000000180025095e-35 200.53621350971275 911.89367059962524 82.512686276823246 263.44344539774653
decision_type=2 2 2 2 2 2 2 2 2 2 2 2 2 2 2 2 2 2 2 2 2 2 2 2 2 2 2 2 2 2
left_child=1 -1 3 14 22 9 13 -7 12 10 -5 23 -8 16 -3 19 24 18 -9 -16 21 27 26 -12 -6 29 -4 -13 -17 -22
right_child=-2 2 4 5 6 7 8 17 -10 -11 11 20 -14 -15 15 28 -18 -19 -20 -21 25 -23 -24 -25 -26 -27 -28 -29 -30 -31
leaf_value=0.021860085228251808 0.035122396811765107 -0.039063410311333376 -0.00058436686755973543 0.016384028077467507 -0.018500877848597299 0.035550188578297476 -0.0013253113262333615 -0.020331730096488553 0.039444509009370604 0.049732931205770603 -0.051171768838919024 -0.036546455128817573 0.046004455973076709 0.030688516541955396 -0.022972609263930823 -0.031685127101520126 0.03270844191045507 0.027654273123897333 0.019432273254142745 0.044839599236412918 -0.020276281397935983 0.0038982569845826681 0.054728528797446212 -0.021443609327705698 0.0033405083698793839 0.039900769707924076 0.040849216682660811 0.017175726526534089 0.025060970903129077 0.032429504778498999
leaf_weight=85.196411942597479 38.886806961148977 71.834444943349808 20.875947825610638 26.875246923416853 109.74707531463355 29.342794311232865 74.130462639033794 47.653153074439615 29.961828324943781 6.9428945034742346 27.603080174420029 35.504656591918319 12.156319361180065 14.931840628385542 7.1752873230725553 39.85481276223436 10.854810319840906 22.093192642554641 24.409970374777913 10.677689991891382 12.8814196260646 33.5802067136392 16.914418838918209 39.527937835082412 41.121647637337446 13.017643433064221 13.034031398594378 5.2570325285196295 4.4644883833825579 6.325753189623355
leaf_count=901 319 7158 118 214 1129 202 426 736 305 39 2270 849 99 85 85 1604 77 154 159 71 136 327 140 1025 235 78 116 25 87 34
internal_value=0 -0.000782602 -0.00316786 -0.00982964 0.0058447 -0.00280327 0.00192233 0.00938941 0.014132 -0.0100595 -0.0121292 -0.0165409 0.00534264 -0.0061123 -0.0271857 -0.0134621 -0.00951009 0.00123668 -0.00686245 0.0175852 -0.0057523 -0.0144787 0.0284496 -0.0336673 -0.0125477 0.0143792 0.0153415 -0.0296179 -0.0259688 -0.00291799
internal_weight=0 893.946 808.75 465.022 343.728 331.015 292.904 123.499 116.249 207.516 200.573 173.698 86.2868 176.655 134.007 62.1723 161.724 94.1563 72.0631 17.853 106.567 74.3419 50.8244 67.131 150.869 32.2248 33.91 40.7617 44.3193 19.2072
internal_count=19203 18884 17983 15253 2730 6248 2356 1251 830 4997 4958 4744 525 1526 9005 1847 1441 1049 895 156 1449 1201 374 3295 1364 248 234 874 1691 170
is_linear=0
shrinkage=0.05


Tree=82
num_leaves=31
num_cat=0
split_feature=10 9 11 3 8 8 11 4 8 6 4 7 8 9 5 8 4 5 5 5 5 3 11 8 10 8 7 4 4 5
split_gain=19.355 11.8673 14.3768 20.5721 10.9832 9.19169 8.58913 10.253 8.27805 8.97598 7.74986 7.22461 7.32875 10.5181 7.08982 6.83299 6.8101 6.46237 6.33961 6.2352 5.89075 6.17206 10.345 5.88149 6.36193 5.83555 5.80767 5.70419 5.6701 5.59737
threshold=1.0000000180025095e-35 1.0000000180025095e-35 1.0000000180025095e-35 142.03957969892906 0.45491259551831259 0.34976421806381913 1.0000000180025095e-35 130.76942604470887 0.30195761175618901 1.0000000180025095e-35 80.220202632779319 1.5000000000000002 0.098750796628466378 1.0000000180025095e-35 26.633911164646587 0.22527420489448663 513.19282286928512 36.527792906342476 180.79481396341529 72.854643486268159 79.562020119996063 25.28929721009462 1.0000000180025095e-35 0.017272008570772244 1.5000000000000002 0.43372464661974319 1.0000000180025095e-35 277.48010757076958 239.37429057146636 188.81053544361637
decision_type=2 2 2 2 2 2 2 2 2 2 2 2 2 2 2 2 2 2 2 2 2 2 2 2 2 2 2 2 2 2
left_child=1 2 3 15 14 6 7 11 9 -3 -4 12 -2 -14 -5 -1 -16 -9 25 -12 -11 -22 26 -8 -25 -17 27 -23 -28 -15
right_child=5 8 10 4 -6 -7 23 17 -10 20 19 -13 13 29 16 18 -18 -19 -20 -21 21 22 -24 24 -26 -27 28 -29 -30 -31
leaf_value=-0.044866063347608481 -0.043277873910285543 0.039121144030541413 -0.013983946635515191 0.038945682765476469 0.082086668706187776 0.036390340104924895 -0.01787203274109786 0.037741273432358884 0.034379806360138314 0.020506632663837211 0.049033580059306699 0.039846382223082108 -0.031752855666327386 0.053119571489052754 -0.020418503476893807 -0.012524743008122997 0.0083418517195151583 0.0056033755934476849 -0.03550692306225757 0.0048058764042951535 -0.035731661014159276 -0.045221003234703967 0.02008477242681015 0.016625208839993671 0.047746027830711781 0.055163768540486324 -0.013453303393584557 -0.0077776558918496224 0.032457325338701659 -0.003259185620458026
leaf_weight=61.379467281745747 21.03552779648453 15.060172900557516 60.277414130046964 8.1459273695945722 3.7004471719264975 31.803713282104582 9.8433615360409004 17.794644957408309 23.107143435627222 25.296373410150409 8.5309538543224317 5.5878776013851157 19.554891105741262 7.7965141749009517 55.763319928199053 11.573778316844253 32.625079696066678 129.31518053170294 21.467525658197701 120.96571570262313 15.277212913148103 18.880345835816115 35.842901499941945 86.762173553928733 20.256027428433299 4.3926223544403902 17.283246548846368 22.051308268681169 11.008940216153858 10.112808836624025
leaf_count=5964 1520 117 648 53 19 287 71 105 200 239 88 50 1187 66 1036 231 343 2044 972 877 385 907 237 669 152 23 219 195 66 252
internal_value=0 -0.00407174 -0.00902072 -0.0184086 -0.00244869 0.0107256 0.00823756 0.00221945 0.00639722 0.0023736 0.000825894 -0.0144716 -0.0196601 -0.00639906 -0.00568918 -0.034598 -0.00980276 0.00949083 -0.0177617 0.0077195 -0.00142634 -0.00603666 -0.00171886 0.0191138 0.0225156 0.00609749 -0.0130084 -0.025049 0.00441125 0.0212843
internal_weight=0 572.63 388.822 199.048 100.235 359.863 328.059 211.197 183.808 160.701 189.774 64.0876 58.4997 37.4642 96.5343 98.8134 88.3884 147.11 37.4339 129.497 145.64 120.344 105.067 116.862 107.018 15.9664 69.2238 40.9317 28.2922 17.9093
internal_count=19222 12819 10254 8641 1451 6403 6116 5224 2565 2365 1613 3075 3025 1505 1432 7190 1379 2149 1226 965 2248 2009 1624 892 821 254 1387 1102 285 318
is_linear=0
shrinkage=0.05


Tree=83
num_leaves=31
num_cat=0
split_feature=8 9 0 11 5 11 0 8 3 5 5 4 9 8 8 5 0 3 6 11 5 4 6 7 11 7 8 3 7 0
split_gain=22.7338 12.3077 11.9766 8.63876 8.60081 8.54004 10.9182 7.47969 12.4985 8.05519 6.73654 7.12966 6.38199 6.3224 6.18215 6.42629 5.88944 5.84234 5.95518 6.83543 7.05729 5.66969 5.64619 6.62284 5.3763 5.23547 7.13027 5.17759 4.90691 6.17946
threshold=0.095585063359161768 1.0000000180025095e-35 153.44355172537254 1.0000000180025095e-35 72.854643486268159 1.0000000180025095e-35 336.08512346908458 0.32074097985257727 100.08857804765167 235.25379778690623 39.467913342837079 513.19282286928512 1.0000000180025095e-35 0.38856892835609974 0.48630674657002987 33.644884524827638 446.04504478847997 324.83454637060066 1.0000000180025095e-35 1.0000000180025095e-35 48.189108096727203 82.872007246535063 1.0000000180025095e-35 1.0000000180025095e-35 1.0000000180025095e-35 1.0000000180025095e-35 0.16826546378524729 184.34917952936897 1.5000000000000002 104.91633815420063
decision_type=2 2 2 2 2 2 2 2 2 2 2 2 2 2 2 2 2 2 2 2 2 2 2 2 2 2 2 2 2 2
left_child=4 2 14 7 21 6 -6 8 -4 -9 -10 22 -8 17 15 -2 25 18 -3 20 -20 -1 -12 -24 -17 26 -5 -7 29 -22
right_child=1 13 3 16 5 27 12 9 10 -11 11 -13 -14 -15 -16 24 -18 -19 19 -21 28 -23 23 -25 -26 -27 -28 -29 -30 -31
leaf_value=-0.016635270421098476 0.023249224010213843 0.046160278227586261 -0.029617751939600968 -0.010883633807776823 -0.040399338771539395 -0.0084758499747431132 -0.023491143543578286 0.04303661060144294 0.035470833227305668 0.0020325762154750127 0.020818561988761281 0.020931391474541899 0.0050424910978136917 0.052077707767850534 0.036913150191898871 -0.042463531540244182 0.052877881907722413 0.057007605747193657 0.037246920010171429 0.030003188747961224 -0.045354408628328839 0.014830390407819508 -0.030362716954475427 0.0022946097737578416 -0.013677504712608285 0.040821033162681097 0.020251142203464446 0.024117685676660953 0.053409044591678716 0.00046028981137704927
leaf_weight=20.07696077786386 8.5759531743824464 12.17013452015817 39.407271897420287 29.309262793511152 53.675251173088327 135.68348678760231 45.67585527850315 18.54918232280761 14.02292172424495 33.806765687186271 12.900463938713072 26.28906312584877 34.322143879719079 12.254773734137414 5.4940425194799891 23.252286451403052 10.761076392605899 7.797421555966138 13.618215583264826 31.879463002085686 8.0930037661455554 49.892991411499679 34.130829656496644 28.478271069936454 53.635204799473286 15.069579299539326 49.353813091292977 13.386522116139529 3.9281627126038066 81.267804258968681
leaf_count=366 118 92 2150 223 5238 1123 1272 137 79 375 79 226 329 108 47 2467 132 57 92 255 344 530 1055 254 428 117 322 114 25 1090
internal_value=0 0.00623536 0.0014664 0.0061196 -0.00989356 -0.0137776 -0.0229541 0.000217435 -0.00529459 0.0165599 0.00298116 -0.00149435 -0.0112491 0.0174749 -0.0144989 -0.0178039 0.0178447 0.0148038 0.0126238 0.00968303 0.0036236 0.00580173 -0.00930199 -0.0155083 -0.022383 0.0138227 0.00865056 -0.00554894 -0.00128469 -0.00368894
internal_weight=0 574.045 403.036 312.079 352.713 282.743 133.673 207.585 155.229 52.3559 115.822 101.799 79.998 171.009 90.9575 85.4634 104.494 158.754 150.957 138.787 106.907 69.97 75.5096 62.6091 76.8875 93.7327 78.6631 149.07 93.289 89.3608
internal_count=19244 10272 8209 5149 8972 8076 6839 4355 3843 512 1693 1614 1601 2063 3060 3013 794 1955 1898 1806 1551 896 1388 1309 2895 662 545 1237 1459 1434
is_linear=0
shrinkage=0.05


Tree=84
num_leaves=31
num_cat=0
split_feature=10 11 3 9 7 6 11 0 6 4 5 0 5 9 5 0 6 7 2 7 3 5 5 7 0 5 0 0 7 9
split_gain=18.7015 10.5927 13.5446 9.49553 8.5247 7.19938 6.78025 9.35566 9.5774 11.7034 7.88115 6.70714 6.01659 5.98064 5.56714 5.47987 5.47338 5.38202 5.20937 5.02563 4.95005 4.8235 4.77 6.31281 4.67624 4.60297 4.50731 4.36674 4.20494 4.13615
threshold=1.0000000180025095e-35 1.0000000180025095e-35 152.70669227339087 1.0000000180025095e-35 1.0000000180025095e-35 1.0000000180025095e-35 1.0000000180025095e-35 100.08247864859138 1.0000000180025095e-35 297.34001363167687 192.21693990671238 243.42656868708619 160.74231115795581 1.0000000180025095e-35 42.546004818710713 327.1316963653606 1.0000000180025095e-35 1.0000000180025095e-35 2.5000000000000004 1.0000000180025095e-35 157.72043721118683 26.633911164646587 290.229454476272 1.5000000000000002 623.01225069308225 460.76159589843809 705.37169474384621 640.9583196547203 1.5000000000000002 1.0000000180025095e-35
decision_type=2 2 2 2 2 2 2 2 2 2 2 2 2 2 2 2 2 2 2 2 2 2 2 2 2 2 2 2 2 2
left_child=1 2 3 22 6 -4 7 -2 -9 10 13 18 -13 -10 -7 -8 -5 27 19 -3 29 -6 23 26 28 -20 -1 -16 -23 -14
right_child=4 11 5 16 21 14 15 8 9 -11 -12 12 20 -15 17 -17 -18 -19 25 -21 -22 24 -24 -25 -26 -27 -28 -29 -30 -31
leaf_value=-0.028535042851819889 -0.045802937691092033 -0.0055113821392595236 0.039799316714510598 0.025277243457096806 0.067328746424587596 0.0298356927446107 0.0086751480926091258 0.028950367901813864 -0.017464407487402449 0.014593424941876 -0.032324518909270614 0.040562467144950765 -0.0045868128223833602 0.023605068630307265 -0.024719701777096641 0.038103303460492483 -0.012582708805433227 0.0088700531929556733 -0.0039023213775684108 0.019236958665542373 0.030416818623192954 0.011204008413785974 -0.041811998459677785 0.030036665691524234 0.067016767819955247 -0.036816737159406254 0.053038036848670672 0.00093353178838435447 0.041599425687807008 0.031193988315097822
leaf_weight=51.622628909535706 11.347497502109034 74.250151578336954 10.82189500518143 10.948055837303398 5.5068899281322947 11.773051045835016 77.717012204229832 25.88592650461942 20.848139267414808 48.856547428760678 39.287606670986861 15.629234025254844 56.7158581353724 15.421414189040659 42.162970754317939 19.862067237496376 74.559500194620341 37.528521121945232 22.454440237022936 28.344224810600281 17.494404174387455 68.355089643038809 47.895485224435106 5.5793514102697364 4.8043802846223107 20.157356805168092 1.7508514393120993 27.349033068865538 13.650777336210011 9.4179328009486181
leaf_count=2476 898 675 70 86 42 75 576 225 515 521 2201 155 357 135 962 167 1783 296 185 173 181 935 4854 53 37 193 11 208 103 73
internal_value=0 -0.00577719 -0.0117349 -0.0201535 0.00890386 0.000756863 0.0042574 -0.00202532 0.00127985 -0.00447736 -0.0168089 0.00206986 0.012087 -2.11911e-06 -0.00279924 0.0146652 -0.00773527 -0.00638865 -0.00477746 0.00132596 0.00676521 0.0219511 -0.0300914 -0.0205691 0.0190725 -0.0194724 -0.0258591 -0.0146266 0.0162637 0.000508633
internal_weight=0 566.455 321.991 192.356 351.543 129.635 259.226 161.647 150.3 124.414 75.5572 244.464 99.2574 36.2696 118.814 97.5791 85.5076 107.041 145.206 102.594 83.6282 92.3171 106.848 58.9528 86.8102 42.6118 53.3735 69.512 82.0059 66.1338
internal_count=19221 12866 10874 9263 6355 1611 5238 4495 3597 3372 2851 1992 766 650 1541 743 1869 1466 1226 848 611 1117 7394 2540 1075 378 2487 1170 1038 430
is_linear=0
shrinkage=0.05


Tree=85
num_leaves=31
num_cat=0
split_feature=7 6 11 0 6 8 5 4 8 5 0 11 5 4 8 0 5 3 10 4 3 8 8 5 10 0 3 3 11 8
split_gain=17.4248 14.1552 13.5675 15.0254 12.2202 12.2175 9.6583 9.56693 9.1521 8.6075 8.29122 9.50116 7.92288 7.88128 7.53854 7.39837 7.25907 6.80665 6.2932 6.0493 5.9778 5.7476 5.36177 4.82811 4.98115 7.36349 4.71795 4.52056 5.31146 6.52672
threshold=1.0000000180025095e-35 1.0000000180025095e-35 1.0000000180025095e-35 158.62515504027661 1.0000000180025095e-35 0.18250410199163178 45.178836935987896 302.69158581843345 0.23282356440462168 79.562020119996063 659.79922001898865 1.0000000180025095e-35 98.558534733192815 353.56221348967688 0.051800994285479386 313.61660946715818 107.51752735086231 157.72043721118683 1.5000000000000002 38.415621611705156 58.156984426515002 0.021648266887142106 0.35808616204851484 48.189108096727203 1.0000000180025095e-35 735.24135926382678 67.706878311831829 255.6279940121797 1.0000000180025095e-35 0.19102510471745657
decision_type=2 2 2 2 2 2 2 2 2 2 2 2 2 2 2 2 2 2 2 2 2 2 2 2 2 2 2 2 2 2
left_child=1 21 3 -3 -2 13 -7 9 10 19 11 12 17 16 -11 -8 -5 -6 -16 -4 -14 -1 -17 -15 -25 -26 -22 28 29 -23
right_child=4 2 7 5 8 6 15 -9 -10 14 -12 -13 20 23 18 22 -18 -19 -20 -21 26 27 -24 24 25 -27 -28 -29 -30 -31
leaf_value=-0.027843343944424382 0.099071541040822206 -0.041887535519984823 -0.011192472374745984 -0.014629989269580493 0.0036727079662193423 0.041567372629524618 -0.022832568855228892 0.031999082043676082 0.027682909820311748 -0.023012388671189696 0.042781090522268368 0.015723451410199287 -0.043598947096814784 0.02670997970181517 -0.0032482731849238695 -0.0028864107253312073 -0.04424917010277634 0.067565020613748278 0.037676078032416495 0.038372433865707371 0.044378060409977146 -0.0052871229803648839 0.027834640128350116 -0.025660661168761784 -0.010296620731490624 0.058723779545130694 -0.012258115737880953 0.060244374959870485 0.039957021127979296 0.031111840468944132
leaf_weight=7.4405483272857955 3.8267507306300095 44.521901341388002 8.8825726583600062 39.057312000542879 22.368486380204562 13.260566622018812 34.219971756450832 21.93247270770371 51.944968511350453 49.526668692007661 12.913883564993737 70.317520178854465 15.3058621622622 9.2038205042481405 158.0678759906441 52.666432912927121 43.977965356083587 5.1231942214071742 9.9875068888068181 20.054607335478067 3.8970059799030414 35.787476741708815 19.447370192036033 30.32860362669453 16.648676977958534 5.0323186703026286 65.162710633594543 5.89730655029416 16.054105259478092 18.777623174712062
leaf_count=98 48 4875 44 697 256 93 1056 232 541 465 88 469 994 50 1264 676 4268 30 70 156 134 476 131 491 221 28 915 37 112 167
internal_value=0 -0.00507258 -0.00786455 -0.0150194 0.0104057 -0.0104856 0.00133092 0.000354107 0.00903215 -0.0024613 0.00406613 0.00132173 -0.00773171 -0.0202825 -0.00586852 -0.00368685 -0.0303172 0.0155793 -0.000816145 0.023158 -0.0153279 0.0141093 0.00539832 -0.00667054 -0.0125777 0.00572352 -0.00906216 0.0181889 0.0146769 0.00723894
internal_weight=0 660.774 576.817 308.365 250.86 263.843 119.594 268.452 247.034 246.519 195.089 182.175 111.857 144.249 217.582 106.334 83.0353 27.4917 168.055 28.9372 84.3656 83.9571 72.1138 61.2134 52.0096 21.681 69.0597 76.5165 70.6192 54.5651
internal_count=19182 15707 14817 12586 3475 7711 1956 2231 3427 1999 2886 2798 2329 5755 1799 1863 4965 286 1334 200 2043 890 807 790 740 249 1049 792 755 643
is_linear=0
shrinkage=0.05


Tree=86
num_leaves=31
num_cat=0
split_feature=8 0 11 9 6 7 10 0 10 8 3 10 2 9 7 10 9 6 4 8 4 4 8 7 0 7 11 4 4 0
split_gain=18.8646 14.7798 19.0885 11.5238 10.2058 10.6159 6.81431 6.53245 6.05209 5.86386 5.75165 5.69099 5.98836 5.48271 6.63842 5.30486 4.74492 4.68251 4.78378 4.6198 5.3858 4.60038 4.46773 4.46272 5.01718 4.4554 5.05678 5.38009 5.10581 4.38872
threshold=0.20113311776375345 623.01225069308225 1.0000000180025095e-35 1.0000000180025095e-35 1.0000000180025095e-35 1.0000000180025095e-35 1.0000000180025095e-35 45.74846773033331 1.5000000000000002 0.38856892835609974 225.53148304913233 1.0000000180025095e-35 1.5000000000000002 1.0000000180025095e-35 2.5000000000000004 1.0000000180025095e-35 1.0000000180025095e-35 1.0000000180025095e-35 82.035909369655243 0.036032206972596952 139.29727190319991 73.595456948521104 0.052553998704038429 1.0000000180025095e-35 258.78119617649185 1.0000000180025095e-35 1.0000000180025095e-35 167.27843093957443 147.84366976282482 224.0334013792409
decision_type=2 2 2 2 2 2 2 2 2 2 2 2 2 2 2 2 2 2 2 2 2 2 2 2 2 2 2 2 2 2
left_child=1 2 4 6 10 11 17 -2 9 25 15 -6 22 14 29 16 -1 -4 21 20 -8 -19 -13 24 -5 26 28 -28 -9 -7
right_child=7 -3 3 23 5 13 19 8 -10 -11 -12 12 -14 -15 -16 -17 -18 18 -20 -21 -22 -23 -24 -25 -26 -27 27 -29 -30 -31
leaf_value=-0.039754405857721997 -0.026432659608828027 0.01841773656672897 0.020674693733318393 0.0069716137839534523 -0.039412451476291382 -0.044549310137518887 -0.045716696578342458 -0.021828529176219968 0.037884020381917613 0.024887157657324653 0.052047323251346117 -0.040137391539881224 -0.030912324138854731 0.0058804752756241646 0.073887916670440507 0.017971737025359678 0.0071512365420675905 -0.022743943920306955 -0.0073877116724667489 0.014802856611667185 0.016204279983997781 -0.080327642680662434 0.01181588794400457 0.05418830133794305 0.042432031935199149 0.018736938994333267 0.0052429421346678971 0.041857611194794649 0.0027293877000056752 -0.012914100893023923
leaf_weight=11.883772673550993 11.520811978960408 60.695804660208523 11.063166234642265 42.61632052809 73.019238726003096 14.838265052530913 7.5938443094491941 30.925476067699492 20.872436749283224 52.052572718821466 5.6699527204036704 5.2857902811374542 40.030242512235418 40.104922614060342 1.8977724239230145 18.455858113244176 9.8692339919507504 28.622905074618757 90.867849260568619 58.01740363240242 6.5326012298464775 3.9466898702085009 19.058376617496833 8.490795534104107 13.023258373141287 52.138834521640092 42.815549628809094 13.103127017617224 67.061845814343542 41.97973662475124
leaf_count=307 258 522 62 233 6430 998 75 1393 238 470 31 304 2300 443 11 202 80 429 690 428 39 44 588 94 114 567 251 121 851 705
internal_value=0 -0.00500328 -0.00757453 0.0019083 -0.0166769 -0.0208682 -0.00383794 0.0104633 0.011987 0.00989273 0.0049028 -0.0298577 -0.0190199 -0.00836977 -0.0181032 -0.00174517 -0.0184735 -0.0104877 -0.0132807 0.00855948 -0.0170821 -0.0297218 0.000535398 0.0204242 0.0152716 0.00610473 0.0018253 0.0138227 -0.00502126 -0.0211758
internal_weight=0 613.564 552.868 270.775 282.093 236.214 206.644 290.491 278.97 258.097 45.8788 137.394 64.3744 98.8207 58.7158 40.2089 21.753 134.501 123.437 72.1438 14.1264 32.5696 24.3442 64.1304 55.6396 206.045 153.906 55.9187 97.9873 56.818
internal_count=19278 15129 14607 2208 12399 11779 1767 4149 3891 3653 620 9622 3192 2157 1714 589 387 1225 1163 542 114 473 892 441 347 3183 2616 372 2244 1703
is_linear=0
shrinkage=0.05


Tree=87
num_leaves=31
num_cat=0
split_feature=8 11 4 9 8 5 7 0 4 8 8 11 5 5 8 4 1 5 4 4 0 8 9 5 0 9 5 0 7 0
split_gain=16.014 11.9434 15.0635 16.2596 10.5151 8.79228 8.36252 7.63737 7.16287 7.14229 7.90579 6.60801 5.99817 5.90641 5.88539 5.88029 6.88971 5.87922 6.69885 6.34166 5.736 6.14669 6.1541 5.19244 5.14091 4.94649 4.92825 6.26109 4.26731 3.73876
threshold=0.052553998704038429 1.0000000180025095e-35 286.98061637840243 1.0000000180025095e-35 0.48630674657002987 111.04897398867058 1.0000000180025095e-35 827.96897245814819 252.98999883371349 0.17781964193083633 0.058163839902943722 1.0000000180025095e-35 45.178836935987896 98.558534733192815 0.30654995453809053 68.01730353967146 2.5000000000000004 294.04321129120103 230.60049894354395 82.872007246535063 705.37169474384621 0.36641356078293924 1.0000000180025095e-35 79.562020119996063 115.44604215842644 1.0000000180025095e-35 36.527792906342476 484.31177953255195 1.0000000180025095e-35 470.37566334088029
decision_type=2 2 2 2 2 2 2 2 2 2 2 2 2 2 2 2 2 2 2 2 2 2 2 2 2 2 2 2 2 2
left_child=7 2 3 4 6 -5 26 11 14 10 -7 25 -13 -4 23 -11 -17 19 -19 -8 21 22 -15 -3 -14 -1 27 -2 -25 -24
right_child=1 8 13 5 -6 9 17 -9 -10 15 -12 12 24 20 -16 16 -18 18 -20 -21 -22 -23 29 28 -26 -27 -28 -29 -30 -31
leaf_value=-0.035156688092469197 -0.020698547848654693 0.030275934596278271 0.031271407180630317 0.024858841929895355 0.026090543483600976 0.063518672528830797 -0.031661871617006752 0.041528817196644384 0.037013357600350141 -0.031263687313660068 -0.025251760800920505 0.043086797119023662 -0.034754465099008265 -0.013003610828401525 0.031349063627024824 -0.018259912283642488 0.029013814766884905 -0.037537905197342437 0.027078733252373657 0.021316529556347386 0.02704175260755708 0.037648633724893826 0.0011937314728308257 -0.00032082515829917965 -0.0030143156933069215 -0.011621303739973596 -0.036174582756952865 0.055651530247733005 0.017628960696490312 0.037491335475754901
leaf_weight=49.137960257241502 16.375749847851697 20.492872098460793 29.479891367256641 39.603390294127166 12.290448166429995 2.6906622769311062 7.4855011519975987 6.2147395461797705 25.676014831289649 7.4905810272321096 36.970020342618227 5.9631998911499968 15.583478269167243 57.759999845642596 26.600627020001411 10.346647760830818 30.213558816350996 19.803955400129784 5.0296780588105312 23.019457487855107 26.467265300452709 10.154120882973073 18.873722190037373 145.21236453391612 70.346604493446648 40.91371655697003 79.624401626409963 3.2118095867335787 42.891354078426957 11.36702651530504
leaf_count=3435 299 168 208 320 95 71 224 35 315 254 1077 49 196 959 190 108 294 837 60 273 170 63 154 1190 503 856 6421 17 270 72
internal_value=0 0.00343186 -0.00151833 -0.00815247 -0.0184214 0.0053045 -0.0219611 -0.0129763 0.0119378 -0.00352465 -0.0192294 -0.014838 -0.00540526 0.0111452 0.00920031 0.0094379 0.0169546 -0.00638816 -0.0244508 0.00831635 0.00638423 0.000813973 -0.00343626 0.00637586 -0.00877041 -0.0244637 -0.0306474 -0.00817928 0.00377208 0.0148374
internal_weight=0 709.131 448.258 294.156 166.841 127.315 154.551 188.16 260.873 87.7115 39.6607 181.945 91.8933 154.102 235.197 48.0508 40.5602 55.3386 24.8336 30.505 124.622 98.1549 88.0007 208.597 85.9301 90.0517 99.212 19.5876 188.104 30.2407
internal_count=19183 14109 11976 10350 8226 2124 8131 5074 2133 1804 1148 5039 748 1626 1818 656 402 1394 897 497 1418 1248 1185 1628 699 4291 6737 316 1460 226
is_linear=0
shrinkage=0.05


Tree=88
num_leaves=31
num_cat=0
split_feature=7 10 9 0 11 10 0 11 5 11 0 5 4 4 5 11 0 4 3 5 5 3 5 4 6 7 1 9 9 0
split_gain=16.0014 16.1949 12.2777 9.62393 12.4819 9.40569 9.11784 9.13328 8.82519 7.4761 7.61082 6.24918 6.10245 5.23799 4.75614 5.45241 7.63405 7.18778 4.23524 4.19271 4.02881 4.20019 4.02581 3.91791 3.75199 4.96173 3.88228 3.5299 3.36967 3.14704
threshold=1.5000000000000002 1.0000000180025095e-35 1.0000000180025095e-35 490.73192420107256 1.0000000180025095e-35 2.5000000000000004 380.23432339165623 1.0000000180025095e-35 128.12254449838679 1.0000000180025095e-35 911.89367059962524 36.527792906342476 452.75965212052921 281.97707179250921 48.189108096727203 1.0000000180025095e-35 316.27298527100317 135.47297050694061 17.456985585725668 131.8323138609675 167.75028367864016 44.476907718753957 582.3431338167801 76.14441055498294 1.0000000180025095e-35 1.0000000180025095e-35 4.5000000000000009 1.0000000180025095e-35 1.0000000180025095e-35 659.79922001898865
decision_type=2 2 2 2 2 2 2 2 2 2 2 2 2 2 2 2 2 2 2 2 2 2 2 2 2 2 2 2 2 2
left_child=1 2 6 4 5 8 7 20 -3 10 12 -9 -8 18 -4 16 -16 -17 -6 -20 21 -1 -14 -10 -13 -26 -27 -21 -25 -24
right_child=-2 3 14 -5 13 -7 9 11 23 -11 -12 24 22 -15 15 17 -18 -19 19 27 -22 -23 29 28 25 26 -28 -29 -30 -31
leaf_value=-0.049896484699688604 0.032012778826508083 0.0069108730667594431 0.026240938264153215 0.025239768513520496 -0.01376182360518049 0.054985429057205208 -0.023122574079483364 0.032219135596508013 -0.039673564577395189 0.018898856691889954 0.042890345813593994 0.016534779905359741 0.020773828144101128 0.057051960482339896 -0.021700964322921838 0.004043784147047009 0.0064134943292664809 0.049115465906336662 0.044211333157708178 0.0079866350151360285 -0.042861398991547672 -0.010495617388215037 -0.034739296762603247 -0.022211531547770891 -0.022067412403156506 0.00892905794974856 -0.028304019938035649 0.036334120061488923 -0.0011593841282844235 0.013329545796498535
leaf_weight=8.951128614600746 37.129907533526421 58.493764713872224 21.034788377583027 60.005049776285887 12.922968205064533 6.0973430112935594 53.779784282203764 7.8962155971676102 16.83726977952756 32.867555782198906 6.5869553536176673 9.6595189422368986 17.307619570754472 7.2263336684554806 43.443980674259365 39.749349560588598 54.355217908974737 11.377477642148731 12.118186242878435 66.761078026145697 41.607771651586518 27.680998913478106 8.3792050611227733 43.718303541187197 91.068015042692423 27.916789058595896 9.3446511030197126 13.14387885481119 33.629342339001596 5.7357732802629462
leaf_count=666 320 756 182 536 111 106 1211 60 1616 273 33 54 164 72 1484 229 524 122 106 455 5592 777 115 1908 969 160 54 105 462 35
internal_value=0 -0.00152042 -0.00703401 0.00712169 0.00310921 -0.00591101 -0.0124037 -0.0184328 -0.00834295 -0.0015638 -0.00889098 -0.0110411 -0.0128942 0.015877 0.00398534 0.000841884 -0.0060754 0.0140738 0.0130418 0.0168059 -0.0322154 -0.0201233 0.00461175 -0.0178164 -0.0135166 -0.0157786 -0.00040848 0.0126496 -0.0130584 -0.015206
internal_weight=0 849.696 518.743 330.954 270.948 158.776 348.782 224.125 152.679 124.657 91.7893 145.885 85.2024 112.172 169.961 148.926 97.7992 51.1268 104.946 92.0231 78.2399 36.6321 31.4226 94.1849 137.989 128.329 37.2614 79.905 77.3476 14.115
internal_count=19257 18937 12704 6233 5697 4848 10163 8332 4742 1831 1558 1297 1525 849 2541 2359 2008 351 777 666 7035 1443 314 3986 1237 1183 214 560 2370 150
is_linear=0
shrinkage=0.05


Tree=89
num_leaves=31
num_cat=0
split_feature=9 11 4 3 5 10 0 4 5 6 5 7 0 7 11 4 3 1 7 4 0 6 5 0 7 10 1 3 6 5
split_gain=19.3325 17.9149 14.5058 10.5671 9.72069 8.28279 7.59618 6.70357 6.5817 6.7826 6.39291 6.34166 6.06744 6.35199 6.39809 5.88447 5.70792 5.21646 4.70652 4.60343 4.57592 5.34645 4.34327 4.13356 4.38756 4.08562 4.49436 4.06841 3.99419 3.96562
threshold=1.0000000180025095e-35 1.0000000180025095e-35 126.06789689133269 17.002990767713154 131.8323138609675 1.0000000180025095e-35 476.72809421571384 413.23037711599858 82.404682532486291 1.0000000180025095e-35 48.189108096727203 1.0000000180025095e-35 640.9583196547203 1.0000000180025095e-35 1.0000000180025095e-35 135.47297050694061 305.7583663969686 4.5000000000000009 1.0000000180025095e-35 413.23037711599858 680.46374583134912 1.0000000180025095e-35 131.8323138609675 296.69162440998895 1.0000000180025095e-35 1.5000000000000002 3.5000000000000004 232.16224654115641 1.0000000180025095e-35 29.944589637884032
decision_type=2 2 2 2 2 2 2 2 2 2 2 2 2 2 2 2 2 2 2 2 2 2 2 2 2 2 2 2 2 2
left_child=1 2 22 -3 18 10 8 23 -5 -10 -2 25 13 14 -12 -16 -9 -13 20 -7 21 -4 -1 -6 28 26 27 -11 -25 -23
right_child=5 3 4 6 7 19 -8 16 9 11 12 17 -14 -15 15 -17 -18 -19 -20 -21 -22 29 -24 24 -26 -27 -28 -29 -30 -31
leaf_value=-0.018421550372247179 0.029873236099671491 -0.029609470324893673 0.039847067209804687 0.029830043890308047 -0.038177735035486299 0.018871192085291123 0.040611207409716424 0.014840666802568995 0.039504676431491373 -0.018826359397699059 -0.018488595008395916 0.023623434656777766 0.036164553855720698 0.015601642819190213 -0.0031843753106914779 0.040454743899906997 -0.01679203423464597 -0.012664244733785537 0.02619838511267765 0.053661745148262413 0.033159066724207202 0.005772008015061344 -0.042058729786215464 -0.0019543453312090018 0.00071036229286322106 0.022847651216225191 0.0029830744827595507 0.020751145383991493 -0.033291537377615844 -0.023850863740041334
leaf_weight=35.651947179809213 22.11080976575613 20.738199864514172 5.7101692222058764 24.493697104975581 27.053103793645278 94.651108406484127 16.221890546381474 30.276095239445567 11.704026676714419 71.433411133475602 61.135435306932777 41.54371946118772 11.477392649278043 39.26195818465203 35.647709045559168 9.8620873596519214 26.959524370264262 13.003664053976534 23.428314884193242 10.570017466321586 8.8082986176013929 19.46099067106843 42.722621564287692 14.268013657070695 27.151960201561451 12.165601346641777 59.551100872457027 7.1425959244370452 35.388120642164722 26.934262989554554
leaf_count=1250 190 233 36 199 1803 1215 197 365 73 624 1603 251 83 430 191 87 297 73 182 83 51 161 6283 105 349 72 553 48 1622 511
internal_value=0 -0.00458579 -0.012579 0.00472473 -0.00659887 0.0112276 0.00749248 -0.0137988 0.00526358 0.00248483 0.00469812 0.000369608 0.0011613 -0.00159214 -0.00792211 0.00627233 -5.91907e-05 0.0149727 0.00715321 0.0223661 -0.000171849 -0.00580636 -0.0313064 -0.0213703 -0.0154505 -0.00493047 -0.00737704 -0.0152287 -0.0242872 -0.0114252
internal_weight=0 601.811 323.813 277.998 245.439 284.717 257.26 161.097 241.038 216.544 179.495 204.84 157.385 145.907 106.645 45.5098 57.2356 54.5474 84.342 105.221 60.9137 52.1054 78.3746 103.861 76.8081 150.293 138.127 78.576 49.6561 46.3953
internal_count=19220 15338 13015 2323 5482 3882 2090 4541 1893 1694 2584 1621 2394 2311 1881 278 662 324 941 1298 759 708 7533 3879 2076 1297 1225 672 1727 672
is_linear=0
shrinkage=0.05


Tree=90
num_leaves=31
num_cat=0
split_feature=8 6 7 9 11 3 10 0 5 11 5 5 8 3 8 0 5 0 11 5 3 10 8 7 11 5 0 0 6 5
split_gain=16.6652 13.2007 14.5322 13.1007 9.23685 14.537 8.76763 8.70121 7.47618 6.90094 6.82581 6.7161 6.2897 6.14067 6.18181 6.05898 5.71265 5.08533 5.03094 5.22933 5.06069 4.81635 8.03532 4.7279 4.983 6.70945 6.19439 6.46024 5.58043 5.17432
threshold=0.23282356440462168 1.0000000180025095e-35 1.5000000000000002 1.0000000180025095e-35 1.0000000180025095e-35 150.11752222297039 1.0000000180025095e-35 135.988274271542 128.12254449838679 1.0000000180025095e-35 54.350451386058829 157.52663092164616 0.38856892835609974 225.53148304913233 0.036032206972596952 308.75851912002378 36.527792906342476 590.73200103323086 1.0000000180025095e-35 57.571739922173045 263.44344539774653 1.0000000180025095e-35 0.17960047533826948 1.5000000000000002 1.0000000180025095e-35 302.3559130168963 308.75851912002378 330.60935776174523 1.0000000180025095e-35 24.109264533933764
decision_type=2 2 2 2 2 2 2 2 2 2 2 2 2 2 2 2 2 2 2 2 2 2 2 2 2 2 2 2 2 2
left_child=1 17 3 4 5 -3 9 16 -7 15 -9 -11 23 14 -12 -5 -6 18 19 -1 -21 22 -16 24 26 -26 28 -28 -2 -30
right_child=12 2 -4 6 7 8 -8 10 -10 11 13 -13 -14 -15 21 -17 -18 -19 -20 20 -22 -23 -24 -25 25 -27 27 -29 29 -31
leaf_value=0.038136478904867648 0.025959412863874633 -0.039888074129461208 0.025444218487024994 -0.034963215364806947 0.026553251944816971 0.0099399584719895399 0.015384582384362473 0.045584958263362306 -0.020705145319659272 0.051404183790183647 -0.028625097378976689 -0.00014119741865570946 0.026095691167483892 0.033035089399856631 -0.017445063895560373 -0.0047912700743945741 -0.032823636783190384 0.068038494055451093 0.036512908093412927 -0.0092127768531624268 0.055646225582552722 0.012552471147934197 0.025542431149471106 0.051174445273903926 0.044023165729147606 0.0055776116053217716 0.059870096687482992 0.0048604244454638675 0.025767723255541015 -0.025803636960165473
leaf_weight=9.305268492549656 7.847557262517511 72.668980267364532 32.867944477126002 27.419198758434504 4.5104361400008193 31.38164564454928 73.235150819178671 7.2959968987852326 54.405880451435223 7.5391272213309994 26.195642618462443 39.061188878491521 55.02938482677564 10.415796909481285 57.645320415496826 42.322307715192437 39.752363139763474 4.449169034138321 16.548378990963101 35.051202418748289 3.2898015454411498 38.875846296548843 13.397166430950163 5.7608561739325514 16.672547698020935 35.53752164170146 5.9439568286761633 52.280863074585795 5.523740814998745 40.71036088000983
leaf_count=54 82 8646 277 1245 21 253 1013 82 1269 70 201 249 520 105 480 467 561 32 117 584 19 249 88 45 128 250 67 503 42 1461
internal_value=0 -0.00438721 -0.00684514 -0.00878845 -0.0144353 -0.0234334 0.00183186 -0.00723752 -0.00949496 -0.00669934 -0.00161625 0.00819796 0.0114004 -0.00396649 -0.00679794 -0.0166535 -0.0267731 0.0163447 0.0127619 0.00451276 -0.00364763 -0.00159611 -0.0093385 0.00665121 0.00509214 0.0178547 -0.000841009 0.0104762 -0.0130252 -0.0196422
internal_weight=0 647.634 578.99 546.122 356.545 158.457 189.577 198.089 85.7875 116.342 153.826 46.6003 225.307 146.53 136.114 69.7415 44.2628 68.6438 64.1947 47.6463 38.341 109.918 71.0425 170.277 164.517 52.2101 112.306 58.2248 54.0817 46.2341
internal_count=19180 16082 15276 14999 11955 10168 3044 1787 1522 2031 1205 319 3098 1123 1018 1712 582 806 774 657 603 817 568 2578 2533 378 2155 570 1585 1503
is_linear=0
shrinkage=0.05


Tree=91
num_leaves=31
num_cat=0
split_feature=8 10 10 4 5 11 6 8 9 5 5 5 6 5 6 10 4 6 11 6 8 5 2 10 0 8 9 8 11 9
split_gain=18.9329 11.1715 9.71518 8.18029 7.57505 5.79099 6.66528 5.53337 5.48163 6.16284 5.03065 5.2483 5.01129 4.62517 5.30607 4.35187 4.32899 7.59178 7.0711 4.26377 4.10423 4.06018 4.01914 3.86471 3.66511 4.10025 3.58542 3.56948 3.51964 4.33032
threshold=0.11744059274174178 1.0000000180025095e-35 1.5000000000000002 224.48087646357445 322.65862276900674 1.0000000180025095e-35 1.0000000180025095e-35 0.24049502789834709 1.0000000180025095e-35 684.82502767005576 1362.5816690748222 1191.9233001207804 1.0000000180025095e-35 146.89441876424289 4.5000000000000009 2.5000000000000004 297.34001363167687 1.0000000180025095e-35 1.0000000180025095e-35 3.5000000000000004 0.07727848693863279 20.77858595524712 3.5000000000000004 1.5000000000000002 659.79922001898865 0.07139954082179524 1.0000000180025095e-35 0.35808616204851484 1.0000000180025095e-35 1.0000000180025095e-35
decision_type=2 2 2 2 2 2 2 2 2 2 2 2 2 2 2 2 2 2 2 2 2 2 2 2 2 2 2 2 2 2
left_child=1 12 3 4 7 6 -6 28 -8 -10 11 -11 -1 24 -15 -4 17 -3 21 20 -18 -19 -7 -20 25 26 -14 -5 29 -2
right_child=2 16 15 27 5 22 8 -9 9 10 -12 -13 13 14 -16 -17 19 18 23 -21 -22 -23 -24 -25 -26 -27 -28 -29 -30 -31
leaf_value=0.0055836793728575342 -0.026308555961211524 0.030474643285490127 0.023901544242113704 0.010895031204722757 0.016033489297066505 0.0039590858096826562 -0.041358259348414805 0.018552251843748882 -0.041136230685229348 0.0099210362943086463 -0.022104961164611123 0.093610591841226068 -0.030593955724370417 -0.02801634436117962 -0.0056367488672667554 0.073414009088170959 -0.007556535573366348 0.013361437342834351 -0.0023975776116744742 0.042495646420642581 0.033978240750259757 -0.027206044175254174 -0.033884937390984859 0.029354271966492408 0.034516672530651119 0.0087225438245306132 0.002161776350981122 0.033905906383437184 0.010837523622200803 0.0057777694431481201
leaf_weight=25.763242254033685 21.940504135331139 15.049182863440363 34.384430276229978 133.08525635907426 11.24893184006214 77.008947586640716 28.833825027570128 65.263873954303563 10.14887611474842 7.1059190109372157 7.7521303179673842 2.5440164757892489 24.929801398189738 110.76406015851535 34.808933190535754 5.0956966895610085 18.345813416875902 7.2314393157139412 40.951635420322418 11.268806297332047 8.800944912247358 41.933088739402592 7.7190616289153686 12.511203717440365 5.0402938723564139 19.349890659330413 12.564814079552887 19.296649213880301 33.201445910148323 20.192986194510013
leaf_count=351 1088 172 472 1476 176 551 2614 820 258 172 161 55 629 4382 1095 65 194 73 332 131 91 2426 57 82 34 383 164 141 254 283
internal_value=0 -0.00828531 0.00652033 0.00441293 -0.000474376 -0.00819782 -0.0191082 0.00789524 -0.0261191 -0.0101703 0.00788897 0.0319841 -0.0152145 -0.0177973 -0.022665 0.0302921 0.00206779 -0.00268975 -0.00755294 0.0166413 0.00590899 -0.0212391 0.000511343 0.00503289 -0.00634703 -0.00997033 -0.0196172 0.013809 -0.00133711 -0.0109308
internal_weight=0 389.313 484.823 445.342 292.961 152.362 67.6337 140.599 56.3848 27.5509 17.4021 9.64994 233.221 207.458 145.573 39.4801 156.092 117.677 102.627 38.4156 27.1468 49.1645 84.728 53.4628 61.8848 56.8445 37.4946 152.382 75.3349 42.1335
internal_count=19182 10539 8643 8106 6489 4044 3436 2445 3260 646 388 227 7038 6687 5477 537 3501 3085 2913 416 285 2499 608 414 1210 1176 793 1617 1625 1371
is_linear=0
shrinkage=0.05


Tree=92
num_leaves=31
num_cat=0
split_feature=6 7 8 11 4 0 0 11 5 5 9 4 8 5 4 11 0 8 9 5 9 5 3 3 3 3 9 0 9 5
split_gain=16.7369 14.6726 11.806 8.37389 14.3341 7.0376 6.86364 6.77585 9.44932 6.41681 7.72774 6.2249 5.95311 5.94265 5.72194 6.17036 6.2296 6.20065 6.72719 6.07958 5.61237 7.39573 5.59978 5.15593 4.99428 5.72822 4.91292 4.66516 4.55718 4.50697
threshold=1.0000000180025095e-35 1.0000000180025095e-35 0.17781964193083633 1.0000000180025095e-35 277.48010757076958 313.61660946715818 827.96897245814819 1.0000000180025095e-35 20.77858595524712 48.189108096727203 1.0000000180025095e-35 252.98999883371349 0.065201846691539764 36.527792906342476 513.19282286928512 1.0000000180025095e-35 272.13470830073237 0.33668849324947742 1.0000000180025095e-35 98.558534733192815 1.0000000180025095e-35 157.52663092164616 602.67791809631092 23.360872467207489 157.72043721118683 73.306356947750373 1.0000000180025095e-35 282.21264593016116 1.0000000180025095e-35 124.65441903741426
decision_type=2 2 2 2 2 2 2 2 2 2 2 2 2 2 2 2 2 2 2 2 2 2 2 2 2 2 2 2 2 2
left_child=29 2 3 4 -2 7 13 8 -4 -6 22 20 -12 -3 15 17 -17 18 19 -15 24 -22 -11 -23 25 -5 -9 -13 -10 -1
right_child=1 6 5 11 9 -7 -8 26 28 10 12 27 -14 14 -16 16 -18 -19 -20 -21 21 23 -24 -25 -26 -27 -28 -29 -30 -31
leaf_value=0.042190283137560208 -0.037197671142359216 0.034255177310091443 0.036958832647723254 -0.025706106406112331 0.023140887215376924 0.012224615626653133 0.074444316217756545 -0.00077061496106071428 -0.037332944828652563 -0.037281148360151159 -0.022955314297406687 -0.015538795420402427 0.023589805424114079 0.010282804638058829 0.032540311244892248 0.0059689866839806194 0.041925093713748217 0.025719938220886886 0.0057887532560588579 -0.026610223160769522 0.046881403884756055 -0.036578625163765525 0.028309729862742085 0.0048417669951612043 -0.066795157623112209 -0.00097423417496176549 0.035616254600940818 0.030238379246922471 -0.0087135756326792678 0.01451740555606966
leaf_weight=19.180831264704466 75.92780757881701 17.902693528681993 7.0627709152176967 50.205846903845668 14.706487633287905 92.556398007087409 3.7848631981760255 55.852460656315088 30.790179359726608 29.516434750054032 11.299335980787875 7.9453950636088875 17.523369681090117 14.186637636274098 16.542045716196299 54.724385317414999 15.446534328162668 14.989617155864833 48.034295580349863 52.457276299828663 8.3152367044240219 9.7585337534546834 3.6572428941726676 32.651432864367962 4.7359300628304473 43.8704296592623 11.124287221580742 18.581317568197846 25.371235937811434 63.173612116836011
leaf_count=148 7993 166 58 787 84 1046 33 350 1999 957 103 45 140 168 128 347 141 139 505 1761 72 59 26 166 25 305 87 188 491 790
internal_value=0 -0.0027244 -0.00720297 -0.0132256 -0.021797 0.0016839 0.00764957 -0.00580922 -0.0175491 -0.00655199 -0.0135956 -0.00579505 0.00534277 0.0065705 0.00427995 0.00194064 0.0138839 -0.00452256 -0.00847557 -0.0187567 -0.0097548 0.00376473 -0.0300501 -0.00468907 -0.016695 -0.0141729 0.00527294 0.016527 -0.024404 0.0209626
internal_weight=0 789.52 551.452 328.695 152.631 222.757 238.068 130.201 63.2242 76.7029 61.9964 176.064 28.8227 234.283 216.381 199.839 70.1709 129.668 114.678 66.6439 149.537 50.7252 33.1737 42.41 98.8122 94.0763 66.9767 26.5267 56.1614 82.3544
internal_count=19307 18369 14981 10950 9303 4031 3388 2985 2548 1310 1226 1647 243 3355 3189 3061 488 2573 2434 1929 1414 297 983 225 1117 1092 437 233 2490 938
is_linear=0
shrinkage=0.05


Tree=93
num_leaves=31
num_cat=0
split_feature=10 7 6 8 4 9 0 8 0 8 8 8 1 0 10 0 0 5 8 6 0 7 5 8 2 5 5 0 8 4
split_gain=16.7776 13.567 12.5145 9.98665 10.4118 8.08226 7.19892 6.55769 5.93363 5.3815 5.09158 5.06712 4.88998 4.70026 4.54173 4.04538 3.78613 3.78031 3.76943 4.83087 4.07854 3.69694 3.56295 4.33406 4.41971 3.50743 3.48023 3.43881 3.32016 4.26214
threshold=1.5000000000000002 1.0000000180025095e-35 1.0000000180025095e-35 0.43372464661974319 413.23037711599858 1.0000000180025095e-35 82.339387244063758 0.069252752197339548 768.91860587039787 0.25287549080952915 0.28140724848485321 0.16666937735140785 4.5000000000000009 590.73200103323086 2.5000000000000004 427.31659047492309 544.43035444072905 982.28340171089587 0.072207571530310918 5.5000000000000009 87.604684040707539 1.5000000000000002 153.79164663750586 0.030954361195045858 1.5000000000000002 432.16411281126517 235.25379778690623 296.69162440998895 0.22272344595763563 62.768335843661987
decision_type=2 2 2 2 2 2 2 2 2 2 2 2 2 2 2 2 2 2 2 2 2 2 2 2 2 2 2 2 2 2
left_child=1 2 10 4 5 6 -4 -6 9 12 13 22 18 -1 16 17 -2 -14 -3 20 -20 -22 23 -8 -25 -13 -5 -21 -27 -30
right_child=14 8 3 26 7 -7 11 -9 -10 -11 -12 25 15 -15 -16 -17 -18 -19 19 27 21 -23 -24 24 -26 28 -28 -29 29 -31
leaf_value=0.0042348961534982585 0.013724934065562964 -0.0027250784040992191 -0.047118375545911688 0.047876450101261347 -0.017669001041427799 -0.0046183168127313786 -0.042109271640619922 0.014752829933814006 0.056870577663072734 0.023693292517462512 0.048172502620921438 0.00065288611600699306 -0.033627557633380704 0.057024504010653003 0.054502383094691388 0.01560893920630336 0.054564032110111974 0.012967045977178106 -0.013064566518001029 -0.039874900592505827 0.019533794571123374 0.058174370156491975 -0.030043995299414452 0.024925122949959938 -0.014806519950516983 -0.0011066859618396694 0.008362508101904035 0.0090245595233329114 0.017468816807414699 -0.034607320256028744
leaf_weight=60.540267647244036 54.925955827347934 56.748542035231367 21.684189531952143 8.3097536871209758 21.561212593689561 140.67281712125987 9.9883653109427524 56.372804916929454 6.0885055027902117 38.695018216501921 8.9305825186893326 50.685262539424002 20.363482627784837 4.5323001667857161 9.8638215046375972 8.7780766375362855 6.3291938239708534 5.5366332798730573 8.4709077784791571 6.3414784399792543 54.055434111738577 6.9905872829258433 80.356764647178352 9.2671920687425864 28.602521027904004 18.853710180148482 16.916648440063 8.3024977352470142 4.5591779854148617 28.429120278451592
leaf_count=733 986 923 1702 56 293 2584 265 575 48 409 85 1119 441 35 136 90 59 141 201 123 750 56 4927 210 685 602 162 59 171 601
internal_value=0 -0.00233896 -0.00641055 -0.00927083 -0.0109123 -0.0142222 -0.0195743 0.00578301 0.00819723 0.00681426 0.0127703 -0.0169858 0.00309455 0.00791169 0.023015 -0.0137252 0.0179446 -0.0236671 0.00723392 0.0139491 0.0194472 0.0239587 -0.0236116 -0.0128112 -0.00508369 -0.00869998 0.0213787 -0.012151 -0.0178442 -0.0274101
internal_weight=0 790.634 570.263 496.26 471.033 393.099 252.426 77.934 220.371 214.283 74.0032 230.742 175.588 65.0726 71.119 34.6782 61.2551 25.9001 140.909 84.1609 69.5169 61.046 128.215 47.8581 37.8697 102.527 25.2264 14.644 51.842 32.9883
internal_count=19227 18046 14805 13952 13734 12866 10282 868 3241 3193 853 8580 2784 768 1181 672 1045 582 2112 1189 1007 806 6087 1160 895 2493 218 182 1374 772
is_linear=0
shrinkage=0.05


Tree=94
num_leaves=31
num_cat=0
split_feature=9 8 11 11 4 7 4 8 7 5 4 11 4 10 8 5 5 4 5 3 5 7 1 4 1 5 4 2 5 6
split_gain=14.0786 12.9149 8.39115 7.97095 7.66247 6.58757 6.74244 6.29802 6.75281 7.21358 6.48801 6.29074 9.54122 6.6014 6.0612 6.12689 6.05932 5.71544 5.3945 4.56456 5.38516 4.53975 4.35669 4.46801 4.28082 4.21714 4.89763 5.86847 7.01194 4.23626
threshold=1.0000000180025095e-35 0.11952934942227321 1.0000000180025095e-35 1.0000000180025095e-35 100.59189310436967 2.5000000000000004 197.93595438604038 0.48630674657002987 1.5000000000000002 79.562020119996063 245.83366822610969 1.0000000180025095e-35 69.847360165456905 1.0000000180025095e-35 0.34976421806381913 101.15873163407757 66.250456536174454 167.27843093957443 622.69026107332854 19.497352915411604 79.562020119996063 1.0000000180025095e-35 3.5000000000000004 370.07581632509863 1.5000000000000002 215.90540525998088 437.92023169105488 2.5000000000000004 537.7997964587255 1.0000000180025095e-35
decision_type=2 2 2 2 2 2 2 2 2 2 2 2 2 2 2 2 2 2 2 2 2 2 2 2 2 2 2 2 2 2
left_child=1 2 5 4 -3 6 -1 8 9 -6 -11 12 -2 -14 15 -5 -8 21 -13 -4 -21 -17 23 -12 -25 -15 27 29 -29 -27
right_child=11 3 19 14 7 -7 16 -9 -10 10 22 18 13 25 -16 17 -18 -19 -20 20 -22 -23 -24 24 -26 26 -28 28 -30 -31
leaf_value=-0.041609513380190755 -0.021302233511868725 -0.025643601519197312 -0.036531435250775957 0.044182009151368634 0.015129918774209668 0.073744361131940842 0.0070470929673672501 0.040457677831110025 0.043545148322858017 -0.028521595377136846 -0.027688402212080594 0.03452117394871284 0.00054105175035800411 0.038300852831438303 0.043504370024620813 -0.00987642729829445 -0.025151575975359608 0.021025438538397025 0.0072202675109758682 0.02490988479761045 -0.0066904423206813586 0.019831925969192886 0.026930162066635566 -0.016654089662013337 0.015099932091438624 0.041120921450369365 0.049915006305620423 -0.020268671659449993 0.059205065896020141 -0.017322701083729613
leaf_weight=40.671135080512613 31.801850217860192 37.401307344902307 10.929410013370214 10.205812422558663 33.150938512291759 1.7038605771958817 20.246594988740981 8.8645082376897317 7.4372517131268969 37.040464593330398 19.51564436359331 36.577428245916963 102.69432069314644 22.567035015672445 12.621798278763888 61.826680311001837 52.495422418462113 33.370504906401038 35.807194843888283 15.347518734633921 110.91831643506885 16.236174114048481 10.523218202404676 18.931028635241091 24.158156057354063 3.6119957156479385 7.1105486191809169 4.1589508592151097 8.3431645082309824 21.900459690019488
leaf_count=5485 1123 2844 178 93 255 11 154 55 44 1704 390 324 1436 179 96 489 1550 274 246 116 985 93 94 199 196 22 45 57 90 338
internal_value=0 -0.00536212 -0.0138851 0.00112914 -0.00527326 -0.0238394 -0.0253054 -0.000500222 -0.00290855 -0.00531916 -0.0114725 0.00836725 0.00383893 0.00853141 0.0105244 0.00710224 -0.0161896 0.00370623 0.021016 -0.00553266 -0.00284945 -0.00369743 -0.00283691 -0.00784044 0.00114895 0.0206534 0.011828 0.00470385 0.0327674 -0.00904839
internal_weight=0 583.596 252.312 331.283 197.023 115.117 113.413 159.621 150.757 143.319 110.169 274.573 202.188 170.386 134.261 121.639 72.742 111.433 72.3846 137.195 126.266 78.0629 73.128 62.6048 43.0892 67.6922 45.1251 38.0146 12.5021 25.5125
internal_count=19165 15305 8479 6826 5781 7200 7189 2937 2882 2838 2583 3860 3290 2167 1045 949 1704 856 570 1279 1101 582 879 785 395 731 552 507 147 360
is_linear=0
shrinkage=0.05


Tree=95
num_leaves=31
num_cat=0
split_feature=8 0 10 6 7 5 5 0 5 8 6 0 0 8 5 9 5 5 5 10 3 5 5 9 5 4 4 2 5 4
split_gain=13.8844 12.7749 8.59647 8.9753 7.40876 6.10279 5.5457 5.51809 6.49641 5.4738 5.81952 5.43323 5.42256 4.95532 4.90068 5.15661 4.22697 6.35833 7.60005 4.08537 3.83513 4.11184 4.53465 3.88615 3.7159 3.69001 4.66577 5.33904 3.93504 3.68837
threshold=0.051800994285479386 194.79847380687218 2.5000000000000004 1.0000000180025095e-35 1.0000000180025095e-35 146.89441876424289 79.562020119996063 528.34784060779043 290.229454476272 0.12512323614736928 1.5000000000000002 827.96897245814819 87.604684040707539 0.39930532671204416 335.40442184562716 1.0000000180025095e-35 992.98277732397457 1343.7188804006116 1525.878940579423 1.0000000180025095e-35 37.586378253161485 318.17616107178901 387.01923751312523 1.0000000180025095e-35 118.07011633124738 45.835654722929711 76.14441055498294 2.5000000000000004 114.6425151868232 197.93595438604038
decision_type=2 2 2 2 2 2 2 2 2 2 2 2 2 2 2 2 2 2 2 2 2 2 2 2 2 2 2 2 2 2
left_child=11 4 3 -3 9 13 -6 16 -9 -2 12 20 -11 -5 25 -16 -7 -18 -19 -14 23 -22 -23 -1 -25 -12 27 -27 -28 -8
right_child=1 2 -4 5 6 7 29 8 -10 10 14 -13 19 -15 15 -17 17 18 -20 -21 21 22 -24 24 -26 26 28 -29 -30 -31
leaf_value=-0.048676632260550183 -0.026639788037438203 0.028692848160008728 0.073813784409814051 0.012530983918878425 0.038494823171874255 -0.0066618776662010493 0.0050672173246661591 -0.01905340395954663 0.021308711477110429 -0.021543935972442429 -0.020809026865805345 0.032744291548177089 0.0077591265531207158 0.057784189157805234 -0.03840331969524708 -0.0013160578633601768 0.027089053350169159 -0.044002048893857539 0.0069870513432013538 0.0523481897779976 -0.001085074102082965 -0.063233177800387258 -0.014952397051258032 0.031089581086359386 -0.028814838037203385 0.0095880140692926 -0.035732054489958316 0.082409354695780646 0.018722057218799163 -0.042011658728174264
leaf_weight=14.551786922849715 46.826986017404124 44.898164438083768 4.9345668265596023 105.22669198666699 12.083225710317491 162.01429695636034 45.190274934051558 12.161497825756667 55.30642129201442 8.2736308055464196 14.00379174039699 6.5006714239716521 12.428674151655288 6.4183991830795994 26.452817479614168 14.515443741809575 26.96526514342986 9.2575805098749679 34.703334400430322 8.7562032863497716 63.715358665212989 5.1853980973828575 78.304649528115988 3.7404093081131586 8.4076065663248283 7.0586354089900869 6.6377986215520632 3.9119726051576436 6.6327064197976142 4.5821094941347829
leaf_count=1244 2362 397 60 1147 115 3409 1026 133 604 245 412 38 341 44 1306 311 569 209 707 145 1226 195 2037 56 243 183 111 99 205 58
internal_value=0 0.00346921 0.00817307 0.00746422 -0.00652667 0.00515111 0.00810967 0.00144156 0.0140332 -0.0123488 -0.00619082 -0.0121355 0.0127827 0.0151326 -0.0132469 -0.025263 -0.00220543 0.00797428 -0.00375057 0.0261888 -0.0138131 -0.0106509 -0.017951 -0.0312477 -0.0103701 -0.000375164 0.0114292 0.0355551 -0.00851545 0.000733076
internal_weight=0 679.24 461.886 456.952 217.354 412.053 61.8556 300.408 67.4679 155.499 108.672 180.406 29.4585 111.645 79.2132 40.9683 232.94 70.9262 43.9609 21.1849 173.905 147.205 83.49 26.6998 12.148 38.2449 24.2411 10.9706 13.2705 49.7724
internal_count=19237 14198 7279 7219 6919 6822 1199 5631 737 5720 3358 5039 731 1191 2627 1617 4894 1485 916 486 5001 3458 2232 1543 299 1010 598 282 316 1084
is_linear=0
shrinkage=0.05


Tree=96
num_leaves=31
num_cat=0
split_feature=10 7 6 11 0 10 9 8 11 0 5 3 8 0 5 7 7 8 0 8 0 0 5 9 8 6 9 3 3 3
split_gain=16.1848 8.2611 8.09063 8.42796 8.68289 7.95236 7.67188 7.2431 6.46929 8.27974 6.4355 6.24035 7.47798 5.75104 5.23636 6.50275 5.08542 4.88658 4.86253 5.43322 6.97159 14.6832 4.83647 4.83388 6.43608 4.70691 4.3002 4.31483 4.25176 4.13705
threshold=1.0000000180025095e-35 1.5000000000000002 1.0000000180025095e-35 1.0000000180025095e-35 659.79922001898865 2.5000000000000004 1.0000000180025095e-35 0.095585063359161768 1.0000000180025095e-35 490.73192420107256 95.575446342287478 126.8089870296313 0.48630674657002987 341.46250648926923 15.098442361495461 1.0000000180025095e-35 1.0000000180025095e-35 0.45491259551831259 262.97291558187129 0.028582685790178055 179.18171355735916 111.53152801494019 98.558534733192815 1.0000000180025095e-35 0.33668849324947742 1.5000000000000002 1.0000000180025095e-35 19.070313627115656 232.16224654115641 53.353540513637071
decision_type=2 2 2 2 2 2 2 2 2 2 2 2 2 2 2 2 2 2 2 2 2 2 2 2 2 2 2 2 2 2
left_child=1 2 28 4 6 8 11 18 9 10 16 -4 22 -9 -8 17 25 29 19 20 21 -5 -13 24 -12 -2 27 -10 -1 -16
right_child=5 -3 3 7 -6 -7 14 13 26 -11 23 12 -14 -15 15 -17 -18 -19 -20 -21 -22 -23 -24 -25 -26 -27 -28 -29 -30 -31
leaf_value=0.0079625861057368453 0.030744851594602659 0.025126832861039169 -0.040859255347107409 -0.028871748655178348 0.0070945513929421685 0.051200994960788559 0.047510475336105633 0.0014709540683737676 -0.021633206123720845 0.019151938770658326 -0.029470146662781357 -8.6231494989182097e-05 0.074589452863187064 0.029345958496726384 -0.053925585894293415 0.0080742154042237491 0.036401557594073042 0.046310537281150255 0.00099506054990475636 -0.031825725180551247 -0.037107364925582476 0.10137359426245557 -0.031365632903327841 0.0016931632548960165 0.0089808972830892411 -0.0096570235944636977 0.038700110376712886 0.016456181420174968 0.057561869141824207 -0.017733225521516675
leaf_weight=45.183071937877685 9.8908804641105217 21.702889274805784 51.304498976445757 4.5795213105157 37.151723357848823 10.840981747023759 3.9982431251555672 98.698608693666756 8.2037432603538019 55.43646610993892 44.107531767105684 19.037924394011497 2.1546220332384101 22.772998256608844 9.6349691031500679 29.233825664967299 14.386220382526515 2.5706920549273482 41.758100964128971 38.055590754374862 6.0908507369458667 4.1022772639989853 35.221294421004131 45.867420917376876 14.447668459266422 26.586563580669463 19.780014175921679 79.371504345908761 4.7776070199906817 43.742833755444735
leaf_count=599 94 211 6412 71 275 135 32 775 84 473 3240 181 12 225 737 343 104 16 304 415 53 42 1239 808 171 369 180 612 29 840
internal_value=0 -0.00507303 -0.00638369 -0.00850255 -0.0150761 0.00908898 -0.0192594 -0.00138153 0.00765369 0.00256404 -0.00335776 -0.0282397 -0.016763 0.00669685 -0.00841242 -0.0110373 0.0112266 -0.0210233 -0.0117561 -0.0218353 0.00390102 0.0326711 -0.0203906 -0.0104617 -0.0199829 0.00129797 0.0176439 0.0128881 0.0127056 -0.0242661
internal_weight=0 521.772 500.069 450.109 234.051 328.919 196.899 216.058 318.078 210.723 155.286 107.718 56.4138 121.472 89.1806 85.1823 50.8637 55.9485 94.5863 52.8282 14.7726 8.6818 54.2592 104.423 58.5552 36.4774 107.355 87.5752 49.9607 53.3778
internal_count=19081 12811 12600 11972 10087 6270 9812 1885 6135 5259 4786 7844 1432 1000 1968 1936 567 1593 885 581 166 113 1420 4219 3411 463 876 696 628 1577
is_linear=0
shrinkage=0.05


Tree=97
num_leaves=31
num_cat=0
split_feature=7 8 6 11 4 5 5 5 11 8 3 9 9 6 4 8 10 9 3 3 9 11 4 6 4 5 1 4 4 4
split_gain=14.7251 12.8765 10.6186 9.631 8.32166 7.88532 7.73638 7.27315 6.98988 6.55292 7.60149 5.79467 5.793 5.30383 5.47526 5.21411 4.83892 4.80136 4.71541 5.3776 4.44313 4.53316 5.46545 5.19573 6.07049 4.7014 4.30581 4.25425 4.24467 4.10287
threshold=1.0000000180025095e-35 0.17781964193083633 1.0000000180025095e-35 1.0000000180025095e-35 353.56221348967688 15.098442361495461 157.52663092164616 95.575446342287478 1.0000000180025095e-35 0.33668849324947742 60.749790985322939 1.0000000180025095e-35 1.0000000180025095e-35 1.0000000180025095e-35 380.79465458720659 0.53795192865857411 2.5000000000000004 1.0000000180025095e-35 68.89713042828798 204.41304169419453 1.0000000180025095e-35 1.0000000180025095e-35 167.27843093957443 1.0000000180025095e-35 413.23037711599858 231.64167141874216 3.5000000000000004 291.68587120272457 118.38923036130409 91.376795818738529
decision_type=2 2 2 2 2 2 2 2 2 2 2 2 2 2 2 2 2 2 2 2 2 2 2 2 2 2 2 2 2 2
left_child=1 3 -2 4 5 -1 17 27 9 10 -9 -6 28 -8 -15 20 -7 29 -12 26 21 23 -23 -3 25 -25 -20 -4 -10 -5
right_child=2 15 7 6 11 16 13 8 12 -11 18 -13 -14 14 -16 -17 -18 -19 19 -21 -22 22 -24 24 -26 -27 -28 -29 -30 -31
leaf_value=0.012718883029412785 0.09503749097320352 0.017649219203670234 0.021821408381129625 -0.0088606882998310578 -0.014674067637167344 -0.03101251851861447 0.026039833096107121 -0.035719151838234577 0.0021706525207748034 0.029645999785546925 0.053420543291906389 0.016187654224863009 0.059057283971158198 -0.012790251410821019 0.026580307172566514 0.045338335423204354 0.041538103435959178 0.050870918491410261 -0.020784883041639318 0.016446265455896242 0.014693079722127409 0.0010389522122332693 0.032719685565491582 -0.0070655698402238166 0.011691701647337672 -0.035507534305576259 0.006767741759807832 0.067896888702010591 0.030462662401489163 0.024743887043747567
leaf_weight=12.3201024569571 3.6982068712823084 16.510237448848784 39.148144328966737 17.286513439379632 40.381871681194752 107.63102283107582 11.086603088304399 17.820313446689397 34.239295843988657 14.761257524602113 3.9499299260787657 24.400492722168565 7.8260443620383731 122.92168308887631 9.5143437013030034 7.8588437717407933 2.3484427076764396 8.331465866416691 38.364295369014144 26.32681989017874 68.120522942394018 55.419046498835087 18.046893322840333 29.213046052725986 18.473852856084704 28.906207747757435 22.4935749436263 5.7450334895402184 21.633880088105798 19.139947090297937
leaf_count=192 48 168 376 121 658 8774 72 1129 204 142 134 175 101 1225 110 60 66 85 615 195 825 344 164 696 149 1835 283 49 168 153
internal_value=0 -0.00370237 0.0109795 -0.0095044 -0.0175391 -0.025214 -0.0015209 0.00964137 0.00531139 -0.00161738 -0.00585295 -0.0030499 0.0187684 -0.00718083 -0.00996183 0.00527672 -0.0294633 0.0166285 -1.29634e-05 -0.00243379 0.00393522 -0.000464341 0.00882132 -0.00779146 -0.0132754 -0.0212115 -0.0106012 0.0277177 0.0131252 0.00879653
internal_weight=0 617.911 236.007 375.362 187.082 122.3 188.281 232.309 187.415 123.716 108.955 64.7824 63.6992 143.523 132.436 242.549 109.979 44.7579 91.1346 87.1847 234.69 166.569 73.4659 93.1033 76.5931 58.1193 60.8579 44.8932 55.8732 36.4265
internal_count=19316 15872 3444 11631 9865 9032 1766 3396 2971 2498 2356 833 473 1407 1335 4241 8840 359 1227 1093 4181 3356 508 2848 2680 2531 898 425 372 274
is_linear=0
shrinkage=0.05


Tree=98
num_leaves=31
num_cat=0
split_feature=9 11 7 0 0 0 5 8 7 5 8 0 8 8 4 4 8 10 5 11 0 4 7 8 4 5 0 3 7 7
split_gain=13.3822 9.07081 9.9539 9.78018 8.31719 8.2839 7.05512 8.61742 6.76892 6.73968 6.59616 6.54596 6.51459 6.39828 6.26822 6.23019 5.77423 5.51816 4.97606 5.73841 7.45238 6.30412 4.55273 4.26694 4.23311 4.29509 4.72094 4.13828 3.76782 3.55888
threshold=1.0000000180025095e-35 1.0000000180025095e-35 1.5000000000000002 199.26837712286235 173.68140686059152 911.89367059962524 131.8323138609675 0.19282326158691365 1.5000000000000002 107.51752735086231 0.38856892835609974 553.84129387782059 0.075484467659658855 0.043994934275872179 370.07581632509863 103.2196115605485 0.22527420489448663 1.5000000000000002 79.562020119996063 1.0000000180025095e-35 258.78119617649185 68.01730353967146 1.5000000000000002 0.11393095219661491 128.37255618492597 36.527792906342476 71.218383018426678 305.7583663969686 1.0000000180025095e-35 1.5000000000000002
decision_type=2 2 2 2 2 2 2 2 2 2 2 2 2 2 2 2 2 2 2 2 2 2 2 2 2 2 2 2 2 2
left_child=1 3 4 16 13 6 28 29 10 -6 11 17 -11 -3 -9 -14 -1 18 -2 21 23 -20 -18 -21 25 -15 -27 -16 -5 -8
right_child=8 2 -4 5 9 -7 7 14 -10 12 -12 -13 15 24 27 -17 22 -19 19 20 -22 -23 -24 -25 -26 26 -28 -29 -30 -31
leaf_value=-0.043556166147361436 0.016180094856880219 -0.043114732187718968 0.063331519164679426 -0.0027133600578123987 0.037808163422123821 0.042754550798024198 -0.029080117932593155 -0.012410181795569899 0.05365731893853698 -0.0091952455735171967 0.045294178422201001 0.029461375499525461 -0.0090678528396522882 0.044015162260387791 0.033235135919681545 0.019999581823861086 -0.016679806433332684 0.028142467201845781 -0.044821250032459854 -0.01097113990603998 0.043857770577656635 -0.005705436573353647 0.072077282063044243 0.019500677984683398 -0.035387288736828532 -0.027018056083877796 0.0037211325076972552 -0.0085772136431462639 0.020183467583062584 0.0023093933537295381
leaf_weight=30.497846968588419 43.077329786494374 13.263253021985291 6.5863265674561253 63.401803919114172 16.754884975031018 8.5001488924026471 71.076232320861891 45.919174427166581 8.336570065468548 55.706578535959125 11.297319561243055 27.158471511676908 25.0289057623595 4.9041196703910819 16.653381369076673 69.96555845066905 24.06591519643553 20.659650416113436 11.601371784927322 30.655040021985769 12.384620403870938 91.863902144134045 1.5370717346668232 18.374482290819287 10.344254519790409 17.089021489024162 46.418796472251415 9.1795780658721906 25.072293238714337 10.344099670648573
leaf_count=5360 387 207 48 858 174 46 4091 1015 64 423 104 204 194 26 122 529 1180 226 887 170 132 1616 15 120 81 194 451 65 208 69
internal_value=0 -0.00412372 0.00262969 -0.00999094 0.00108888 -0.00575944 -0.00746597 -0.013959 0.00929019 0.00772477 0.00790529 0.00625386 0.00438011 -0.0109871 -0.00132572 0.012341 -0.0288587 0.00349692 0.00104849 -0.00290488 0.00920237 -0.0100914 -0.0113513 0.00044859 -0.00557646 -0.00106891 -0.00455033 0.0183774 0.00377527 -0.0250922
internal_weight=0 572.309 266.062 306.248 259.475 250.147 241.647 153.172 275.409 167.456 267.072 255.775 150.701 92.0194 71.7521 94.9945 56.1008 228.616 207.957 164.879 61.4141 103.465 25.603 49.0295 78.7562 68.4119 63.5078 25.833 88.4741 81.4203
internal_count=19266 15356 2327 13029 2279 6474 6428 5362 3910 1320 3846 3742 1146 959 1202 723 6555 3538 3312 2925 422 2503 1195 290 752 671 645 187 1066 4160
is_linear=0
shrinkage=0.05


Tree=99
num_leaves=31
num_cat=0
split_feature=7 6 10 5 11 0 0 4 11 6 4 0 6 10 5 11 10 0 9 9 5 4 9 0 1 4 6 6 0 4
split_gain=13.5633 10.7135 9.15696 6.17536 6.82432 7.72939 6.6917 6.00234 7.29852 7.76979 7.61386 4.94338 4.95379 4.6872 4.67788 5.25212 4.62196 5.72248 5.75465 4.57601 4.05138 3.91215 3.80665 3.92898 4.04436 3.75336 3.73138 3.65748 4.65947 3.53358
threshold=1.0000000180025095e-35 1.0000000180025095e-35 1.0000000180025095e-35 20.77858595524712 1.0000000180025095e-35 341.46250648926923 356.69108710262157 281.97707179250921 1.0000000180025095e-35 2.5000000000000004 70.828595530721728 827.96897245814819 7.5000000000000009 2.5000000000000004 101.15873163407757 1.0000000180025095e-35 1.5000000000000002 194.79847380687218 1.0000000180025095e-35 1.0000000180025095e-35 66.250456536174454 256.53611719696772 1.0000000180025095e-35 324.0488061421803 4.5000000000000009 230.60049894354395 1.0000000180025095e-35 1.0000000180025095e-35 79.583099226736252 401.96339663173177
decision_type=2 2 2 2 2 2 2 2 2 2 2 2 2 2 2 2 2 2 2 2 2 2 2 2 2 2 2 2 2 2
left_child=2 -2 3 -1 5 -5 19 8 9 10 -4 12 14 25 -3 16 17 -16 -19 27 -12 -20 23 24 -17 -11 -22 -6 -29 -7
right_child=1 11 7 4 6 29 -8 -9 -10 13 20 -13 -14 -15 15 22 -18 18 21 -21 26 -23 -24 -25 -26 -27 -28 28 -30 -31
leaf_value=0.016384986538052947 0.090706131421209313 0.022876889293348232 -0.037897520918410615 -0.030829518266755496 0.015092292046760412 -0.017115247136584067 0.016107520814439846 0.016437812549377286 0.0093673718004480162 -0.038276787993415225 0.03713212558054959 0.062852915016845479 -0.040370491879070297 0.055928260352820239 -0.030215585590415452 0.014294467677190071 0.025037300568793303 -0.0096500563981195796 0.0047313000056376474 0.0052182227910571944 0.020329475246762707 0.042112074932041464 0.05108616226267583 0.042012423016339617 -0.02073881843899213 0.00095061026481109206 -0.015014214423192293 -0.051693165842139926 -0.013914719584962338 0.0014868158380595417
leaf_weight=22.046871896833181 4.0179388001561156 45.321008053142577 9.7138036744436231 69.343650175142102 9.3165081832557899 60.861626707017422 33.799904711544514 63.816722403280437 81.786043806001544 31.885082549997605 11.09918491495773 4.089758811518549 5.3028997813817105 1.6229512766003598 18.591298656072468 35.995972204953432 14.503450055606661 52.488050909014419 20.523995240218941 41.235691819339991 14.218087390530854 10.621724258176981 7.0777923651039591 9.2089516855776292 10.683084785938261 7.5398819230031213 15.728850565385073 9.1159749273210746 77.979387328960001 43.974271049723029
leaf_count=300 47 434 691 6639 54 1492 293 727 645 1912 96 36 86 45 1110 210 169 923 167 255 138 74 99 102 59 127 868 171 817 456
internal_value=0 0.00975129 -0.00432906 -0.00927167 -0.0109083 -0.0178787 -0.0038267 0.00332547 -0.0014949 -0.0111714 0.00190893 0.00836366 0.00739609 -0.0273466 0.0085218 0.00490128 -0.00137691 -0.00512449 0.000453111 -0.00872163 0.0113294 0.0174794 0.01654 0.012165 0.00627666 -0.0307747 0.00176612 -0.0146837 -0.0178689 -0.00931246
internal_weight=0 238.426 605.084 367.674 345.627 174.18 171.447 237.411 173.594 91.8078 50.7599 234.408 230.318 41.0479 225.015 179.694 116.729 102.225 83.6338 137.648 41.0461 31.1457 62.9658 55.888 46.6791 39.425 29.9469 96.4119 87.0954 104.836
internal_count=19242 3516 15726 10477 10177 8587 1590 5249 4522 3877 1793 3469 3433 2084 3347 2913 2443 2274 1164 1297 1102 241 470 371 269 2039 1006 1042 988 1948
is_linear=0
shrinkage=0.05


Tree=100
num_leaves=31
num_cat=0
split_feature=8 10 6 7 0 8 0 6 7 4 5 3 4 5 5 5 5 8 10 0 0 0 0 0 9 8 8 5 5 0
split_gain=13.9668 9.37606 7.70614 6.63603 6.39532 7.75961 6.08495 5.0495 4.99249 4.72023 4.87695 4.70602 5.01435 4.64193 4.49841 4.53836 4.92888 4.15212 3.97564 4.08858 3.77113 3.58043 3.50955 3.62519 3.48284 3.62908 5.4222 3.38465 5.34719 4.43705
threshold=0.12081718857018432 1.0000000180025095e-35 1.0000000180025095e-35 1.0000000180025095e-35 238.1821319302168 0.32549435132716659 520.5606197932367 1.0000000180025095e-35 1.0000000180025095e-35 56.713167195429143 313.83909362177974 35.316277247874005 67.24101471827737 36.527792906342476 427.34424137179263 476.81012072205516 460.76159589843809 0.09968897802555679 2.5000000000000004 503.97420885567027 680.46374583134912 173.68140686059152 59.23940702449493 184.82820982953339 1.0000000180025095e-35 0.029301566595627118 0.10401577831321697 806.60227976159217 735.37545378128721 262.97291558187129
decision_type=2 2 2 2 2 2 2 2 2 2 2 2 2 2 2 2 2 2 2 2 2 2 2 2 2 2 2 2 2 2
left_child=3 2 -2 7 5 8 -5 -1 21 -9 11 12 -11 -6 17 16 -16 -12 19 -3 27 -4 -7 -24 25 -13 -27 28 -15 -29
right_child=1 18 4 6 13 22 -8 9 -10 10 14 24 -14 20 15 -17 -18 -19 -20 -21 -22 -23 23 -25 -26 26 -28 29 -30 -31
leaf_value=0.006086879150139112 0.028596576846269407 0.011519921858683412 -0.037604928892953311 -0.00043666381217204392 0.038741105454916464 -0.03272968285140198 0.033150409393061117 -0.031498906488712841 0.00042265261715696662 0.0012435744273531092 -0.052784234549632436 -0.032025935433466234 0.14479500071380888 -0.0028994550552762679 0.005647185180584365 -0.015655459789009694 0.13475286649386473 0.012975643022822232 0.057284855222844516 0.033339439779067809 0.024212864183146682 -0.011199914792952915 0.030419659926705096 -0.014807031340042338 0.0088873769144037513 0.0041607718914520265 -0.0440822783736603 0.068701435691859672 -0.062083466486087049 0.0070684549223298324
leaf_weight=40.189296032302082 23.841434003785253 140.79105243994854 32.438799738534726 101.95427196822129 9.8072557765990478 3.7597997421398786 15.540534696541725 30.336319331894629 23.637561098206788 1.3436928073642769 13.943433890701273 15.523000702611169 1.1115728898439554 78.675348284188658 2.7261353301582854 82.304763417108916 1.0143196713179348 2.8996043234365052 5.7084494130685917 25.33251688349992 18.478502485901117 21.246995686087757 17.940364413429055 5.8839668333530417 33.631629705196247 35.432408597320318 6.9700571800349271 3.1763144244905552 4.0109961049165568 36.211616627406329
leaf_count=510 272 2438 1666 1878 82 63 123 2230 483 75 493 411 45 1241 139 3136 69 76 69 230 142 663 284 85 434 1013 172 77 74 592
internal_value=0 0.00706833 0.00141133 -0.00589871 -0.00112771 -0.0106024 0.00400575 -0.0102503 -0.0187244 -0.0131397 -0.0103111 -0.00207899 0.0662336 0.00548288 -0.017833 -0.0132075 0.0406575 -0.0414634 0.016257 0.0148472 0.00316225 -0.0271547 0.0121649 0.0192499 -0.00391091 -0.0113416 -0.00376935 -2.42036e-05 -0.00577039 0.0120387
internal_weight=0 450.941 279.109 384.921 255.268 104.907 117.495 267.426 77.3234 227.237 196.901 94.0124 2.45527 150.36 102.888 86.0452 3.74046 16.843 171.832 166.124 140.553 53.6858 27.5841 23.8243 91.5571 57.9255 42.4025 122.074 82.6863 39.3879
internal_count=19265 8461 5724 10804 5452 3244 2001 8803 2812 8293 6063 2150 120 2208 3913 3344 208 569 2737 2668 2126 2329 432 369 2030 1596 1185 1984 1315 669
is_linear=0
shrinkage=0.05


Tree=101
num_leaves=31
num_cat=0
split_feature=0 8 9 11 5 3 5 4 11 3 10 6 4 6 5 8 8 5 6 0 10 8 10 5 4 8 8 4 0 11
split_gain=12.9573 12.0763 12.1977 14.082 9.26845 7.35986 6.44119 6.03246 5.77947 6.45898 5.77125 5.73006 6.46191 5.53505 5.37344 5.25418 5.18206 5.12844 5.02126 4.8871 4.68393 4.57492 4.14528 4.12619 4.07319 4.54651 3.69968 3.6821 3.54625 3.49277
threshold=528.34784060779043 0.38856892835609974 1.0000000180025095e-35 1.0000000180025095e-35 101.15873163407757 106.96364879786613 85.852756475344464 70.828595530721728 1.0000000180025095e-35 27.601046486470768 2.5000000000000004 1.0000000180025095e-35 55.968105779988647 1.0000000180025095e-35 79.562020119996063 0.012898390999965002 0.10968162222283069 29.944589637884032 1.0000000180025095e-35 119.07892693085746 1.5000000000000002 0.060460278955909365 1.0000000180025095e-35 207.06372551566486 281.97707179250921 0.21371395885225355 0.31088945892346115 24.780951969158227 243.42656868708619 1.0000000180025095e-35
decision_type=2 2 2 2 2 2 2 2 2 2 2 2 2 2 2 2 2 2 2 2 2 2 2 2 2 2 2 2 2 2
left_child=1 2 3 4 7 -6 29 -1 10 27 13 -5 -13 28 -14 -16 -11 -2 -7 -17 -21 -19 -23 -3 25 -15 -20 -10 -8 -4
right_child=17 23 6 11 5 18 8 -9 9 16 -12 12 14 24 15 19 -18 21 26 20 -22 22 -24 -25 -26 -27 -28 -29 -30 -31
leaf_value=-0.041824948001324698 0.058715188020683831 0.043156300687089505 0.016424959665280507 0.030892379213969302 -0.043688427795992198 0.0076101892289436 -0.0081923929488734223 -1.9102185988820568e-05 0.011522791461330523 0.011554280824019842 0.067324855135098435 -0.020734647969180651 0.029225222175192102 -0.028160573861277877 -0.038910394432463254 -0.030920691304201206 0.048037140515212198 -0.0033231765318918294 -0.03114057405548214 0.00060503856681316586 0.0372048879005063 0.011032790871577979 0.034305896368542151 0.011881022237964098 0.005189900832735214 -0.0027523159230957136 0.0051284189038373739 -0.03416287522709098 0.038770038766369634 0.058608318687058042
leaf_weight=9.9832509970292431 6.3777274396270505 14.966791931539772 43.136067046783864 13.144700525328515 46.734287894563749 15.045842136256395 6.8670425228774574 63.610915009165183 8.3440834395587462 31.006624991074204 2.6391616091132155 42.127640735358 15.417109582573174 43.782354086171836 8.9413041342049819 11.509823150001464 14.186845399439333 32.439194052480161 43.100148914963938 139.74581331573427 9.3249240163713676 58.160224507097155 28.513108219951391 35.703633805271238 25.709269416518509 29.448487404268235 8.4019240615889412 9.3551768884062749 9.6952470317482931 5.537014856003224
leaf_count=544 53 123 369 89 8108 125 74 957 53 207 21 556 144 1842 68 135 160 354 1960 1040 59 615 280 372 232 407 96 53 53 74
internal_value=0 -0.00240023 -0.00421469 -0.00921184 -0.0195053 -0.0284804 0.00507635 -0.00569018 0.000734953 0.0129793 -0.00578332 -0.00120385 -0.00306188 -0.0074538 0.000963839 -0.00160638 0.0230067 0.0150331 -0.0178003 0.000470746 0.00289449 0.0126942 0.018689 0.021119 -0.0119321 -0.0179431 -0.0252237 -0.012625 0.0192985 0.0212237
internal_weight=0 707.465 656.795 427.088 186.876 113.282 229.707 73.5942 181.034 62.8927 118.142 240.211 227.067 115.502 184.939 169.522 45.1935 125.49 66.5479 160.581 149.071 119.113 86.6733 50.6704 98.9401 73.2308 51.5021 17.6993 16.5623 48.6731
internal_count=19223 17921 17426 13881 11790 10289 3545 1501 3102 473 2629 2091 2002 2608 1446 1302 367 1302 2181 1234 1099 1249 895 495 2481 2249 2056 106 127 443
is_linear=0
shrinkage=0.05


Tree=102
num_leaves=31
num_cat=0
split_feature=7 8 8 9 11 0 5 3 0 11 0 8 5 3 0 11 6 10 5 5 5 8 7 5 5 9 0 5 6 3
split_gain=13.9628 13.6817 7.32746 7.67985 8.82694 12.1261 7.71456 7.40455 7.05867 6.95838 7.67292 5.46262 5.05823 4.97231 4.69779 4.33892 4.31181 4.20304 4.66326 4.15165 3.80198 3.66911 3.62993 3.59633 3.57373 3.53812 5.63133 3.32825 3.46642 4.18278
threshold=1.5000000000000002 0.096659167035345731 0.48630674657002987 1.0000000180025095e-35 1.0000000180025095e-35 528.34784060779043 95.575446342287478 59.123655937389124 179.18171355735916 1.0000000180025095e-35 446.04504478847997 0.30654995453809053 50.956593912618509 155.2117607790419 280.27556682458766 1.0000000180025095e-35 1.0000000180025095e-35 1.0000000180025095e-35 231.64167141874216 36.527792906342476 48.189108096727203 0.32074097985257727 1.0000000180025095e-35 57.571739922173045 575.17609274919175 1.0000000180025095e-35 114.15616662864258 1920.0221657686241 1.0000000180025095e-35 100.08857804765167
decision_type=2 2 2 2 2 2 2 2 2 2 2 2 2 2 2 2 2 2 2 2 2 2 2 2 2 2 2 2 2 2
left_child=1 9 3 4 5 8 -6 -8 -3 10 12 -9 16 19 -15 -2 -1 -5 -19 -11 -7 27 -12 -23 -20 26 -21 28 29 -10
right_child=15 2 -4 17 6 20 7 11 21 13 22 -13 -14 14 -16 -17 -18 18 24 25 -22 23 -24 -25 -26 -27 -28 -29 -30 -31
leaf_value=0.040071048078243937 0.020800057402390788 -0.042940574865210773 0.03351625089891741 0.0036119129522427908 0.0393811696813108 0.051175579033153819 -0.011249583983301481 0.0079226310016681425 -0.029664234327425282 0.034794948013524916 -0.013313068170611942 0.054512073053310198 -0.036856447942601636 -0.02133875972351985 0.036834816013373899 0.067145491228420881 -0.018741476819753463 0.042241421454880246 -0.010670803261775611 -0.045218184806398644 0.0048440250491022874 0.041104078068863147 0.014242242537285879 -0.0061926682331599515 0.022120339425015286 0.004110908057373951 -0.0094829235211901907 -0.065706165185094853 -0.021702646770338563 0.027473020820411156
leaf_weight=3.6370806805789497 29.512337731197476 25.183331114705652 17.504590949043632 93.329848740948364 15.044970642775295 4.8673893921077243 60.919978872872889 66.016864996403456 5.1147322165779761 5.5376370269805184 44.554232170339674 6.954453954473137 61.284448620281182 4.7745174076408174 12.705762137658892 6.0927943959832183 21.771069892682135 17.624232227914035 12.571722147986291 13.011874620337037 49.037899971473962 4.9318484589457539 16.332941901870072 21.718506815377623 24.504983613267541 34.132168585434556 72.178643705323339 3.6232480051694429 61.591460710274987 8.5699631702154857
leaf_count=24 269 3015 144 1342 137 34 527 484 80 48 684 67 6241 32 144 55 445 166 203 263 443 29 140 282 290 218 614 176 2516 58
internal_value=0 -0.00327918 0.00173886 0.000583866 -0.00362224 -0.0109272 0.00543382 0.00161926 -0.0191552 -0.0119179 -0.0195253 0.0123628 -0.0290798 -0.00403054 0.0209454 0.0287307 -0.0103227 0.010062 0.0210669 -0.00752715 0.00902754 -0.0134801 -0.00592138 0.00255995 0.0110017 -0.00949127 -0.0149411 -0.0188981 -0.0166451 0.00611765
internal_weight=0 789.03 499.11 481.605 333.575 184.638 148.936 133.891 130.733 289.92 147.58 72.9713 86.6926 142.341 17.4803 35.6051 25.4082 148.031 54.7009 124.86 53.9053 105.55 60.8872 26.6504 37.0767 119.323 85.1905 78.8994 75.2762 13.6847
internal_count=19170 18846 9993 9849 7848 6633 1215 1078 6156 8853 7534 551 6710 1319 176 324 469 2001 659 1143 477 3141 824 311 493 1095 877 2830 2654 138
is_linear=0
shrinkage=0.05


Tree=103
num_leaves=31
num_cat=0
split_feature=8 5 11 0 6 10 8 4 5 11 4 7 4 9 0 0 11 9 9 8 4 2 5 4 7 8 6 4 0 5
split_gain=13.1158 7.53392 7.73981 7.53763 7.46457 7.5641 6.56765 6.42016 6.11643 5.9954 8.68349 7.50211 5.80572 5.04027 9.28774 4.96445 4.67174 4.52913 4.41117 4.78054 4.37113 5.00887 4.111 4.99669 4.88511 4.07294 4.9008 3.71446 3.62617 3.55848
threshold=0.11744059274174178 26.633911164646587 1.0000000180025095e-35 446.04504478847997 1.0000000180025095e-35 2.5000000000000004 0.48630674657002987 362.11066727460343 139.14043867487231 1.0000000180025095e-35 167.27843093957443 1.0000000180025095e-35 127.19406226566473 1.0000000180025095e-35 84.718706516444612 360.41089205754668 1.0000000180025095e-35 1.0000000180025095e-35 1.0000000180025095e-35 0.047767249101430771 62.768335843661987 2.5000000000000004 192.21693990671238 111.83938501063464 1.5000000000000002 0.32549435132716659 4.5000000000000009 187.45557053876735 270.30638602850166 118.07011633124738
decision_type=2 2 2 2 2 2 2 2 2 2 2 2 2 2 2 2 2 2 2 2 2 2 2 2 2 2 2 2 2 2
left_child=1 -1 3 17 -2 6 7 8 16 11 13 12 -10 14 -11 29 20 -3 -5 -20 -6 -22 23 -19 -24 26 -16 28 -23 -4
right_child=4 2 15 18 5 -7 -8 -9 9 10 -12 -13 -14 -15 25 -17 -18 22 19 -21 21 27 24 -25 -26 -27 -28 -29 -30 -31
leaf_value=0.016208182899279475 0.026345533140838082 -0.038164033534456736 0.012635407686041026 -0.014667466143541724 -0.021251056531410746 0.058498148155601941 0.034895417550909566 0.014789069816589968 -0.050509838523553077 -0.054491331340708882 0.026634604292882259 0.001059928854854587 -0.01643383190510413 0.017169751168781295 -0.0032316707920172147 0.014924956928848638 0.029537583632678791 -0.032137923347651941 -0.011686302481800939 0.030343354540470657 -0.0013338753038392428 0.040547664745512392 -0.035773211175843769 0.021266505790722565 0.022796537538076506 0.027918636394553772 -0.048022762436218773 0.067291374588422048 -0.0081377804383370028 -0.0095928922293299079
leaf_weight=31.43226222647354 39.032975934445858 44.1228629500838 21.211619269102812 44.580299839610234 14.764888871810397 6.157069941982626 15.226993611082433 73.437394228763878 16.810752037214115 10.766126951202748 27.243436083197594 46.651349374325946 48.741698123863898 19.18165635690093 44.682571886107326 34.553623489104211 21.560828750953078 6.8335647289641228 12.601086186245086 14.609476156532763 38.876667937263846 7.9902114539872873 25.679715423844758 12.198479585815219 4.1331541724503031 8.5388616956770402 7.0737425228580824 4.890319211408495 7.3362229662016034 119.09942099871114
leaf_count=412 411 6102 155 756 385 73 130 705 2754 111 225 879 1549 138 333 295 186 188 86 113 486 115 1193 120 28 51 61 40 67 1149
internal_value=0 -0.00721101 -0.00937847 -0.0171546 0.00543061 0.00348655 0.00266796 0.00143667 -0.00157944 -0.00599973 0.00189465 -0.0142658 -0.0251725 -0.0055741 -0.0117134 -0.00205175 0.00906096 -0.0265525 -0.00498447 0.0108796 0.00308339 0.00916352 -0.0160635 0.00209134 -0.0276533 -0.00407506 -0.00935345 0.0293499 0.0172437 -0.00623251
internal_weight=0 371.056 339.623 164.759 458.964 419.931 413.774 398.547 325.109 229.69 117.486 112.204 65.5525 90.243 71.0613 174.865 95.4191 92.9678 71.7909 27.2106 73.8583 59.0934 48.8449 19.032 29.8129 60.2952 51.7563 20.2168 15.3264 140.311
internal_count=19296 10597 10185 8586 8699 8288 8215 8085 7380 6101 919 5182 4303 694 556 1599 1279 7631 955 199 1093 708 1529 308 1221 445 394 222 182 1304
is_linear=0
shrinkage=0.05


Tree=104
num_leaves=31
num_cat=0
split_feature=10 8 7 8 0 11 4 5 6 5 11 4 8 4 11 4 7 5 8 0 3 8 8 9 9 8 8 0 5 7
split_gain=13.1394 10.1819 8.7956 7.13076 6.24027 6.94031 5.83107 6.00518 5.18527 5.12015 4.81349 5.91321 4.74789 6.36981 4.51142 6.88291 7.22186 4.76831 5.43949 4.9399 4.40522 4.20083 4.03294 3.96769 3.81036 4.51352 3.69916 4.91901 5.43569 3.97197
threshold=1.0000000180025095e-35 0.051800994285479386 1.0000000180025095e-35 0.53795192865857411 234.41074800279725 1.0000000180025095e-35 401.96339663173177 146.89441876424289 1.0000000180025095e-35 185.35763590587095 1.0000000180025095e-35 31.785633209916018 0.01045295758264273 249.55925691351732 1.0000000180025095e-35 70.828595530721728 1.5000000000000002 199.25976317265409 0.059676367426673073 503.97420885567027 239.29174585020928 0.16666937735140785 0.30654995453809053 1.0000000180025095e-35 1.0000000180025095e-35 0.33668849324947742 0.32074097985257727 227.81652570205446 57.571739922173045 1.5000000000000002
decision_type=2 2 2 2 2 2 2 2 2 2 2 2 2 2 2 2 2 2 2 2 2 2 2 2 2 2 2 2 2 2
left_child=1 -1 3 4 22 6 8 -8 -6 -7 26 -12 13 -2 15 16 -14 23 20 24 -19 -11 -3 -17 25 -20 27 28 -4 -29
right_child=12 2 10 -5 5 9 7 -9 -10 21 11 -13 14 -15 -16 17 -18 18 19 -21 -22 -23 -24 -25 -26 -27 -28 29 -30 -31
leaf_value=-0.018580144643804801 -0.048092899038533095 -0.021562794157829746 0.022135696874677063 0.048538495818751873 0.0093736471163913763 0.045522493854831071 0.041404038406976686 -0.0035643103067904344 -0.022960377635107172 -0.0073536283748314377 -0.022941198953248785 0.035000250626412148 -0.026339918857263112 0.038640346985217872 0.018148953405693793 0.011054856752995293 0.06632681043383605 -0.039638286080580259 -0.022943252915288908 0.02581736034263803 0.01320858659704759 0.022831304813126591 0.0023206700063091454 0.036834659240645551 0.013784443386843776 0.015812426829869292 0.029849348164530505 0.0001475521382213138 -0.042748207094421044 0.036061543998893511
leaf_weight=104.63136544206645 7.7650959589518589 82.837800184264779 4.4684830727055695 5.9298856668174258 15.643226270563899 10.135809243656693 9.7681105043739063 30.940609739627689 59.789588246378116 25.47283012419939 5.1778097562491885 29.440292397513986 24.529373376048174 2.9102521024178714 100.45675015076995 49.578408072702587 2.2996394857764235 12.396205058204943 24.634220150415786 25.390108705963939 5.7830349924042812 21.052749602124095 22.469754902180284 21.353383877314627 27.087222673464566 10.808778580743818 11.648231977131216 39.773618401261047 11.626714459154753 9.5466080550104362
leaf_count=3385 244 4094 55 44 125 111 69 354 2142 217 37 251 1757 40 874 642 29 653 1250 235 52 159 447 171 308 98 119 525 667 60
internal_value=0 -0.00470908 -0.00104149 -0.0057157 -0.00687251 -0.00102573 -0.00802469 0.0072259 -0.016255 0.0133204 0.0108464 0.026334 0.0083268 -0.0244482 0.00947653 0.005203 -0.018397 0.00877957 0.00207007 0.00721803 -0.0228271 0.00630501 -0.0164667 0.0188156 -0.00033414 -0.0111242 0.00388923 -0.000733376 -0.0247346 0.0070992
internal_weight=0 500.353 395.722 284.04 278.11 172.803 116.142 40.7087 75.4328 56.6614 111.682 34.6181 314.992 10.6753 304.317 203.86 26.829 177.031 106.1 87.9203 18.1792 46.5256 105.308 70.9318 62.5302 35.443 77.0637 65.4154 16.0952 49.3202
internal_count=19214 12861 9476 7762 7718 3177 2690 423 2267 487 1714 288 6353 284 6069 5195 1786 3409 2596 1891 705 376 4541 813 1656 1348 1426 1307 722 585
is_linear=0
shrinkage=0.05


Tree=105
num_leaves=31
num_cat=0
split_feature=6 7 8 8 4 3 4 10 5 5 1 6 5 8 4 0 4 5 8 8 5 8 3 6 4 0 0 3 4 7
split_gain=12.0666 13.294 8.06395 6.03432 5.39184 4.68239 4.55858 4.89234 4.51624 4.50276 4.26892 6.27519 4.09856 5.36095 4.09024 4.67471 3.90923 3.5543 3.83763 5.50624 3.59424 3.42124 3.69397 3.89093 3.33509 3.30043 3.17719 3.94323 5.82591 3.0268
threshold=1.0000000180025095e-35 1.0000000180025095e-35 0.11952934942227321 0.2588759831718766 158.28517812313302 18.277992167069382 513.19282286928512 1.5000000000000002 327.39262444594067 29.944589637884032 4.5000000000000009 6.5000000000000009 57.571739922173045 0.098750796628466378 139.29727190319991 71.218383018426678 58.059579246520919 199.25976317265409 0.069252752197339548 0.21155394099938538 227.95329400478107 0.24353657257691522 96.366180901566835 3.5000000000000004 513.19282286928512 282.21264593016116 241.60060664056058 136.8252694636634 313.46040845957197 1.5000000000000002
decision_type=2 2 2 2 2 2 2 2 2 2 2 2 2 2 2 2 2 2 2 2 2 2 2 2 2 2 2 2 2 2
left_child=5 2 9 6 8 -1 7 10 14 -2 17 -12 -7 -14 15 -4 -11 18 -3 -20 -19 22 25 24 -24 -6 -25 -28 -29 -22
right_child=1 3 4 -5 21 12 -8 -9 -10 16 11 -13 13 -15 -16 -17 -18 20 19 -21 29 -23 23 26 -26 -27 27 28 -30 -31
leaf_value=-0.024948747376475233 0.0071088309839353507 -0.0046903552965831003 -0.027634920786161327 0.026415442565567406 -0.0017089285693006073 0.051539388940642528 0.030372563907288114 0.027420066370970188 -0.017029332717069863 -0.034525369672641186 -0.024682962364002164 0.058464856569380053 0.00090088331024215965 0.029685590111311236 -0.035807759074003909 0.010442694467027894 -0.013574984063134144 -0.053502064813562615 0.039162134899897748 -0.02302693489746007 -0.0051502788920697812 0.013986247370984953 -0.020640738926913385 -0.030245910377145004 0.011088476154797451 0.059137551881906419 0.063045847786380727 -0.03144330456978256 0.026587521837214231 0.019355525410644298
leaf_weight=5.8519672616384915 22.919476181967184 14.277164704632012 9.4698107150616107 37.230001991149038 4.3856736795278248 9.8574077421799284 15.423000820912419 16.996816373895854 71.326120325713418 25.613945650868118 27.418727782205682 2.4738989667966953 28.992458128370345 36.589768278412521 6.8799848111812016 54.156437415978871 170.36327570478898 3.3170835105702272 19.836129527306188 4.3376496583223334 64.926302102394402 65.757644436322153 36.890507910400629 4.1745224662590799 10.679378373548387 4.5312519290018827 3.8959830631501999 6.3572660423815277 13.529362285975365 15.63469072896987
leaf_count=93 340 192 315 423 138 70 135 190 2757 2217 608 42 393 378 138 1282 5729 55 253 41 1324 727 661 70 101 93 99 105 149 142
internal_value=0 -0.00216753 -0.0066054 0.00805211 -0.00116707 0.0181366 0.00434944 0.00197762 -0.00815859 -0.0138608 -0.000863238 -0.0178017 0.0214788 0.0169605 0.000815315 0.00477541 -0.0163132 0.00327588 0.0158638 0.0280032 -0.00249459 0.00543488 -0.00122418 -0.00481744 -0.0135176 0.029211 0.00998608 0.0170479 0.00803649 -0.000394371
internal_weight=0 732.802 510.931 221.871 292.034 81.2916 184.641 169.218 141.832 218.897 152.222 29.8926 75.4396 65.5822 70.5062 63.6262 195.977 122.329 38.4509 24.1738 83.8781 150.202 84.4439 75.527 47.5699 8.91693 27.9571 23.7826 19.8866 80.561
internal_count=19260 18326 14921 3405 6635 934 2982 2847 4492 8286 2657 650 841 771 1735 1597 7946 2007 486 294 1521 2143 1416 1185 762 231 423 353 254 1466
is_linear=0
shrinkage=0.05


Tree=106
num_leaves=31
num_cat=0
split_feature=10 5 0 11 0 9 4 4 11 6 4 7 11 0 9 6 4 0 0 4 0 5 0 6 4 3 7 0 4 2
split_gain=10.2093 8.33409 6.8307 6.76006 6.79184 5.3042 5.42413 7.10834 5.17083 4.39349 3.99521 4.43769 5.18375 5.31698 4.20318 3.9745 4.1021 4.17382 6.88959 3.59201 3.12747 3.08711 2.98929 2.95112 3.27933 7.51635 4.396 3.50018 3.30347 2.96287
threshold=1.5000000000000002 139.14043867487231 141.40147857254092 1.0000000180025095e-35 827.96897245814819 1.0000000180025095e-35 140.68810546595418 144.82204601110126 1.0000000180025095e-35 1.0000000180025095e-35 424.90480886809797 1.0000000180025095e-35 1.0000000180025095e-35 203.87549981122945 1.0000000180025095e-35 1.0000000180025095e-35 370.07581632509863 183.58612095488255 173.68140686059152 202.5222388822545 503.97420885567027 2808.4062165847231 51.397601524520191 1.0000000180025095e-35 291.68587120272457 123.7460426628074 1.0000000180025095e-35 356.69108710262157 147.84366976282482 1.5000000000000002
decision_type=2 2 2 2 2 2 2 2 2 2 2 2 2 2 2 2 2 2 2 2 2 2 2 2 2 2 2 2 2 2
left_child=1 9 8 4 5 6 -4 -8 19 -1 11 12 14 -14 20 -5 17 18 -17 21 -11 -3 -2 -7 25 26 28 -26 -25 -30
right_child=22 2 3 15 -6 23 7 -9 -10 10 -12 -13 13 -15 -16 16 -18 -19 -20 -21 -22 -23 -24 24 27 -27 -28 -29 29 -31
leaf_value=0.030298659445926791 0.068022553526582596 -0.043763409300060493 -0.039492899804328657 0.039953104332269181 0.025395198591367674 0.020106147730347149 0.07979361466504542 -0.013483568509353228 -0.010199280083815564 -0.027503339690214915 0.025049961118296632 0.015122258305604128 -0.0023158279835847105 0.033786178119070379 0.0023355035411106633 0.0039818243510114804 0.031128776523130876 -0.0024151929678580901 0.059905750314825125 0.034961588314141159 0.0042462182720663984 0.11888371287830496 0.016159191618331514 -0.038203817762281884 -0.017403156408456646 -0.040488721381916622 0.017032237889169397 0.017359915970769985 -0.046030532011974643 0.017149816356040893
leaf_weight=18.03746293624863 2.8993244390003374 23.129868925432682 20.865395328379236 7.7643913850188246 14.701301032677291 14.182215807959436 2.0788855383871114 116.63006794906687 69.100225244648755 35.362737076706253 21.062476289458573 46.768754547461867 27.82746958360076 16.098762640729547 36.07351260422729 20.954884991981093 12.386900009587405 133.93863157462329 7.4707223167642942 1.6340731402160589 9.9355951328761858 0.29546912468504061 66.587520316941664 9.3407478786539304 10.132578466087578 16.346130893565714 19.100935790687799 25.372737400233746 2.407453757710754 8.0954291075468046
leaf_count=160 75 3997 3153 72 94 99 104 3409 755 1444 172 505 179 169 413 203 167 1004 58 92 89 91 1107 640 103 194 206 198 65 202
internal_value=0 -0.00171361 -0.00502851 -0.00242245 -0.00761206 -0.0095963 -0.0159825 -0.0118501 -0.0172554 0.0066994 0.00449533 0.00197927 -0.00292648 0.0109154 -0.0103986 0.00494912 0.00339385 0.00127793 0.0186796 -0.0367122 -0.0205395 -0.0417119 0.0183232 -0.00110553 -0.00441876 -0.0120334 -8.99176e-05 0.00743916 -0.0165712 0.00266772
internal_weight=0 747.096 535.929 441.769 259.254 244.553 139.574 118.709 94.1596 211.167 193.129 172.067 125.298 43.9262 81.3718 182.516 174.751 162.364 28.4256 25.0594 45.2983 23.4253 69.4868 104.978 90.796 55.2907 38.9446 35.5053 19.8436 10.5029
internal_count=19219 18037 14906 9971 8467 8373 6666 3513 4935 3131 2971 2799 2294 348 1946 1504 1432 1265 261 4180 1533 4088 1182 1707 1608 1307 1113 301 907 267
is_linear=0
shrinkage=0.05


Tree=107
num_leaves=31
num_cat=0
split_feature=8 10 0 11 0 5 4 5 8 9 5 4 9 8 5 6 0 2 4 1 2 3 5 9 9 0 11 5 4 0
split_gain=15.7629 10.8266 9.36223 8.00832 10.7941 6.55643 6.58061 7.50253 6.8488 5.48563 4.8157 4.6543 4.61037 4.48949 4.85045 4.97227 5.00745 6.30564 4.95138 4.41828 3.78704 5.15701 3.74168 3.71377 3.69544 4.94481 6.41021 4.70246 4.76798 3.45085
threshold=0.054177642805760276 1.5000000000000002 827.96897245814819 1.0000000180025095e-35 96.245895573229134 66.250456536174454 281.97707179250921 348.62984476854223 0.23546546827778939 1.0000000180025095e-35 1710.5488506333932 286.98061637840243 1.0000000180025095e-35 0.39930532671204416 72.854643486268159 1.0000000180025095e-35 173.68140686059152 3.5000000000000004 85.439228141965955 3.5000000000000004 1.5000000000000002 23.707934970885962 131.8323138609675 1.0000000180025095e-35 1.0000000180025095e-35 147.29836231194011 1.0000000180025095e-35 174.29609931070925 195.91594260044511 464.10412329640269
decision_type=2 2 2 2 2 2 2 2 2 2 2 2 2 2 2 2 2 2 2 2 2 2 2 2 2 2 2 2 2 2
left_child=2 3 24 4 -2 29 8 12 9 -7 -10 13 22 14 -5 -16 17 18 20 -9 21 -17 -8 -18 25 -1 -27 -26 -29 -6
right_child=1 -3 -4 11 5 6 7 19 10 -11 -12 -13 -14 -15 15 16 23 -19 -20 -21 -22 -23 -24 -25 27 26 -28 28 -30 -31
leaf_value=-0.044905414985120448 -0.035910281487721692 0.025474541132061015 0.049828654550555199 0.034231061789596381 0.0078742548886925039 -0.035348563526393477 0.0011888353776246831 0.010280446471195703 0.0047053289759401316 -0.008820782982311556 -0.040136708057194471 0.036711860325528242 0.018766443847288702 0.046451506118460023 0.039610812861705993 -0.0039337836988052764 0.0060141559644209114 -0.056926175257364757 -0.024191387047428403 0.048231609870269594 -0.0039786420845714446 0.05506628567050309 -0.035511206311644276 0.035371499867025827 0.015183452112027729 -0.031736145963435075 -0.0040632993924626234 -0.02883989080075855 0.0057390389546718851 0.035433144239001291
leaf_weight=17.581821476691402 22.374143042601645 55.392248730640858 5.7648708000779143 14.575501108542083 60.403192675439641 35.48906302137766 11.034957156982275 65.042856384301558 65.097371431067586 43.222182592377067 6.5937140975147477 14.947112232446669 9.0944757349789125 7.2647841256111851 9.4610037095844728 7.185837837867437 92.618086101487279 5.9533486831933251 19.897135759703815 8.6941841477528197 32.759384535253048 7.6429636906832457 18.738137542270124 12.190529594197868 19.291488071437925 36.329224445507862 49.359959322027862 24.415928014321253 16.848014597315341 13.989952798932789
leaf_count=1465 2181 899 34 156 698 4198 105 864 1344 1050 141 237 81 61 67 76 650 70 166 81 338 70 284 125 209 2303 391 621 178 93
internal_value=0 0.00434822 -0.0127974 0.00234532 -0.00227873 -4.85128e-05 -0.00375544 0.00538504 -0.0105988 -0.0207815 0.000581029 0.00975578 -0.0123914 0.007833 0.00644606 0.00428856 0.00241373 -0.00759786 -0.00324626 0.0147552 0.00551112 0.0264756 -0.0219089 0.00942878 -0.0150011 -0.0207515 -0.0157956 -0.00519441 -0.0147214 0.0130568
internal_weight=0 639.662 169.591 584.27 359.774 337.4 263.007 112.605 150.402 78.7112 71.6911 224.496 38.8676 209.549 202.284 187.708 178.247 73.4387 67.4853 73.737 47.5882 14.8288 29.7731 104.809 163.826 103.271 85.6892 60.5554 41.2639 74.3931
internal_count=19236 14035 5201 13136 11120 8939 8148 1415 6733 5248 1485 2016 470 1779 1718 1562 1495 720 650 945 484 146 389 775 5167 4159 2694 1008 799 791
is_linear=0
shrinkage=0.05


Tree=108
num_leaves=31
num_cat=0
split_feature=8 6 11 4 0 7 5 4 5 9 5 9 11 10 0 0 9 7 0 5 5 9 10 5 0 10 8 4 7 3
split_gain=9.96435 7.78816 9.02121 9.52045 6.8526 6.46968 5.42727 4.2718 4.14338 4.11845 4.0822 5.30104 4.98467 4.93899 4.80746 3.85247 3.80973 3.79856 3.82063 4.05786 3.77897 5.06382 3.66907 3.59786 3.57796 4.32434 3.57495 3.34317 3.33035 3.51076
threshold=0.23282356440462168 1.0000000180025095e-35 1.0000000180025095e-35 268.59289033940507 503.97420885567027 1.0000000180025095e-35 79.562020119996063 58.635596182877343 79.562020119996063 1.0000000180025095e-35 494.58070687665804 1.0000000180025095e-35 1.0000000180025095e-35 1.5000000000000002 71.218383018426678 590.73200103323086 1.0000000180025095e-35 1.5000000000000002 168.56804899919183 33.644884524827638 82.404682532486291 1.0000000180025095e-35 1.5000000000000002 258.39266763499359 117.78797054134327 1.5000000000000002 0.076289968847360168 129.5317187858308 1.0000000180025095e-35 488.5278735000017
decision_type=2 2 2 2 2 2 2 2 2 2 2 2 2 2 2 2 2 2 2 2 2 2 2 2 2 2 2 2 2 2
left_child=1 15 3 5 6 8 -4 23 -3 24 12 13 17 -12 -14 16 -1 18 -2 -20 27 -22 -23 -8 -9 -26 -11 -7 29 -5
right_child=10 2 4 28 -6 20 7 9 -10 26 11 -13 14 -15 -16 -17 -18 -19 19 -21 21 22 -24 -25 25 -27 -28 -29 -30 -31
leaf_value=0.00089735434544642347 -0.012101149879475498 -0.017899735920521971 0.021228414190430228 -0.010681561321587593 0.040085922890076724 -0.01051153631549891 -0.037465965387262885 -0.037116425802598794 -0.040674208900879444 0.0026093272441331931 -0.010325756391573447 0.020489447211645889 -0.0084618564758364798 0.035773878805793545 0.045325743460947115 0.057950128938311168 0.027823515492920586 0.059339057051030153 0.050712965601470456 0.0092498861864444802 -0.035285553664153486 -0.01122966574350105 0.036301582106193109 -0.0073081520281228305 -0.0041655597376393256 0.028975139002193992 0.034516443967414656 0.02888734078796203 0.0097339294106199847 0.021492857417843587
leaf_weight=40.730071705766022 19.006545952172019 37.803464270895347 25.933583570644259 80.115494329482317 10.924757825210689 11.308820278849455 14.046500431373714 7.3991937409155062 42.336727600544691 21.455509571358562 61.513920866767876 26.237903779838234 5.1833092458546188 6.4161094375886014 20.924446690827608 4.4193994663655749 19.390786659903824 3.7126726545393458 6.5395550932735196 60.417184807825834 21.219154253951274 23.365740759298209 4.9139803275465956 33.419420226942748 115.59974595997483 10.759348621591924 14.858216363936661 10.277701847255228 42.385523470118642 9.4819844020530564
leaf_count=614 542 919 218 1506 161 167 136 104 8091 129 1165 301 29 75 195 36 157 26 54 727 1419 345 35 471 915 61 150 71 358 84
internal_value=0 -0.0035178 -0.00548805 -0.0116267 0.00134585 -0.020191 -0.000392446 -0.00296996 -0.0299311 0.000731582 0.00913213 0.00140124 0.0154197 -0.00597157 0.034647 0.0128939 0.00958185 0.00982201 0.00768341 0.0132995 -0.00921021 -0.0168233 -0.00297047 -0.0162327 -0.00332253 -0.00134366 0.0156645 0.00824692 -0.00181376 -0.00727658
internal_weight=0 602.145 537.605 283.209 254.396 151.226 243.472 217.538 80.1402 170.072 209.952 94.1679 115.784 67.93 26.1078 64.5403 60.1209 89.676 85.9633 66.9567 71.0854 49.4989 28.2797 47.4659 133.758 126.359 36.3137 21.5865 131.983 89.5975
internal_count=19261 16147 15340 12995 2345 11047 2184 1966 9010 1359 3114 1541 1573 1240 224 807 771 1349 1323 781 2037 1799 380 607 1080 976 279 238 1948 1590
is_linear=0
shrinkage=0.05


Tree=109
num_leaves=31
num_cat=0
split_feature=10 0 9 11 8 8 11 8 2 5 6 9 5 6 5 7 5 8 7 6 5 2 8 5 8 3 5 0 11 5
split_gain=10.5812 8.79899 9.03782 7.16495 5.95654 5.40399 4.51658 4.50059 4.44257 7.89208 6.66032 5.48883 4.43549 4.72169 4.43382 4.26513 4.16335 3.83386 4.42019 3.79524 3.8067 3.78931 3.74065 3.66845 4.56697 3.61121 5.16739 4.40629 4.77734 5.71999
threshold=1.0000000180025095e-35 528.34784060779043 1.0000000180025095e-35 1.0000000180025095e-35 0.22272344595763563 0.19667434382226454 1.0000000180025095e-35 0.45491259551831259 2.5000000000000004 139.14043867487231 4.5000000000000009 1.0000000180025095e-35 609.30480145144145 1.0000000180025095e-35 107.51752735086231 1.5000000000000002 549.32546228672265 0.11846827626371521 1.0000000180025095e-35 4.5000000000000009 215.90540525998088 3.5000000000000004 0.15234075041201497 797.83966099389352 0.15497227056947024 248.32096810560475 2226.7373054749592 659.79922001898865 1.0000000180025095e-35 1045.3639886817125
decision_type=2 2 2 2 2 2 2 2 2 2 2 2 2 2 2 2 2 2 2 2 2 2 2 2 2 2 2 2 2 2
left_child=1 2 3 4 15 14 7 -4 9 -2 11 -10 13 -6 -5 -1 -12 18 -3 20 -8 -13 25 24 -16 26 27 28 -11 -30
right_child=8 17 6 5 12 -7 19 -9 10 22 16 21 -14 -15 23 -17 -18 -19 -20 -21 -22 -23 -24 -25 -26 -27 -28 -29 29 -31
leaf_value=-0.038553292946796776 0.017903490158842208 -0.012201108740817731 -0.0062248444619112595 0.0072017091102994151 0.044223053509971827 0.0078801661099376554 0.038200451526597463 0.049703909090512782 -0.0007540535922411542 -0.030742044904961709 0.021444254498855508 0.038367068758005357 -0.03240924619518832 -0.0077074600068982816 -0.019133053443193784 -0.0004302470978979136 0.067967535222174025 0.02107166461272756 0.027362722531282687 0.041353042856294313 -0.0005185749087448457 -0.0098067923160206922 0.0056270141653393078 -0.0047071077984579155 -0.058685229511139907 0.010208362731246583 -0.068356446440694038 0.050746660041448705 -0.013669257860758056 0.032732804898415756
leaf_weight=52.973384715034626 64.116995456046425 25.725898524280638 90.255863127298653 23.237168500199914 5.1955923112109295 46.974045353010297 7.998268360272049 3.7462900876998892 47.501185287721455 25.71636172500439 10.811707995948383 19.542012783698741 14.883495350251904 27.787266600993462 46.472046605776995 8.5160878403112275 8.6612263532588241 41.288988543441519 9.72967447247356 10.503779331222175 30.767540227621794 5.1598527156747869 71.0232142113382 35.333881163969636 8.6581497061997634 17.874353337101638 4.2585073406808069 2.7236027382314196 27.903322769328952 8.7159362742677313
leaf_count=6591 782 361 2048 163 38 334 78 24 1277 1773 216 252 603 765 543 103 164 418 84 82 211 76 1193 377 83 192 124 29 232 69
internal_value=0 -0.00483239 -0.00771946 -0.0131051 -0.0229776 -0.00638597 0.0024312 -0.0039959 0.00692446 0.00310552 0.0161861 0.00918728 -0.00975147 0.000472843 -0.0122798 -0.0332734 0.042137 0.0107157 -0.00134405 0.0146936 0.00747004 0.0283043 -0.00289138 -0.017284 -0.0253447 -0.00983012 -0.0149973 -0.0115046 -0.0142245 -0.00262487
internal_weight=0 490.047 413.303 270.031 109.356 160.675 143.272 94.0022 314.008 222.332 91.676 72.2031 47.8664 32.9829 113.701 61.4895 19.4729 76.7446 35.4556 49.2696 38.7658 24.7019 158.215 90.4641 55.1302 87.1921 69.3177 65.0592 62.3356 36.6193
internal_count=19285 12906 12043 9600 8100 1500 2443 2072 6379 4394 1985 1605 1406 803 1166 6694 380 863 445 371 289 328 3612 1003 626 2419 2227 2103 2074 301
is_linear=0
shrinkage=0.05


Tree=110
num_leaves=31
num_cat=0
split_feature=7 5 6 11 4 0 8 9 8 0 5 3 8 8 0 4 5 9 0 9 7 8 4 8 8 5 3 0 5 6
split_gain=11.1544 10.2628 9.31839 9.81204 11.5304 10.0156 8.37444 6.51448 5.97668 5.4229 5.23037 4.80323 4.88898 4.6949 5.91501 4.41038 4.27391 3.74542 4.41797 3.66788 3.57646 3.53275 3.49768 3.37445 3.36314 3.35535 4.64364 3.45571 3.252 3.20959
threshold=1.5000000000000002 15.098442361495461 1.0000000180025095e-35 1.0000000180025095e-35 249.55925691351732 827.96897245814819 0.17781964193083633 1.0000000180025095e-35 0.16046240855317714 336.08512346908458 131.8323138609675 72.685551424675623 0.020299438002483679 0.21832733475172797 410.74290287154946 233.41425384681148 139.14043867487231 1.0000000180025095e-35 38.548324247180339 1.0000000180025095e-35 1.0000000180025095e-35 0.24049502789834709 76.922498833604479 0.32074097985257727 0.03169490417539849 362.5459560408371 602.67791809631092 705.37169474384621 82.404682532486291 4.5000000000000009
decision_type=2 2 2 2 2 2 2 2 2 2 2 2 2 2 2 2 2 2 2 2 2 2 2 2 2 2 2 2 2 2
left_child=1 21 24 4 5 6 17 10 9 28 23 -11 -13 16 -15 19 -6 -4 -19 -10 25 -1 -20 -8 -3 29 27 -27 -5 -18
right_child=-2 2 3 8 13 -7 7 -9 15 11 -12 12 -14 14 -16 -17 20 18 22 -21 -22 -23 -24 -25 -26 26 -28 -29 -30 -31
leaf_value=0.018588776464630467 0.027947836193742744 -0.013222438864538694 -0.0444540688292148 0.011955904663990342 0.0079476608469185774 0.12025222021097777 -0.023190453367626502 0.0035652529421733117 0.0039034907290130174 -0.029127440237548166 -0.036033303771443752 -0.022531887182619566 0.02517672607394987 -0.0099316482880832668 0.024907627910900607 0.041452825856977155 -0.050663404001233814 0.072457104961326846 -0.054243515232540243 0.032591462585781071 0.0014563584505471222 0.062786642410917706 -0.01862786465054846 0.014672288601965705 0.01761437936476137 -0.026362071741482092 0.04634884959442849 0.0080414980083985312 -0.010756777183894485 0.0083212984167557492
leaf_weight=25.395362958312038 32.94456036016345 10.196528072468935 35.264037574874237 17.910037621855736 35.476910482859239 1.2759672813117493 11.980173084768468 44.791676772292703 79.300825559534132 6.3183011952787629 30.18516582774464 6.3637482151389113 34.383338459767401 19.902830858714879 31.410130954347551 10.982071223668752 12.640058152843265 1.1853850476909418 8.4914261528756452 12.963139359839259 29.385901635047048 5.5004044342786065 36.631397902965546 11.565609594807027 66.554412123048678 27.945064160856418 3.0925110112875691 9.8796277530491334 131.27615279424936 2.820978350006043
leaf_count=323 316 147 7302 137 314 7 294 644 551 42 2238 45 323 207 241 160 317 103 723 128 297 51 1015 98 764 969 21 69 1310 67
internal_value=0 -0.00176898 -0.00296332 -0.00489917 -0.0105355 -0.0193382 -0.0203272 -0.0105165 0.0017614 -0.00336171 -0.0222554 0.0114359 0.0177257 -0.00128298 0.0113945 0.0114995 -0.00664847 -0.0321765 -0.0228271 0.00793417 -0.0126863 0.0264574 -0.0253302 -0.0045924 0.0135176 -0.0200578 -0.0125597 -0.017376 -0.00803008 -0.0399012
internal_weight=0 761.069 730.173 653.422 353.925 181.371 180.095 98.5226 299.498 196.252 53.7309 47.0654 40.7471 172.554 51.313 103.246 121.241 81.5722 46.3082 92.264 85.7641 30.8958 45.1228 23.5458 76.7509 56.3782 40.9172 37.8247 149.186 15.461
internal_count=19223 18907 18533 17622 14926 12424 12417 3274 2696 1857 2630 410 368 2502 448 839 2054 9143 1841 679 1740 374 1738 392 911 1443 1059 1038 1447 384
is_linear=0
shrinkage=0.05


Tree=111
num_leaves=31
num_cat=0
split_feature=7 9 11 0 8 3 0 6 5 5 3 8 5 0 11 8 8 6 5 7 5 8 0 3 4 0 0 6 8 4
split_gain=12.3089 10.0117 10.1918 8.7948 8.16382 8.36946 7.56722 5.6681 5.31555 5.34922 5.063 4.96261 4.7898 4.53023 4.32787 6.01111 5.85008 4.27453 4.70747 5.23949 4.0247 3.93696 4.75952 3.88385 4.42317 3.81016 3.70462 3.82249 4.3934 4.23635
threshold=1.5000000000000002 1.0000000180025095e-35 1.0000000180025095e-35 911.89367059962524 0.32549435132716659 97.200304285376049 484.31177953255195 1.0000000180025095e-35 203.15399125454422 2808.4062165847231 26.434396472153512 0.16046240855317714 131.8323138609675 104.91633815420063 1.0000000180025095e-35 0.076289968847360168 0.036032206972596952 1.0000000180025095e-35 131.8323138609675 1.0000000180025095e-35 36.527792906342476 0.043994934275872179 179.18171355735916 219.29143956422618 227.34351137575865 145.66863552715412 827.96897245814819 1.0000000180025095e-35 0.10401577831321697 353.56221348967688
decision_type=2 2 2 2 2 2 2 2 2 2 2 2 2 2 2 2 2 2 2 2 2 2 2 2 2 2 2 2 2 2
left_child=1 2 3 4 5 20 7 -4 -3 10 -10 12 21 -6 26 16 -16 23 -19 -20 -1 -9 -23 24 -7 -14 27 28 -12 -29
right_child=-2 8 6 -5 13 17 -8 11 9 -11 14 -13 25 -15 15 -17 -18 18 19 -21 -22 22 -24 -25 -26 -27 -28 29 -30 -31
leaf_value=-0.014513730799041953 0.029273728443188429 0.016513047661401058 0.032073728155201195 0.04076445401226738 -0.046005326384808629 0.026441103156861441 0.03924231090447533 -0.018089667305344208 -0.02367932012061735 0.062648428494218505 -0.0078710416634503559 0.0069712968653641008 -0.034524224845868021 0.0071018418210491699 0.026107859854473878 0.041762093205324244 -0.025266042119789191 -0.0047243288811584924 -0.03634719211093556 -0.0093005566597321749 -0.044493117726152734 0.0022674505192328844 0.052354837725385531 0.040646345530680812 -0.025927343228644647 -0.0090983193552503366 0.05162024234300723 -0.014789814355053622 0.046953382899841099 0.009285510603834618
leaf_weight=15.823097070679067 33.2346984250471 85.062046674778685 12.586680775508283 7.4773123711347571 4.3634759585838756 6.6198434848338428 12.591419134289024 8.8423216752707976 20.063622906338423 3.4620211459696284 7.194776261225341 85.636854300275445 17.720836410298944 50.374138177139685 11.369858779013159 15.360620307736097 10.809751957654951 50.753572733839974 41.089344183681533 31.736492547905073 38.276010391185991 12.027234653010966 7.8311184085905543 6.2557557076215735 10.314935480244456 87.427731706760824 3.1196308936923733 61.563475020928308 7.4256855417042971 25.984176726080477
leaf_count=414 319 974 91 41 178 75 182 67 534 67 55 630 449 598 64 177 67 582 2308 466 8081 73 70 37 76 709 23 1606 48 195
internal_value=0 -0.0018139 -0.00585433 -0.0126857 -0.0142493 -0.0189139 0.00149138 -0.000556844 0.00634597 0.00114721 -0.000159907 -0.00242808 -0.00844181 0.00286834 0.00314396 0.01772 0.00106959 -0.0127176 -0.0164139 -0.0245606 -0.0357246 0.00966226 0.0220194 0.00698003 -0.0054564 -0.0133834 -0.00205313 -0.00369201 0.0199741 -0.00764425
internal_weight=0 759.164 507.748 263.084 255.607 200.869 244.664 232.073 251.416 166.354 162.892 219.486 133.849 54.7376 142.828 37.5402 22.1796 146.77 123.579 72.8258 54.0991 28.7007 19.8584 23.1905 16.9348 105.149 105.288 102.168 14.6205 87.5477
internal_count=19256 18937 15127 12856 12815 12039 2271 2089 3810 2836 2769 1998 1368 776 2235 308 131 3544 3356 2774 8495 210 143 188 151 1158 1927 1904 103 1801
is_linear=0
shrinkage=0.05


Tree=112
num_leaves=31
num_cat=0
split_feature=7 6 10 0 11 10 8 8 5 11 0 6 8 8 1 0 9 8 11 0 4 0 0 4 3 11 8 3 11 0
split_gain=13.8403 8.83851 7.40407 8.04657 7.59662 7.02701 6.06959 5.29971 5.25935 5.2302 6.0951 4.88213 5.86083 4.82761 5.95954 5.06708 4.51794 4.35796 5.57634 7.98113 5.79847 4.10868 4.03216 3.84191 3.64787 3.58473 5.16989 3.46004 4.13702 5.47647
threshold=1.0000000180025095e-35 1.0000000180025095e-35 1.0000000180025095e-35 503.97420885567027 1.0000000180025095e-35 1.0000000180025095e-35 0.53795192865857411 0.021648266887142106 139.14043867487231 1.0000000180025095e-35 282.21264593016116 1.0000000180025095e-35 0.28140724848485321 0.2588759831718766 4.5000000000000009 222.5596493178343 1.0000000180025095e-35 0.039625025614630313 1.0000000180025095e-35 203.87549981122945 437.92023169105488 520.5606197932367 528.34784060779043 181.58315707072862 398.29968040386956 1.0000000180025095e-35 0.11176481948657557 255.6279940121797 1.0000000180025095e-35 227.81652570205446
decision_type=2 2 2 2 2 2 2 2 2 2 2 2 2 2 2 2 2 2 2 2 2 2 2 2 2 2 2 2 2 2
left_child=2 -2 6 4 11 13 8 -6 16 10 -10 12 -4 14 27 -16 17 -1 20 -20 -19 25 -11 -9 -5 26 -7 28 29 -3
right_child=1 5 3 24 7 21 -8 23 9 22 -12 -13 -14 -15 15 -17 -18 18 19 -21 -22 -23 -24 -25 -26 -27 -28 -29 -30 -31
leaf_value=-0.036032402758424009 0.09094081371476255 -0.036765389093423466 -0.002155654294108389 0.01805515889864227 -0.026984750706774471 -0.0075700189869167718 0.044648586649606581 0.0090890224577140095 -0.042721286205042355 -0.0081441883454283336 -0.014599956143552036 -0.016002478342552039 0.062738401042749248 0.024850603356723597 -0.05681319290628542 -0.0066005873646618465 0.015633026185616183 -0.024349962443747722 -0.0032282930134227257 0.061367909625228839 0.023921160912856843 0.054498681260403095 0.036760571582756828 0.038163349723663059 0.063781186580570623 0.037223047874728063 0.024112910862665891 0.032013091101031087 0.014801492094456831 0.0017021883798969792
leaf_weight=10.75374910852406 3.4263944076374164 12.465209610876625 17.58466284302995 35.763116754125804 8.5530903302133066 21.566693064989522 5.3599830772727719 60.15043090749532 25.248110793763772 127.11829029489309 81.359652204206213 78.530620473204181 4.3374878820031872 21.310384579468518 7.8126229647314203 14.077289920765905 33.410877133952454 27.488036663504317 13.90831531584263 7.2871723454445592 8.041206482332198 8.5478939730674011 5.2037578243762246 14.00852556247264 4.967496756464242 17.844954795204103 31.950943202711642 10.173762564547358 32.75055755674839 35.896851396653801
leaf_count=288 46 698 221 375 81 491 42 493 5014 1240 2380 3881 34 266 262 226 393 911 85 83 55 74 81 129 43 154 392 90 239 489
internal_value=0 0.0112702 -0.00355032 0.00353109 -0.000938751 0.00999699 -0.00814358 0.0102829 -0.00897628 -0.0130183 -0.02126 -0.0101786 0.0106842 0.00301936 -0.00109133 -0.0245217 0.000596202 -0.00684904 -0.00131652 0.0189804 -0.0134249 0.0217401 -0.00637824 0.0145811 0.0236319 0.0178162 0.0113452 0.00452713 0.00107964 -0.00821274
internal_weight=0 217.824 569.075 223.895 183.165 214.397 345.179 82.712 339.819 238.93 106.608 100.453 21.9222 134.487 113.176 21.8899 100.889 67.4785 56.7247 21.1955 35.5292 79.9105 132.322 74.159 40.7306 71.3626 53.5176 91.2864 81.1126 48.3621
internal_count=19256 3427 15829 5257 4839 3381 10572 703 10530 8715 7394 4136 255 2270 2004 488 1815 1422 1134 168 966 1111 1321 622 418 1037 883 1516 1426 1187
is_linear=0
shrinkage=0.05


Tree=113
num_leaves=31
num_cat=0
split_feature=10 11 0 5 7 4 8 6 0 9 5 8 8 9 8 0 4 8 7 5 8 5 4 7 9 10 4 5 4 8
split_gain=11.3057 8.05627 8.37945 7.79223 6.30025 5.43668 5.06423 4.87022 5.33972 5.5471 4.81497 4.56967 4.45264 4.2465 4.18361 3.90492 3.89858 5.25057 6.75345 3.81762 3.78207 3.75862 4.08328 3.51566 5.28671 7.58198 3.916 3.42001 3.94923 3.62335
threshold=1.5000000000000002 1.0000000180025095e-35 280.27556682458766 114.6425151868232 1.5000000000000002 152.70239899685254 0.36641356078293924 1.0000000180025095e-35 911.89367059962524 1.0000000180025095e-35 167.75028367864016 0.20113311776375345 0.16666937735140785 1.0000000180025095e-35 0.044777922291599867 264.95704224896832 158.28517812313302 0.056480712880063864 1.5000000000000002 806.60227976159217 0.43372464661974319 85.852756475344464 245.83366822610969 1.0000000180025095e-35 1.0000000180025095e-35 1.0000000180025095e-35 513.19282286928512 92.319946293244797 199.90569747306799 0.17781964193083633
decision_type=2 2 2 2 2 2 2 2 2 2 2 2 2 2 2 2 2 2 2 2 2 2 2 2 2 2 2 2 2 2
left_child=1 2 3 -1 5 11 23 14 9 16 -7 13 15 -3 -4 -12 -9 -18 20 -17 21 -19 -23 -5 26 -26 -25 -11 29 -29
right_child=-2 4 7 6 -6 10 -8 8 -10 27 12 -13 -14 -15 -16 19 17 18 -20 -21 -22 22 -24 24 25 -27 -28 28 -30 -31
leaf_value=-0.0030927462354809736 0.019628353654909027 -0.011301104460323834 -0.017917344045158955 -0.043244345698606051 0.057674307398652459 0.04255819935735182 0.00025404319217343859 -0.032849387476111283 0.033642177721965816 0.026247073648684255 -0.01771573769699689 0.011402758134195716 0.029605246592495939 0.0074364251019208797 0.02614218624357911 -0.0020343445643301941 -0.030998580907778052 0.0072332971019717146 0.054972137843002783 0.027133227227108897 0.035519765183521977 -0.042650799975267356 -0.0091625511452829069 -0.051088550376090815 -0.027926565708693386 0.039504910441159329 0.067879030065451346 -0.040419037461427117 0.0076178001495900349 0.002332191709574714
leaf_weight=69.618871289305389 70.850549857714213 97.952022448647767 6.7437071120366445 33.731989685678855 5.570654700510203 12.605575757101176 14.872135632438583 17.333415049710311 9.5368421543389541 15.885492569766937 16.946267325431108 55.552291745319963 20.553087339736521 43.739882556721568 26.79650092124939 26.380769038572907 20.129506842233241 28.268497874960303 4.7726780697703353 19.518835365772247 5.2345768436789504 10.800512127578257 57.901443528477103 12.062422384275123 10.860711202956738 6.7654547123238435 0.73379106260836202 9.6296265013515967 54.804038105532527 10.212494926527141
leaf_count=1538 1222 1114 66 6970 51 180 294 1139 57 109 129 376 209 277 205 221 711 207 26 151 37 615 950 1215 234 83 7 259 472 101
internal_value=0 -0.00129734 -0.00570654 -0.0152896 0.00499871 0.00399806 -0.0260345 -0.000583432 -0.00303429 -0.00452289 0.0137564 -0.000751598 0.00940306 -0.00551688 0.0172834 0.00279614 -0.0106049 -0.0075715 -0.00316333 0.0103692 -0.00587809 -0.00811279 -0.0144272 -0.0321287 -0.0198037 -0.00204433 -0.0442664 0.00518085 0.000697738 -0.0184155
internal_weight=0 725.514 426.695 148.645 298.819 293.249 79.0265 278.049 244.509 234.972 96.0045 197.244 83.399 141.692 33.5402 62.8459 144.441 127.107 106.978 45.8996 102.205 96.9705 68.702 64.1544 30.4224 17.6262 12.7962 90.5317 74.6462 19.8421
internal_count=19225 18003 15295 10341 2708 2657 8803 4954 4683 4626 890 1767 710 1391 271 501 3685 2546 1835 372 1809 1772 1565 8509 1539 317 1222 941 832 360
is_linear=0
shrinkage=0.05


Tree=114
num_leaves=31
num_cat=0
split_feature=7 8 6 11 4 6 4 10 5 4 5 0 8 11 4 3 2 8 8 4 4 6 5 0 3 1 11 0 5 0
split_gain=12.3305 8.31673 7.16399 7.05968 7.6895 5.32106 5.26932 5.42639 5.08071 4.99849 6.6623 4.82066 5.69013 4.15109 4.43883 6.22834 3.99684 3.9753 3.74566 5.06962 3.28794 4.89731 3.39774 3.25155 3.21272 3.10726 3.07248 4.89601 4.60265 4.37178
threshold=1.0000000180025095e-35 0.43372464661974319 1.0000000180025095e-35 1.0000000180025095e-35 178.25804837161283 1.0000000180025095e-35 71.463619781707749 2.5000000000000004 131.8323138609675 77.644487335899868 104.46919254021928 680.46374583134912 0.09254409457536103 1.0000000180025095e-35 124.02569848779112 70.054406919100302 2.5000000000000004 0.078268859396129251 0.048518701714561317 437.92023169105488 178.25804837161283 2.5000000000000004 76.412503577062253 318.78149770147076 112.96749319475967 2.5000000000000004 1.0000000180025095e-35 341.46250648926923 278.70031448388096 149.64798885897912
decision_type=2 2 2 2 2 2 2 2 2 2 2 2 2 2 2 2 2 2 2 2 2 2 2 2 2 2 2 2 2 2
left_child=1 2 26 6 8 -2 -4 9 -5 10 -8 12 -11 14 -7 -16 18 23 19 -17 21 -14 -22 -6 -15 -10 27 -1 -29 -28
right_child=5 -3 3 4 17 13 7 -9 25 11 -12 -13 20 24 15 16 -18 -19 -20 -21 22 -23 -24 -25 -26 -27 29 28 -30 -31
leaf_value=-0.0081807514262569291 0.073780031616076311 0.02356760389961533 -0.036533099081714308 0.0099123166397432558 -0.019153724774106477 -0.00832291840237466 0.10374672626078019 0.049024555652540484 -0.028539190693226236 -0.031724714132714188 -0.050611506836445032 0.0038042917381398474 -0.003241721201949889 0.016056785315899512 0.06534252793117043 -0.041119704263784668 0.026634669029658432 0.025658209521148015 0.0081757901866756702 0.01821996444443796 0.012306986193556271 -0.040166313204146237 -0.01099694802528412 0.013797385730216563 0.049327561670208797 -0.0076687271549515587 0.0060506470791140835 0.053990926859414284 0.0072462073807145911 0.061553014385119467
leaf_weight=31.561648163944483 3.3007051656022659 27.394259219057858 21.750026524474379 37.091770488768816 12.25388207472861 43.202060102135874 2.0508687633555378 3.7378445700742295 21.263858611695468 44.070466122706421 1.0605270706582812 36.261098894290626 16.412062712130137 56.491868240758777 4.9766844738041973 9.8288821263704431 22.233766599791124 33.851781991310418 60.023570703808218 5.6790395872667423 20.446276941336691 19.829289170214906 66.556870925123803 19.244245629757643 8.3250943226739746 110.57102394476533 7.9580454267561418 7.5733325444161919 17.284756546840072 6.4022425170987844
leaf_count=590 47 262 4456 279 87 1649 45 59 223 3358 342 272 961 406 105 169 240 368 647 40 138 1268 1595 145 130 1129 41 58 118 80
internal_value=0 -0.00330545 -0.00467574 -0.00692489 -0.000801352 0.0107872 -0.0131039 -0.0106822 -0.0064355 -0.0117619 0.0511333 -0.0127232 -0.0163051 0.00980066 0.00512431 0.0107787 0.00800121 0.0137627 0.00251619 -0.0193894 -0.0107913 -0.0234448 -0.00552038 0.000978242 0.0203301 -0.011035 0.0101465 0.00489088 0.0214876 0.0307952
internal_weight=0 564.626 537.232 466.452 234.277 214.062 232.175 210.425 168.927 206.687 3.1114 203.576 167.315 210.761 145.944 102.742 97.7653 65.3499 75.5315 15.5079 123.244 36.2414 87.0031 31.4981 64.817 131.835 70.78 56.4197 24.8581 14.3603
internal_count=19307 15874 15612 14725 2231 3433 12494 8038 1631 7979 387 7592 7320 3386 2850 1201 1096 600 856 209 3962 2229 1733 232 536 1352 887 766 176 121
is_linear=0
shrinkage=0.05


Tree=115
num_leaves=31
num_cat=0
split_feature=10 7 8 3 0 8 1 4 8 11 0 5 1 8 4 9 0 11 0 5 8 5 8 8 0 8 4 5 8 9
split_gain=11.0767 9.28019 6.50953 5.0046 4.72715 4.561 5.40838 4.45299 4.3417 4.79599 4.4855 3.54818 3.54293 3.52916 3.42246 3.40681 4.8518 5.14741 4.36116 4.87062 4.96435 4.49737 3.65912 3.53239 3.30216 3.23423 3.01298 3.98983 2.98433 3.15584
threshold=1.0000000180025095e-35 1.0000000180025095e-35 0.53795192865857411 18.277992167069382 768.91860587039787 0.24049502789834709 4.5000000000000009 29.623614697617786 0.18105322478456753 1.0000000180025095e-35 623.01225069308225 76.412503577062253 3.5000000000000004 0.03021541482501058 99.564419634282572 1.0000000180025095e-35 71.218383018426678 1.0000000180025095e-35 490.73192420107256 128.12254449838679 0.20951190999862482 344.23784737781438 0.057341221239804528 0.036032206972596952 375.93548737954421 0.11176481948657557 127.19406226566473 1133.2523746975376 0.15909574945980767 1.0000000180025095e-35
decision_type=2 2 2 2 2 2 2 2 2 2 2 2 2 2 2 2 2 2 2 2 2 2 2 2 2 2 2 2 2 2
left_child=1 2 8 -2 5 6 -3 -5 9 10 11 13 25 -1 -8 16 -9 18 19 -18 -21 -22 -20 -19 -11 -12 27 -10 29 -15
right_child=3 4 -4 7 -6 -7 14 15 26 24 12 -13 -14 28 -16 -17 17 23 22 20 21 -23 -24 -25 -26 -27 -28 -29 -30 -31
leaf_value=-0.058489344019804157 -0.017891176804841393 0.0054875200500767579 0.043533475631417656 0.060715557493123518 0.06452297855001117 0.023032901566149032 -0.039474254639784837 -0.061408616965185431 -0.0061307723851289839 -0.012179155195923753 -0.037666852678690764 -0.039975849656307315 0.022863472820303234 -0.023232273197988224 0.0010422066273616125 0.016383537285113322 0.0058222072485937509 -0.007634236267829434 -0.021054892952038575 -0.037068748192731808 -0.039826128951816982 0.0096761821110930638 0.020720975707101269 0.021219178256379225 0.010185945148395298 0.0079927046216815428 0.0031145686693457566 -0.042244243593131892 -0.062757001115683872 0.018886375324219284
leaf_weight=3.9965772610157755 18.3198976831045 88.854153780615889 5.7202563341706982 4.1130187121452755 3.3665034379810086 26.845993737690151 12.444991063210184 2.7464265993330619 44.963128423318267 87.84136258950457 9.2669551521539706 39.17862527188845 7.6360750920139244 8.1916702983435279 8.9680789649719355 89.347083938773721 37.73592306219507 12.923142064362763 6.3446755842305711 19.974250154336914 6.2106345968786654 17.564258493133821 30.14940134389326 59.19970900285989 20.322608008980751 6.669728427194058 77.045248507172801 9.2157236075727251 2.1461239466443649 9.7299937522038817
leaf_count=130 682 1505 46 118 36 331 347 145 1290 994 79 5710 94 348 129 1160 518 106 87 2255 151 387 260 498 185 54 1117 317 46 101
internal_value=0 -0.00478388 -0.00934298 0.00744406 0.00598831 0.00455113 5.15003e-05 0.00906517 -0.0102702 -0.0150025 -0.0237555 -0.0306941 -0.00513986 -0.0155827 -0.0225054 0.00831236 0.00457297 0.00552622 -0.000906653 -0.00734005 -0.0186932 -0.00325514 0.013458 0.0160492 -0.00797704 -0.0185577 -0.00323879 -0.0122736 -0.0070377 -0.000365301
internal_weight=0 472.404 331.924 304.628 140.48 137.113 110.267 286.309 326.204 194.98 86.8157 63.243 23.5728 24.0644 21.4131 282.196 192.848 190.102 117.979 81.4851 43.7491 23.7749 36.4941 72.1229 108.164 15.9367 131.224 54.1789 20.0678 17.9217
internal_count=19226 12859 10511 6367 2348 2312 1981 5685 10465 7741 6562 6335 227 625 476 5567 4407 4262 3658 3311 2793 538 347 604 1179 133 2724 1607 495 449
is_linear=0
shrinkage=0.05


Tree=116
num_leaves=31
num_cat=0
split_feature=10 7 6 6 6 11 3 8 8 0 0 8 1 4 9 4 7 1 6 10 8 8 9 8 0 4 2 2 8 7
split_gain=11.6633 7.78218 7.31135 5.65918 5.36736 5.24387 7.91452 6.86518 5.0564 6.96197 5.0063 4.84881 4.67729 4.3731 4.32216 5.48485 3.90597 3.46302 4.66222 4.07844 4.22801 3.35058 3.23383 4.93805 4.43778 4.31226 4.01734 3.58238 3.12437 3.28339
threshold=1.5000000000000002 1.0000000180025095e-35 1.0000000180025095e-35 1.0000000180025095e-35 7.5000000000000009 1.0000000180025095e-35 83.299248187733198 0.53795192865857411 0.2588759831718766 88.919057210269344 827.96897245814819 0.033936140192140293 5.5000000000000009 380.79465458720659 1.0000000180025095e-35 413.23037711599858 1.5000000000000002 4.5000000000000009 6.5000000000000009 1.0000000180025095e-35 0.26472829545199766 0.047767249101430771 1.0000000180025095e-35 0.033254501670402982 256.85939708907466 63.493326781594384 2.5000000000000004 2.5000000000000004 0.018063773727074624 1.5000000000000002
decision_type=2 2 2 2 2 2 2 2 2 2 2 2 2 2 2 2 2 2 2 2 2 2 2 2 2 2 2 2 2 2
left_child=1 3 -3 11 10 6 -5 12 13 -10 16 -1 14 22 15 -8 17 18 -4 20 -19 -18 23 -7 26 -25 -24 -27 -2 -30
right_child=28 2 4 5 -6 8 7 -9 9 -11 -12 -13 -14 -15 -16 -17 21 19 -20 -21 -22 -23 24 25 -26 27 -28 -29 29 -31
leaf_value=-0.024740631791263172 -0.019849340176618553 0.081821857864840905 0.0084598810716072833 -0.029218097074943536 -0.047651136007305736 -0.035297857558421138 -0.028268559159429135 0.074987304995756052 -0.025181801039227306 0.02769137848802344 0.068991971562344226 0.013555366855939072 0.033476121868880104 0.028327969241031481 -0.00038184600882765793 -0.003941773789045761 -0.008559604923915139 -0.03501379353358576 -0.042093605388593802 0.012718930222895509 0.023535937265241572 0.032204236510537443 0.0074433529057340436 -0.028790923264195752 0.033123967860948726 -0.0095605955852800621 -0.027005161289145499 0.011463564858398893 0.01994250448247355 0.06793193166681985
leaf_weight=9.5800618124194425 4.6055372827686361 3.1952243358828119 118.05933023127727 53.365232609270606 4.6247630674624807 17.799941884353757 50.088016151101328 2.5071349386125794 8.048050254583357 27.498291703872383 3.1884490353986612 60.235393171431497 6.4205749968532464 9.4161015497520548 67.22637659101747 43.115616713650525 6.5472556035965708 17.51200144097675 4.7439520199550307 11.072873804252593 3.7422896809875956 21.910307617858052 26.479832757264376 18.612800505477935 10.455192582681773 59.080741419456899 12.4388580173254 30.837149648927152 59.981214218540117 3.7894518170505753
leaf_count=154 95 44 2036 7533 79 243 2775 17 47 225 33 693 96 131 841 584 63 429 69 191 57 225 156 389 105 513 72 254 1081 27
internal_value=0 -0.00170299 0.00681119 -0.00493139 0.00555898 -0.00701484 -0.0124272 -0.00713637 -0.00155202 0.0157204 0.00687651 0.0083004 -0.00837038 -0.00486862 -0.0100451 -0.0170151 0.00579772 0.00267407 0.00650697 -0.0118862 -0.0247048 0.0228257 -0.00664764 -0.0108883 0.00420268 -0.0068849 -0.00356679 -0.0023504 0.0199219 0.0227942
internal_weight=0 707.802 194.596 513.205 191.401 443.39 222.723 169.358 220.667 35.5463 186.776 69.8155 166.851 185.121 160.43 93.2036 183.588 155.13 122.803 32.3272 21.2543 28.4576 175.705 126.331 49.3739 108.531 38.9187 89.9179 68.3762 63.7707
internal_count=19257 18054 3226 14828 3182 13981 11846 4313 2135 272 3103 847 4296 1863 4200 3359 3070 2782 2105 677 486 288 1732 1399 333 1156 228 767 1203 1108
is_linear=0
shrinkage=0.05


Tree=117
num_leaves=31
num_cat=0
split_feature=9 0 7 0 11 5 11 0 6 5 10 5 10 5 3 0 11 4 6 3 4 3 3 6 4 7 10 1 6 0
split_gain=9.15822 7.49429 6.27322 5.49279 4.93509 4.72143 6.18715 5.05996 4.66064 4.55339 6.46526 4.58107 4.39744 3.75576 5.16691 3.53944 5.9287 4.00858 4.39271 4.15193 3.76451 4.47036 4.32142 3.49239 3.97722 3.23425 3.15792 3.95472 3.82043 3.97044
threshold=1.0000000180025095e-35 911.89367059962524 1.0000000180025095e-35 196.32490489832685 1.0000000180025095e-35 45.178836935987896 1.0000000180025095e-35 399.34187962649838 1.5000000000000002 114.6425151868232 2.5000000000000004 2808.4062165847231 1.0000000180025095e-35 101.15873163407757 160.54470175603566 476.72809421571384 1.0000000180025095e-35 76.14441055498294 1.5000000000000002 63.636083935979968 135.47297050694061 60.229724756908006 27.601046486470768 1.0000000180025095e-35 245.83366822610969 1.5000000000000002 1.0000000180025095e-35 4.5000000000000009 3.5000000000000004 427.31659047492309
decision_type=2 2 2 2 2 2 2 2 2 2 2 2 2 2 2 2 2 2 2 2 2 2 2 2 2 2 2 2 2 2
left_child=1 2 3 4 -1 8 7 -7 -5 -2 11 15 -8 14 -4 16 17 25 19 -19 21 22 -18 -9 -25 -11 27 -15 -28 -30
right_child=9 -3 13 5 -6 6 12 23 -10 10 -12 -13 -14 26 -16 -17 20 18 -20 -21 -22 -23 -24 24 -26 -27 28 -29 29 -31
leaf_value=-0.035764363634527341 0.021447889958745039 0.043634600840139252 0.01133611673631877 0.049314500086878876 -0.010123031136053187 -0.028128084477725347 -0.0039712962360547886 0.014726459262135221 0.0046252550100003694 -0.041173539192224079 0.07243165408040024 0.0619398018763751 0.017063500864366643 0.00068501225932469934 0.063530701792219507 0.017406698999626321 -0.0064952806891300013 0.066994486071505349 -0.010871124747097376 0.0062752563466939486 0.038310593254504643 -0.027465326714928753 0.027023492614934946 -0.038681601297388513 -0.0054234369992267224 0.030339905855862999 -0.0034114197324999415 -0.028318067440299723 0.013984037134916825 0.06164762164999088
leaf_weight=25.166275382915046 59.732473133131862 8.7629535607993585 27.604176321066916 7.5634789098985484 73.777098019141704 39.140643229824491 75.297459522262216 16.037408420816064 25.517097339732572 12.650052153039722 3.5566505044698706 3.3954303835052988 37.082909937947989 61.647386026917957 5.7249148143455377 36.002998166717589 16.44605846144259 3.3608766102697727 55.257104615913704 17.346136835636571 11.235476318746803 8.1960949096828681 23.153834832832217 11.01814324618317 48.816793096018955 1.8068454712629307 21.276419122004882 14.522269485518335 17.492516116239134 5.8239068035036317
leaf_count=5207 593 59 314 81 930 3479 625 92 292 1024 24 69 285 1215 50 313 106 68 1109 226 140 57 146 616 833 19 383 380 339 44
internal_value=0 -0.00221501 -0.00299743 -0.00661595 -0.0166449 -0.00280636 -0.00537393 -0.0135266 0.0148429 0.00938858 0.0056448 0.00438699 0.0029697 0.00544275 0.0203015 0.00333328 -5.69951e-05 -0.00810346 -0.00351081 0.0161304 0.0122681 0.00614628 0.013103 -0.00599402 -0.0115477 -0.0322357 0.00134189 -0.00484462 0.0119092 0.0258893
internal_weight=0 522.272 513.509 359.417 98.9434 260.474 227.393 115.013 33.0806 252.14 192.408 188.851 112.38 154.092 33.3291 185.455 149.452 90.421 75.9641 20.707 59.0315 47.796 39.5999 75.8723 59.8349 14.4569 120.762 76.1697 44.5928 23.3164
internal_count=19118 15224 15165 12440 6137 6303 5930 5020 373 3894 3301 3277 910 2725 364 3208 2895 2446 1403 294 449 309 252 1541 1449 1043 2361 1595 766 383
is_linear=0
shrinkage=0.05


Tree=118
num_leaves=31
num_cat=0
split_feature=8 10 0 11 5 0 11 9 4 5 8 2 3 5 8 3 5 7 8 11 5 0 0 8 7 11 4 4 2 8
split_gain=8.71168 6.24764 5.54969 4.80836 5.1044 5.26786 4.06483 4.32945 3.88161 4.58385 6.5418 4.45388 3.79816 3.64171 3.67122 3.60183 3.45749 3.27194 3.1398 3.58269 3.74777 3.83674 3.10677 3.86642 3.38296 3.87509 5.35883 3.94922 5.23897 3.34519
threshold=0.051800994285479386 1.0000000180025095e-35 227.81652570205446 1.0000000180025095e-35 121.09753853507672 464.10412329640269 1.0000000180025095e-35 1.0000000180025095e-35 489.92807578846288 121.09753853507672 0.45491259551831259 3.5000000000000004 61.877703320699204 185.35763590587095 0.17960047533826948 169.06560884661241 878.87492720187743 1.5000000000000002 0.050171021918386544 1.0000000180025095e-35 20.77858595524712 705.37169474384621 490.73192420107256 0.34976421806381913 1.5000000000000002 1.0000000180025095e-35 71.463619781707749 79.332797161588118 2.5000000000000004 0.055668677606685264
decision_type=2 2 2 2 2 2 2 2 2 2 2 2 2 2 2 2 2 2 2 2 2 2 2 2 2 2 2 2 2 2
left_child=18 2 6 4 5 12 8 -8 9 10 11 -2 -4 -5 16 -14 -15 -6 19 20 -1 -22 23 24 25 26 29 28 -28 -3
right_child=1 22 3 13 17 -7 7 -9 -10 -11 -12 -13 15 14 -16 -17 -18 -19 -20 -21 21 -23 -24 -25 -26 -27 27 -29 -30 -31
leaf_value=0.015953718536268729 -0.020957686728176599 0.081208754173357323 0.036746931339042492 0.042401991669432058 -0.0083485292141443242 0.036636233555410382 -0.0092037053022626727 0.01546392835853549 0.094851381269449739 -0.037446162801131833 0.085351187087694708 0.051338706181830729 -0.018650261404148837 -0.013513466290915561 0.026965567557064286 0.022592090003860425 0.019322774504460086 0.025106664496086735 -0.052718268590751606 -0.001842064633532114 -0.026106665930160797 0.0084055634473253673 0.021978274271631616 0.025894138856624973 0.037257554496841053 0.011672918308286831 -0.00054596579903619272 -0.00091115009785570867 0.13065099101551131 -0.035654365532319494
leaf_weight=7.6194149972870937 22.311763372854337 0.63873592286836256 6.1493606125004581 10.377807091455905 114.73439310712274 15.824696925934402 66.175888212863356 24.326349628157914 0.72325617447495361 24.368502465775236 1.7740873955190171 2.3551947657251722 18.648485007113781 19.714372565969825 19.969331458210945 7.3924623173661521 13.51064339186996 7.80551585368812 4.2630666866316451 79.039301445707679 55.624300838331692 9.4161991998553258 39.709892638493329 23.009011565009132 7.3543023066595188 68.765682235360146 1.7442976628663012 78.083123649936169 1.349702268023975 14.828238621586932
leaf_count=120 662 45 78 132 2869 134 706 163 4 3848 10 69 263 185 181 65 115 49 145 718 3993 61 403 241 67 570 88 1943 49 1217
internal_value=0 0.00283962 -0.00115863 0.00357167 -0.000802988 0.0130155 -0.00895594 -0.00257322 -0.0201653 -0.0218025 -0.0073851 -0.0140548 0.0014036 0.0153082 0.0100225 -0.00694245 -0.000160915 -0.00621751 -0.0103986 -0.00920937 -0.0172235 -0.0211102 0.00922646 0.00663993 0.00407562 0.00260032 -0.00385516 0.00128413 0.0566864 -0.0308283
internal_weight=0 611.645 376.162 234.127 170.555 48.015 142.035 90.5022 51.5328 50.8095 26.441 24.667 32.1903 63.5722 53.1943 26.0409 33.225 122.54 155.962 151.699 72.6599 65.0405 235.483 195.773 172.764 165.41 96.6441 81.1771 3.094 15.467
internal_count=19193 14156 9533 4071 3458 540 5462 869 4593 4589 741 731 406 613 481 328 300 2918 5037 4892 4174 4054 4623 4220 3979 3912 3342 2080 137 1262
is_linear=0
shrinkage=0.05


Tree=119
num_leaves=31
num_cat=0
split_feature=9 7 8 4 11 5 6 5 6 8 11 5 4 0 4 10 8 8 5 4 5 5 0 10 5 5 4 8 1 4
split_gain=8.94415 6.1013 6.293 4.5213 6.49772 6.1934 4.7998 5.2305 4.10307 4.07208 4.1881 5.26616 4.86424 5.06856 4.8283 4.81522 4.27224 4.61798 4.17579 3.82901 3.78146 5.26287 4.18952 3.80681 3.75376 3.67875 5.18122 5.79255 4.88752 3.95509
threshold=1.0000000180025095e-35 1.0000000180025095e-35 0.25570061027820162 413.23037711599858 1.0000000180025095e-35 92.319946293244797 1.0000000180025095e-35 50.956593912618509 1.0000000180025095e-35 0.38856892835609974 1.0000000180025095e-35 143.22014379982554 256.53611719696772 680.46374583134912 158.28517812313302 2.5000000000000004 0.066032522230732443 0.036032206972596952 111.04897398867058 18.565317085380222 707.34579365831848 642.17083028219054 659.79922001898865 1.5000000000000002 20.77858595524712 878.87492720187743 155.50351448904914 0.19667434382226454 3.5000000000000004 57.332200433447888
decision_type=2 2 2 2 2 2 2 2 2 2 2 2 2 2 2 2 2 2 2 2 2 2 2 2 2 2 2 2 2 2
left_child=1 2 3 4 5 -1 -6 -8 -2 10 12 -12 13 15 16 18 17 -13 -10 -3 21 22 23 -21 -4 28 27 -27 -9 -30
right_child=8 19 24 -5 6 -7 7 25 9 -11 11 14 -14 -15 -16 -17 -18 -19 -20 20 -22 -23 -24 -25 -26 26 -28 -29 29 -31
leaf_value=-0.0093368386400569589 0.02925969551788939 -0.05119620647405846 0.050480439201704558 0.0040588879340716704 0.025000653140724406 -0.038251236681348597 0.02292204970889105 -0.028256963850767924 0.003851381752249694 0.038117152329640136 0.05716481690385801 0.010280021108630209 0.012528708928844366 0.065297884296779615 0.047467282593108256 0.060288231626668659 0.018244068986493601 -0.036822724375985542 -0.017449026896026572 0.0037557350357117999 -0.0042640725568752593 0.060435860797386304 0.051651433457844911 0.038855595130927505 0.0027609676640320915 -0.035875323994085856 0.021293362988361632 0.032484670482050962 -0.035649355925018673 0.0026251582222403301
leaf_weight=34.183267480460927 22.480471699032933 2.8828426451655096 4.3139366004616013 47.199523743474856 10.926779823377727 40.417664144653827 11.432473795488475 49.364505326375365 38.052083140704781 10.001101513393222 7.0349420756101599 11.167729675769808 59.782567890360951 2.4694567918777457 7.9348295023664823 2.5723697133362284 27.819198714569211 9.7434841543436033 58.203956566401757 79.302412489661947 49.729006239096634 5.4420414898777372 5.6342278812080613 8.5585411768406612 92.203048989758827 12.050186314620079 16.848679065704346 4.1717014741152516 8.4455911242403072 33.610884136520326
leaf_count=1004 190 135 37 683 87 7663 93 480 395 98 114 58 514 17 124 18 193 53 2130 1395 989 104 47 90 1638 259 115 32 195 274
internal_value=0 -0.0025568 -0.00605693 -0.00999117 -0.0129858 -0.0250022 -0.00688132 -0.00944428 0.00885331 0.00689939 0.00551043 0.0163634 0.00121854 -0.00545634 0.011298 -0.0072243 0.0054085 -0.0116673 -0.00902852 0.00587703 0.00698375 0.0126373 0.00985507 0.00717481 0.00489384 -0.0124166 0.00187408 -0.0182955 -0.0175861 -0.00506096
internal_weight=0 516.717 365.168 268.651 221.452 74.6009 146.851 135.924 257.262 234.782 224.781 63.7002 161.08 101.298 56.6652 98.8284 48.7304 20.9112 96.256 151.549 148.666 98.9372 93.4952 87.861 96.517 124.492 33.0706 16.2219 91.421 42.0565
internal_count=19224 15320 12560 10885 10202 8667 1535 1448 3904 3714 3616 542 3074 2560 428 2543 304 111 2525 2760 2625 1636 1532 1485 1675 1355 406 291 949 469
is_linear=0
shrinkage=0.05


Tree=120
num_leaves=31
num_cat=0
split_feature=10 5 11 0 8 9 8 8 4 8 10 0 6 0 6 0 4 1 1 2 6 5 1 5 2 1 8 4 8 3
split_gain=6.88615 5.54906 4.99421 8.13428 6.44053 5.31793 4.90134 3.77868 3.76854 4.41837 3.6106 3.56691 3.554 3.50344 3.42345 3.67612 6.44365 3.85056 4.37397 3.72215 6.91145 6.02358 5.3422 4.14898 3.21725 3.20987 4.47468 4.11033 3.11058 2.95982
threshold=1.0000000180025095e-35 48.189108096727203 1.0000000180025095e-35 227.81652570205446 0.2588759831718766 1.0000000180025095e-35 0.21604398821648463 0.047767249101430771 468.65412103367095 0.38856892835609974 2.5000000000000004 528.34784060779043 1.0000000180025095e-35 827.96897245814819 1.0000000180025095e-35 350.31167903817521 286.98061637840243 4.5000000000000009 1.5000000000000002 1.5000000000000002 3.5000000000000004 878.87492720187743 3.5000000000000004 250.18609743113214 4.5000000000000009 3.5000000000000004 0.11393095219661491 268.59289033940507 0.1274462997427068 34.109983005406001
decision_type=2 2 2 2 2 2 2 2 2 2 2 2 2 2 2 2 2 2 2 2 2 2 2 2 2 2 2 2 2 2
left_child=1 11 3 6 14 8 -3 29 9 24 12 -1 -9 -14 -4 17 -17 18 -16 21 23 -20 28 -21 -5 26 -7 -27 -22 -2
right_child=7 2 4 5 -6 25 -8 10 -10 -11 -12 -13 13 -15 15 16 -18 -19 19 20 22 -23 -24 -25 -26 27 -28 -29 -30 -31
leaf_value=0.0069388944558769344 -0.035538364144492754 -0.049433693828473471 0.026705774078288048 -0.026776441029134946 0.023624400158168704 -0.023259657108856965 -0.014626345611064387 0.027161032962510212 0.00082141495111127678 0.012429830342959131 0.041978172059082525 0.047105007475349847 0.0054411999491544008 0.061798073952813073 -0.030472668194246839 -0.0016773088170125583 0.051537926382053949 -0.026415258796348429 -0.0019044628755152801 0.0022199692388428448 -0.021535530247678361 0.052984593283787566 0.042584835916369357 -0.033086124772213954 0.065047102608081345 0.01114258438009051 0.0099039807662347976 0.070566031695470502 0.024792743109934959 -0.00070167342396932827
leaf_weight=52.989314243197441 6.9392395425238638 18.791132338403258 9.098773052915929 55.962611844181083 26.106132878921926 17.131880168337375 21.901691793929785 22.372715336736292 32.145878811134025 9.0330536370165628 8.2011347003281099 6.170989714562892 206.3956614008639 2.7950038742274037 13.784584422130136 26.430156083777547 7.2486482337117186 24.923409107606858 13.991888785734774 12.989297977183012 9.8725173762068135 7.7762010009028009 9.7929451963864267 23.153696782421321 0.9704717454733317 22.745941785862673 25.034483021590859 3.3369815926998845 5.7237903792411098 50.24765603110427
leaf_count=776 425 4645 68 2956 223 252 1131 243 398 76 113 52 4401 33 104 178 121 303 139 96 117 65 90 278 48 390 234 27 51 1126
internal_value=0 -0.00315928 -0.00528338 -0.0106617 0.000550259 -0.00576025 -0.0306997 0.00662005 -0.0132162 -0.0200569 0.00937462 0.0111286 0.00821992 0.00619419 -0.00310525 -0.00484749 0.00977614 -0.00888415 -0.00438361 -6.63732e-05 -0.00635278 0.0177035 0.0136408 -0.0203976 -0.0252112 0.00495808 -0.00357016 0.0187451 -0.00453322 -0.00492887
internal_weight=0 457.106 397.946 207.054 190.892 166.361 40.6928 296.951 98.112 65.9661 239.765 59.1603 231.563 209.191 164.786 155.687 33.6788 122.008 97.0849 83.3003 61.5322 21.7681 25.3893 36.143 56.9331 68.2493 42.1664 26.0829 15.5963 57.1869
internal_count=19159 12818 11990 10157 1833 4381 5776 6341 3478 3080 4790 828 4677 4434 1610 1542 299 1243 940 836 632 204 258 374 3004 903 486 417 168 1551
is_linear=0
shrinkage=0.05


Tree=121
num_leaves=31
num_cat=0
split_feature=5 9 7 6 11 0 0 10 3 11 4 0 10 1 4 5 6 3 7 10 5 5 5 5 3 3 0 6 5 9
split_gain=8.51372 7.62448 5.76253 6.77773 5.01095 4.99512 4.55789 4.95127 4.13299 5.35455 5.81149 5.33811 3.72481 5.16374 5.06132 3.49589 3.10108 2.86405 2.73393 3.13515 2.62323 2.60933 4.13344 3.06021 2.75066 4.13381 2.60344 2.88626 2.56542 2.4834
threshold=36.527792906342476 1.0000000180025095e-35 1.0000000180025095e-35 1.0000000180025095e-35 1.0000000180025095e-35 201.91403835492954 134.55865334122498 1.0000000180025095e-35 602.67791809631092 1.0000000180025095e-35 370.07581632509863 266.60721225781668 1.5000000000000002 3.5000000000000004 167.27843093957443 851.98675350790995 2.5000000000000004 255.6279940121797 1.5000000000000002 1.0000000180025095e-35 199.25976317265409 107.51752735086231 790.24550732873706 629.32783279274292 97.200304285376049 59.123655937389124 503.97420885567027 1.5000000000000002 427.34424137179263 1.0000000180025095e-35
decision_type=2 2 2 2 2 2 2 2 2 2 2 2 2 2 2 2 2 2 2 2 2 2 2 2 2 2 2 2 2 2
left_child=26 2 3 17 5 -4 -3 -8 9 11 12 -5 13 21 -15 16 -7 -2 19 -18 -6 -11 23 28 25 -24 27 -1 -23 -29
right_child=1 6 4 8 20 15 7 -9 -10 10 -12 -13 -14 14 -16 -17 18 -19 -20 -21 -22 22 24 -25 -26 -27 -28 29 -30 -31
leaf_value=0.033556159982262843 0.0043055202148705764 -0.0083867422586948372 -0.03185529785416976 -0.044746904061268189 0.038988157054143324 0.02772934596915367 0.0025760196362244682 0.019599113914341965 0.035634973824324567 0.0011746260265514123 0.031555277550111352 -0.016530118554743897 0.016650457543796706 -0.0090319155782077609 0.025673168302400268 -0.017849921557685607 -0.023798433446780301 0.04752693285490505 0.024994084894225634 0.0094491911376423099 0.0096313595398942464 -0.037452966283682054 -0.025124302998567584 -0.067436475133848345 -0.024220416761514037 0.039544485308718062 0.044372497910694732 -0.00019405641464246518 -0.0058094719177117348 0.023402779264957044
leaf_weight=13.305440136697142 40.432394028175622 48.373626378248446 14.271331215277312 21.382319201598875 9.2315319105982763 13.746492568519896 115.57469563744962 67.756963666062802 4.3631744123995295 10.613601418212054 8.8249996919184905 77.561592515965458 11.974183298647402 58.839272207580507 12.788938226178287 18.673988616792485 14.479692452470774 4.2342563625425091 8.3747310973703843 13.894358383025972 43.309727171435952 24.964699788019061 4.4233554969541746 6.2506660334765902 12.398766003549097 5.5992424478754401 7.2742648795247069 34.602616154123098 8.6156658013351244 16.451216920278966
leaf_count=152 627 1153 1103 6221 74 211 1730 828 39 73 127 3294 88 672 90 346 310 28 56 163 314 247 92 68 91 66 63 527 103 155
internal_value=0 -0.0021017 -0.00590132 -0.00963224 0.00269375 -0.00492267 0.00526532 0.00886753 -0.0126314 -0.0134284 -0.00792153 -0.0226279 -0.0101481 -0.0123688 -0.00283546 0.000634201 0.00746994 0.00840277 -0.000108434 -0.00751756 0.0147894 -0.0217403 -0.0256471 -0.0353136 -0.00847486 0.0110037 0.0160197 0.0128151 -0.0293342 0.00740962
internal_weight=0 680.954 449.249 313.267 135.982 83.4406 231.705 183.332 268.6 264.237 165.293 98.9439 156.468 144.494 71.6282 69.1693 50.4953 44.6667 36.7488 28.3741 52.5413 72.866 62.2524 39.831 22.4214 10.0226 71.6335 64.3593 33.5804 51.0538
internal_count=19111 18214 14503 11926 2577 2189 3711 2558 11271 11232 1717 9515 1590 1502 762 1086 740 655 529 473 388 740 667 418 249 158 897 834 350 682
is_linear=0
shrinkage=0.05


Tree=122
num_leaves=31
num_cat=0
split_feature=8 6 7 0 11 9 3 11 0 5 0 8 7 9 8 5 8 4 8 5 0 0 5 0 0 5 8 3 4 6
split_gain=8.05897 7.80441 7.93825 5.63921 4.82078 4.78859 5.5596 5.85084 4.80401 4.90494 4.54767 4.35224 6.32263 4.28803 4.13532 4.05735 4.0846 4.32747 4.04903 3.56644 3.4199 5.72507 3.50306 4.7633 3.33594 3.31344 3.21538 3.17004 3.08699 2.96986
threshold=0.38856892835609974 1.0000000180025095e-35 1.0000000180025095e-35 640.9583196547203 1.0000000180025095e-35 1.0000000180025095e-35 17.875325368536185 1.0000000180025095e-35 276.16491092255688 131.8323138609675 528.34784060779043 0.16372543332077547 2.5000000000000004 1.0000000180025095e-35 0.12985840016300579 82.404682532486291 0.24980761144193478 58.635596182877343 0.1274462997427068 322.65862276900674 227.81652570205446 248.85402381056275 107.51752735086231 336.08512346908458 38.548324247180339 199.25976317265409 0.18402512956117631 271.60196667190144 353.56221348967688 5.5000000000000009
decision_type=2 2 2 2 2 2 2 2 2 2 2 2 2 2 2 2 2 2 2 2 2 2 2 2 2 2 2 2 2 2
left_child=1 27 5 4 11 6 -3 8 -8 14 15 12 20 25 -10 -9 17 -17 -7 -18 24 -22 -23 -24 -4 -6 -13 -1 -20 -25
right_child=-2 2 3 -5 13 18 7 10 9 -11 -12 26 -14 -15 -16 16 19 -19 28 -21 21 22 23 29 -26 -27 -28 -29 -30 -31
leaf_value=0.011702260377287685 0.019447243124810415 -0.046764949192640765 0.038170545236743868 0.038200784144595455 0.033890251953721785 -0.007567212830879644 -0.040473599823656163 0.018193571451967438 -0.014155511627949192 -0.024095928794090976 0.037315799768854845 0.042054481542429412 0.075538632775347003 0.051243274622305081 0.017900143492124682 -0.047520300161936896 0.036588058684859523 -0.0094370937010250962 0.0038181752067629436 -0.0033218244918957482 0.057646614267427281 0.011510189176508125 -0.049649877269195439 -0.016083633694860811 -0.039247264441087198 0.003512894159268855 0.003583717869741267 0.056560766299244093 0.031076983358262641 0.027460901982054101
leaf_weight=65.098477003863081 49.01164818694815 10.456762554415034 1.5240138820372546 12.024597847834228 11.203797328285871 85.401562653831206 20.127184241253417 16.55762142688036 24.091299785650335 49.4965197762358 6.5847873510792843 6.1499568400904527 2.0569578595459452 6.9249279918149105 17.275585675379261 8.0639712805859727 8.4416469819843787 99.504746776539832 62.024022120516747 16.616059446707368 3.2152862534858277 12.576818146742879 9.4456105123972502 22.106168591417376 16.000687039399054 45.160430238582194 46.484910265076905 4.1919613499194375 12.47539025172591 4.7585804229602209
leaf_count=877 518 1210 91 111 98 1744 5556 140 377 2691 103 109 15 113 170 235 54 887 1064 108 95 103 273 299 1031 305 604 33 96 41
internal_value=0 -0.00151964 -0.00325375 0.00500722 0.00287971 -0.00702656 -0.0110011 -0.00959923 -0.0183716 -0.0134758 -0.00334862 -0.00283901 -0.0108555 0.014113 -0.00076847 -0.0051435 -0.00805699 -0.012292 -0.000135932 0.0101233 -0.0134078 -0.00698113 -0.0112317 -0.0191088 -0.0325147 0.00955115 0.00807871 0.0144161 0.00838283 -0.00837055
internal_weight=0 706.04 636.75 199.633 187.608 437.117 277.216 266.759 110.991 90.8634 155.769 124.319 71.6841 63.2892 41.3669 149.184 132.626 107.569 159.901 25.0577 69.6272 52.1025 48.8872 36.3104 17.5247 56.3642 52.6349 69.2904 74.4994 26.8647
internal_count=19151 18633 17723 3288 3177 14435 11531 10321 8794 3238 1527 2661 1948 516 547 1424 1284 1122 2904 162 1933 811 716 613 1122 403 713 910 1160 340
is_linear=0
shrinkage=0.05


Tree=123
num_leaves=31
num_cat=0
split_feature=10 8 5 7 7 5 9 8 4 6 2 2 3 5 8 4 5 6 4 7 11 4 11 4 11 4 1 5 3 3
split_gain=9.02362 6.75211 4.66033 4.09331 3.88295 3.63496 3.29399 4.46234 3.21045 4.54551 6.18599 4.11572 3.90716 5.3507 4.81143 3.46698 3.05915 3.61194 3.97164 3.62353 3.45731 5.06991 2.95968 4.34669 2.93063 5.01467 3.60593 3.5089 3.41351 3.37226
threshold=1.0000000180025095e-35 0.13876481905034913 146.89441876424289 1.5000000000000002 1.5000000000000002 12.195997500864246 1.0000000180025095e-35 0.24980761144193478 286.98061637840243 5.5000000000000009 2.5000000000000004 1.5000000000000002 146.54960854638065 714.05497808313839 0.0095710945550714979 249.55925691351732 2358.4341417416895 1.0000000180025095e-35 158.28517812313302 1.0000000180025095e-35 1.0000000180025095e-35 197.93595438604038 1.0000000180025095e-35 62.768335843661987 1.0000000180025095e-35 118.38923036130409 1.5000000000000002 48.189108096727203 74.565981643277183 50.019881414178876
decision_type=2 2 2 2 2 2 2 2 2 2 2 2 2 2 2 2 2 2 2 2 2 2 2 2 2 2 2 2 2 2
left_child=1 4 22 5 24 -2 16 -8 9 12 11 -11 14 15 -7 -14 17 18 -4 -19 21 -21 23 -3 27 28 -27 -1 29 -26
right_child=3 2 6 -5 -6 8 7 -9 -10 10 -12 -13 13 -15 -16 -17 -18 19 -20 20 -22 -23 -24 -25 25 26 -28 -29 -30 -31
leaf_value=-0.0016116801421733403 0.03482332282193467 -0.021046256175678364 0.057482232354475332 0.03507465319650329 0.015884643492343056 -0.043791764274694611 -0.0055291900603715053 0.024608955827994217 0.013919380338866756 -0.0044691760585780184 0.016471124204926656 -0.074859885678041554 -0.062390239543783699 0.018673503120070666 0.0071515921756428614 -0.0070373611857501911 -0.042505272729287405 -0.014270898500317245 -0.0036507718878704765 -0.044370534344839278 0.031675767808502425 0.011496775758914401 0.037636634028042702 0.015422926247470527 -0.021346667318780661 -0.024561476398920468 0.0086712346930166561 -0.024109393444010495 -0.057331511124623452 0.0066886082782000858
leaf_weight=22.839574592886493 10.262935112696139 10.109322526550384 4.5666411530692113 12.296605647541581 13.136301770340649 4.7660126667469731 27.134250920964405 22.438545070821419 68.152864325791597 3.1731878887512703 5.5122933327802448 6.0091263970825821 6.6717921009985748 6.186615719809196 168.46391907741781 4.9112356938421726 5.8463216070085755 72.842827304499224 6.3526812698692083 5.818801840767267 9.3496026303619164 13.442163370084016 10.381335471291093 42.601055660052225 39.069683686364442 9.7451390018686634 50.262889713048935 71.865006876410916 4.8774536978453389 14.785648556426166
leaf_count=438 99 257 104 106 141 184 487 275 815 114 137 169 85 80 4496 56 135 2420 48 331 81 103 112 509 493 81 422 6113 39 141
internal_value=0 -0.00436773 0.00164991 0.00683145 -0.0104996 0.00560905 -0.00270604 0.00811249 0.00451419 0.00139796 -0.0253991 -0.0505345 0.0034596 -0.0188688 0.00575001 -0.0389205 -0.00724257 -0.00540799 0.0219161 -0.00834884 0.00672877 -0.00538092 0.0132345 0.0084285 -0.0121234 -0.00689112 0.00327433 -0.0186837 -0.0172773 -0.0136498
internal_weight=0 457.465 230.884 296.407 226.582 284.11 167.792 49.5728 273.847 205.694 14.6946 9.18231 191 17.7696 173.23 11.583 118.219 112.373 10.9193 101.453 28.6106 19.261 63.0917 52.7104 213.445 118.741 60.008 94.7046 58.7328 53.8553
internal_count=19071 12730 4862 6341 7868 6235 3984 762 6136 5321 420 283 4901 221 4680 141 3222 3087 152 2935 515 434 878 766 7727 1176 503 6551 673 634
is_linear=0
shrinkage=0.05


Tree=124
num_leaves=31
num_cat=0
split_feature=6 9 7 0 11 0 8 6 8 3 0 5 8 11 3 5 1 0 2 3 11 7 3 0 10 3 5 8 3 7
split_gain=9.63403 5.66633 5.16569 5.24425 5.77544 6.81683 7.33331 4.52446 4.50025 4.68677 4.37506 4.15832 4.1032 4.83246 4.02033 3.95184 4.6357 3.90019 3.74082 3.63395 3.33513 4.0871 4.30266 3.32923 3.38684 4.01193 3.54115 6.22024 5.37113 4.06804
threshold=1.0000000180025095e-35 1.0000000180025095e-35 1.5000000000000002 65.413226804386213 1.0000000180025095e-35 659.79922001898865 0.13545824427792982 6.5000000000000009 0.38856892835609974 225.53148304913233 199.26837712286235 95.575446342287478 0.23282356440462168 1.0000000180025095e-35 271.60196667190144 82.404682532486291 1.5000000000000002 194.79847380687218 1.5000000000000002 150.11752222297039 1.0000000180025095e-35 1.0000000180025095e-35 27.601046486470768 705.37169474384621 1.0000000180025095e-35 271.60196667190144 199.25976317265409 0.11744059274174178 81.677430362701855 1.0000000180025095e-35
decision_type=2 2 2 2 2 2 2 2 2 2 2 2 2 2 2 2 2 2 2 2 2 2 2 2 2 2 2 2 2 2
left_child=14 2 3 -2 5 6 11 10 9 15 -8 19 20 -14 -1 17 -17 -6 -7 -5 23 22 -22 24 -3 26 27 28 -26 -28
right_child=1 12 -4 4 8 18 7 -9 -10 -11 -12 -13 13 -15 -16 16 -18 -19 -20 -21 21 -23 -24 -25 25 -27 29 -29 -30 -31
leaf_value=0.014896567661170271 -0.030122193710252033 -0.013534400276365727 0.017633857639723201 -0.034510402153300181 0.0029085251168132066 0.031682463542912064 -0.028670233161620585 -0.057278489729342366 0.044029899303113192 0.034484882271516998 -0.00092100013673583614 -0.045337948080856505 0.012460439820966668 0.062267018819831925 0.065073245530341314 -0.037760959586264339 -0.0019413690634434108 0.050839863494051098 -0.0019481700270870415 0.0023951828496039632 -0.016927859552381633 0.049930663980442158 0.015162788817498236 0.029026531254708682 -0.03827956177793846 0.049286971623045184 -0.029609086500255739 0.052753707489437834 0.026479900531444906 0.011445359861366541
leaf_weight=70.567086743423715 20.949843972513918 59.380158615065739 25.051927570253611 14.029799974989148 11.543335076421501 11.695373386144636 17.058894210902508 4.4125613973592399 6.0129448268562546 9.4542976790107769 84.887212641071528 24.968610772222746 44.654934481019154 5.466210424900054 4.2314406316727391 9.5660745510831457 161.97803012421355 6.7118222871795288 28.221338093280792 12.715372639708219 14.100526064634321 6.123495578300207 40.293851208873093 7.4670409653335801 6.3188330836128461 4.4830071674659839 14.791030430234969 7.1482139290310434 6.4908225843682885 10.191690214909613
leaf_count=896 1522 1711 250 705 73 94 1876 135 53 136 2057 5663 493 87 29 73 1495 101 235 104 91 99 303 60 98 30 509 62 47 110
internal_value=0 -0.0011757 -0.00442862 -0.00573154 -0.0044644 -0.0105571 -0.0152193 -0.00770984 0.0014123 0.000126217 -0.00556435 -0.0306639 0.00526473 0.0178923 0.0177351 -0.00158526 -0.00393883 0.0205313 0.00790542 -0.0169645 0.00168469 0.0112037 0.00684401 -0.00326988 -0.00548633 0.00418305 -0.000316248 0.0153869 -0.00546508 -0.0128609
internal_weight=0 676.167 449.257 424.206 403.256 197.989 158.072 106.359 205.267 199.254 101.946 51.7138 226.91 50.1211 74.7985 189.799 171.544 18.2552 39.9167 26.7452 176.789 60.5179 54.3944 116.271 108.804 49.4236 44.9406 19.9579 12.8097 24.9827
internal_count=19197 18272 14572 14322 12800 10869 10540 4068 1931 1878 3933 6472 3700 580 925 1742 1568 174 329 809 3120 493 394 2627 2567 856 826 207 145 619
is_linear=0
shrinkage=0.05


Tree=125
num_leaves=31
num_cat=0
split_feature=10 7 5 6 6 11 0 0 0 2 0 3 0 0 2 6 4 5 5 5 5 11 6 11 5 4 3 4 5 5
split_gain=7.82425 4.33353 4.85099 3.75866 3.69053 4.07662 5.43381 3.39669 3.73645 3.43902 3.437 3.29512 3.55013 3.34479 3.23419 3.30178 2.95041 3.47026 2.90879 4.62836 3.45935 2.88854 2.86161 2.85556 4.76416 4.47822 7.222 6.19846 5.48692 3.58187
threshold=1.0000000180025095e-35 1.0000000180025095e-35 20.77858595524712 1.0000000180025095e-35 1.0000000180025095e-35 1.0000000180025095e-35 659.79922001898865 503.97420885567027 451.94276215490856 1.5000000000000002 150.81974793626418 88.594652337859159 380.23432339165623 278.25168371783508 1.5000000000000002 2.5000000000000004 50.487510437497974 282.26005244026288 842.35544281963075 622.69026107332854 262.14497811965447 1.0000000180025095e-35 1.5000000000000002 1.0000000180025095e-35 3179.2170109759963 249.55925691351732 114.33374713338431 187.45557053876735 254.63983213366103 549.32546228672265
decision_type=2 2 2 2 2 2 2 2 2 2 2 2 2 2 2 2 2 2 2 2 2 2 2 2 2 2 2 2 2 2
left_child=1 2 -1 -2 16 6 -6 8 9 18 -11 -12 13 -13 -8 -16 17 -4 19 20 -7 -18 -3 24 25 26 27 -5 -29 -30
right_child=3 22 4 23 5 7 14 -9 -10 10 11 12 -14 -15 15 -17 21 -19 -20 -21 -22 -23 -24 -25 -26 -27 -28 28 29 -31
leaf_value=0.016393990026100171 0.023350947144400572 0.02537662124125499 0.0245869142134627 -0.0055180159354433905 -0.0239147194235005 -0.0088349027971940317 0.02783081669181163 0.031246206793304435 -0.048293376733930506 -0.024791413310499819 0.0057559085321393887 -0.0012208306656619715 0.013193027349031359 -0.044316563488989699 -0.036606803588782023 0.0072782915368604416 0.0041878031118300334 -0.055484206334592737 0.028349682190036314 -0.04318135954329657 0.029579986462830995 0.041950672351016009 0.0011978672239010958 0.01149630649041892 0.084773505527330026 0.0096544594920144576 -0.034300702534262539 0.077115675256063332 -0.047621283948336882 0.036448251842649264
leaf_weight=20.602795723127201 29.907232793048024 13.643956776882986 2.0893077363725743 69.143603261385579 87.893106548697688 13.364927269984042 8.2927717086859065 6.0906064370647064 5.2466026302427045 29.205234742257744 36.260834236629307 7.1176490541547599 6.9414285402745 12.253425292670725 7.045951678883287 10.941969515755771 28.517740735551342 3.8405217069666833 11.338673785794525 5.4210795154795042 10.437225247733293 6.1572909299284211 118.68776087625884 96.948773467447609 1.6696623534080561 69.039097997942008 19.389683361630887 4.5553213183302415 2.142271620919928 3.1009707732591778
leaf_count=291 322 232 33 3643 7905 116 66 99 46 411 347 57 55 94 59 91 375 98 114 52 101 63 2097 874 60 841 365 59 62 129
internal_value=0 -0.00391628 -0.00707136 0.0065451 -0.0086912 -0.0108976 -0.0179501 -0.00529324 -0.00691074 -0.00527014 -0.0106285 -0.00401811 -0.0174875 -0.0284816 0.0019978 -0.0099117 0.00531982 -0.0272721 0.00685405 -0.0014863 0.00801 0.0108934 0.0036908 0.00465549 0.000732114 -0.000106268 -0.00695931 -0.000243743 0.0369742 0.00209932
internal_weight=0 451.391 319.059 295.897 298.456 257.851 114.174 143.678 137.587 132.34 91.7786 62.5733 26.3125 19.3711 26.2807 17.9879 40.6049 5.92983 40.5619 29.2232 23.8022 34.675 132.332 265.989 169.041 167.371 98.3319 78.9422 9.79856 5.24324
internal_count=19157 12802 10473 6355 10182 9613 8121 1492 1393 1347 964 553 206 151 216 150 569 131 383 269 217 438 2329 6033 5159 5099 4258 3893 250 191
is_linear=0
shrinkage=0.05


Tree=126
num_leaves=31
num_cat=0
split_feature=9 8 5 7 11 6 4 0 8 7 8 0 11 4 8 0 0 0 5 5 5 8 4 1 8 8 8 10 0 8
split_gain=9.25865 6.83704 5.63152 6.21545 6.65021 6.84545 6.61467 5.21261 5.46134 4.32232 3.68974 3.6182 4.28805 4.50996 4.43521 3.59915 3.49908 4.3834 4.2857 3.79644 3.432 3.24352 4.21944 5.28801 4.90153 3.85719 5.91107 3.41309 3.07093 3.97043
threshold=1.0000000180025095e-35 0.43372464661974319 15.098442361495461 1.0000000180025095e-35 1.0000000180025095e-35 1.0000000180025095e-35 137.72748754250071 476.72809421571384 0.16826546378524729 1.0000000180025095e-35 0.050914573234691084 300.60824225321147 1.0000000180025095e-35 564.26770997027393 0.10968162222283069 82.339387244063758 423.20321540993694 350.31167903817521 1503.8146286017343 1094.3732656554732 48.189108096727203 0.026258917672967941 437.92023169105488 2.5000000000000004 0.31607229904803352 0.033936140192140293 0.042435979653471845 1.0000000180025095e-35 705.37169474384621 0.12188422700743069
decision_type=2 2 2 2 2 2 2 2 2 2 2 2 2 2 2 2 2 2 2 2 2 2 2 2 2 2 2 2 2 2
left_child=1 2 -1 4 6 -6 -4 8 16 20 -9 12 13 -5 -14 -10 17 18 19 -7 -2 -22 23 24 -23 -25 -27 -24 29 -8
right_child=9 -3 3 11 5 7 28 10 15 -11 -12 -13 14 -15 -16 -17 -18 -19 -20 -21 21 22 27 25 -26 26 -28 -29 -30 -31
leaf_value=0.019300799772400387 0.020977779564625699 0.020634578930012498 -0.042637333155149462 -0.022699462182878702 0.030204121729761963 -0.020092241154080013 -0.033621423541674404 -0.0084558154001816033 -0.03063839116721459 0.018769456353737966 0.053824389615015115 0.010421569953583308 -0.008553115148932677 0.074579027468748088 0.022732265327969254 0.0060091992109753706 -0.051845601973617352 0.0089923153112294787 -0.061812650586913737 0.028230546469406523 -0.019532401566601222 -0.024633628302176209 0.0098298935406668786 0.055534742232010992 0.029937864178699997 -0.050414060588802635 0.0071525265359200663 0.055044780043380905 0.00092127415967155888 -0.010863970125392527
leaf_weight=21.022411790676415 24.19581950083375 25.392388335661963 25.117203976551536 32.601330192526802 12.998487140052019 55.998261650558561 29.456240226107184 4.0792317613959295 7.6338897394016376 60.817554392851889 5.7027424555271864 62.831781466375105 27.771782491356134 1.2366547435522068 19.133140562102199 54.741221524775028 6.950185999274253 15.554306373000143 5.7353364625014356 4.3826560522429636 17.51262043940369 29.060473264660686 11.923249018378558 3.7989927970338604 4.7934283763170233 4.7106708235805845 83.562063311575912 6.4216233855113378 25.725402494892478 54.863063649274409
leaf_count=295 222 247 6471 1608 102 769 2100 34 64 725 111 734 163 9 137 383 46 99 111 80 394 547 102 79 50 116 1584 54 190 1550
internal_value=0 -0.0046415 -0.00599688 -0.00717213 -0.0111669 -0.00469723 -0.0194849 -0.00751892 -0.00981039 0.00719831 0.0278526 0.00142369 -0.0055782 -0.0191443 0.00420861 0.00152402 -0.017788 -0.0148897 -0.0205082 -0.0165848 0.00341439 0.000787657 0.00325426 -9.43392e-06 -0.0169068 0.00620355 0.00408049 0.0256574 -0.0142005 -0.0188141
internal_weight=0 498.928 473.535 452.513 308.938 173.776 135.162 160.778 150.996 246.796 9.78197 143.575 80.7429 33.838 46.9049 62.3751 88.6207 81.6706 66.1163 60.3809 185.979 161.783 144.271 125.926 33.8539 92.0717 88.2727 18.3449 110.045 84.3193
internal_count=19176 15303 15056 14761 12110 1799 10311 1697 1552 3873 145 2651 1917 1617 300 447 1105 1059 960 849 3148 2926 2532 2376 597 1779 1700 156 3840 3650
is_linear=0
shrinkage=0.05


Tree=127
num_leaves=31
num_cat=0
split_feature=8 4 7 11 3 5 7 6 5 11 0 8 4 3 8 3 5 5 9 6 3 4 0 6 4 0 0 4 3 8
split_gain=10.1122 4.387 4.32994 4.15327 5.93938 4.1701 4.10263 5.51571 3.80819 5.00709 5.14963 5.78726 5.13616 7.36894 5.1646 3.9344 3.45358 3.44812 3.25504 5.20193 4.29617 3.27332 5.7058 3.23436 4.06578 3.20244 3.89127 3.14843 3.73621 3.50851
threshold=0.12188422700743069 353.56221348967688 1.0000000180025095e-35 1.0000000180025095e-35 98.202557948100647 282.26005244026288 1.0000000180025095e-35 1.0000000180025095e-35 20.77858595524712 1.0000000180025095e-35 363.57042018080693 0.17119959928098522 170.56819691016426 90.18340222458356 0.15001891189974478 140.32390261911272 1020.7847071253899 82.404682532486291 1.0000000180025095e-35 3.5000000000000004 22.130160513119922 43.857531860150822 356.69108710262157 1.0000000180025095e-35 176.35983139652714 248.85402381056275 239.88092320009847 197.93595438604038 116.59896583006028 0.20113311776375345
decision_type=2 2 2 2 2 2 2 2 2 2 2 2 2 2 2 2 2 2 2 2 2 2 2 2 2 2 2 2 2 2
left_child=2 6 3 4 -1 23 7 16 -9 10 15 -12 13 14 -11 -10 -2 -5 20 -20 -4 -21 -23 -6 -25 26 -8 29 -29 -27
right_child=1 -3 18 17 5 -7 25 8 9 12 11 -13 -14 -15 -16 -17 -18 -19 19 21 -22 22 -24 24 -26 27 -28 28 -30 -31
leaf_value=-0.035829979188906978 0.010872488037637421 0.01706173552663846 -0.054289289048957481 0.017328830063605482 0.035599728892696796 -0.021747384302287866 0.017378508822791766 0.023378018131440151 -0.017648343889345022 -0.027188128033272724 -0.039295422852289263 0.0092100768239144933 0.023534419738649059 -0.051476385557026862 0.0075305701315138661 -0.057925726594784302 0.051508514900271557 -0.0068262053686431101 0.037405202221331736 0.038834090029564984 -0.00052059707304934536 -0.038038139923099235 0.029711820391996213 -0.061688538027376477 0.00037759745843661053 -0.03682156331155681 0.074144429755227267 0.048000536022636632 0.0012229954468733312 0.0051438114514501072
leaf_weight=29.966480294067878 22.054754399927337 70.097524512093514 3.9233246129588215 17.106013881973922 5.8365495568141332 38.162436239654198 45.379467927967198 13.114788460312409 47.972863388538826 12.87014627503231 7.4881256694206959 34.395867632934824 23.7463692817837 7.1172119490802279 63.862741971388459 6.9402710242429739 6.853383394656702 108.38797634234652 14.841156691312788 3.6923526013270047 69.974885335075669 8.8455407097935659 4.7908618571236721 2.8627459433046161 33.700461104104761 8.219877873547377 3.2341008728835723 6.3619051100686219 12.974038045853375 12.638501103036104
leaf_count=5346 247 732 222 158 51 1493 826 141 4025 152 247 485 216 50 489 185 92 1157 191 54 1384 132 44 111 546 115 37 56 117 141
internal_value=0 0.00568624 -0.00598729 -0.00975829 -0.0168257 -0.00975677 0.00330755 -1.31101e-05 -0.00274025 -0.00441612 -0.0126669 0.000538142 0.00300657 -0.00280692 0.00170732 -0.0227389 0.0205063 -0.00353365 0.00240392 0.0156793 -0.00337523 -0.00292771 -0.0142356 0.00103553 -0.00448192 0.0125214 0.021155 0.00207948 0.0166137 -0.0113939
internal_weight=0 405.322 342.091 236.023 110.529 80.5622 335.224 246.417 217.508 204.394 96.7971 41.884 107.596 83.8501 76.7329 54.9131 28.9081 125.494 106.068 32.1699 73.8982 17.3288 13.6364 42.3998 36.5632 88.8079 48.6136 40.1943 19.3359 20.8584
internal_count=19242 8353 10889 8862 7547 2201 7621 6329 5990 5849 4942 732 907 691 641 4210 339 1315 2027 421 1606 230 176 708 657 1292 863 429 173 256
is_linear=0
shrinkage=0.05


Tree=128
num_leaves=31
num_cat=0
split_feature=7 10 4 8 0 11 4 5 0 8 4 4 1 4 10 0 0 8 3 1 0 11 4 5 11 1 0 8 10 5
split_gain=8.05297 5.98979 5.90774 5.38693 6.54897 5.06933 4.34901 3.6681 3.4975 4.09089 3.5538 3.44404 3.36229 3.26918 3.26077 4.45696 9.56429 6.6036 4.6592 5.73011 4.30916 3.68948 3.38926 3.20477 3.28255 3.70891 3.10087 3.19078 3.46144 4.41561
threshold=1.0000000180025095e-35 1.5000000000000002 413.23037711599858 0.14630844413273014 827.96897245814819 1.0000000180025095e-35 362.11066727460343 20.77858595524712 82.339387244063758 0.45491259551831259 23.215400926068913 211.84670480765126 1.5000000000000002 14.013217233633689 1.0000000180025095e-35 227.81652570205446 247.09723781949518 0.25287549080952915 71.335608735233947 4.5000000000000009 286.48174375485581 1.0000000180025095e-35 193.78348393922951 15.098442361495461 1.0000000180025095e-35 5.5000000000000009 363.57042018080693 0.32549435132716659 1.0000000180025095e-35 527.09325070692364
decision_type=2 2 2 2 2 2 2 2 2 2 2 2 2 2 2 2 2 2 2 2 2 2 2 2 2 2 2 2 2 2
left_child=1 2 3 4 5 7 8 11 9 10 13 -1 -4 -5 15 17 -17 18 19 -2 -18 22 -22 -10 25 -25 27 28 -26 -30
right_child=14 -3 12 6 -6 -7 -8 -9 23 -11 -12 -13 -14 -15 -16 16 20 -19 -20 -21 21 -23 -24 24 26 -27 -28 -29 29 -31
leaf_value=-0.023187815253733174 0.0041773173817299131 0.013357160094288258 -0.0043958409968002455 -0.040998912406227453 0.054577936612916655 -0.0086524985979404868 -0.036269035902561829 -0.03008539606684156 0.034155439894981307 0.052875608842807342 -0.048114038097789448 0.029202144434654562 0.016738303361857273 0.016828977714631092 0.015911882369824683 0.070859815881732915 -0.020817233446369446 0.027122530003083747 -0.047805891250220105 -0.048044458348609688 -0.015626839740634082 0.041950027005970537 0.013374522281347764 -0.0097520339171599871 -0.0084610719221908191 0.021762729337742176 0.035202404957564798 0.029974318718111976 0.044626941393138608 -0.004291586955800889
leaf_weight=7.3169501123484206 22.195984352612872 45.86178804631345 34.129920266102999 4.0156039840658249 3.4472915530204764 122.55702692782506 9.0210318225435895 62.82545746822143 7.2146503431722513 1.7789192171767343 9.6120119242113997 5.4912361912429333 41.951935303630307 6.2447863389388658 76.430309919291176 6.0013947658007956 13.074556734180076 10.069594154600052 9.9597460156073776 6.881476506474427 13.530519945081322 8.2302730688825232 39.436603206442669 82.874073810933623 40.971302146092057 10.521170500840524 9.0423959842883033 10.16715808957815 8.3227797029539961 10.349130349233745
leaf_count=197 660 993 492 182 27 1319 117 7266 70 18 429 40 446 203 1094 102 203 164 196 278 257 108 358 2889 309 413 102 82 64 63
internal_value=0 -0.00391872 -0.00554277 -0.00790786 -0.013746 -0.0149344 -0.00230579 -0.0251137 -0.000782355 -0.0197657 -0.0262683 -0.00072674 0.00725764 -0.0058031 0.00772351 0.0028863 0.0101447 -0.00897877 -0.0182911 -0.0081815 0.00523873 0.0108055 0.00596609 0.00150789 0.000140444 -0.00620183 0.0076524 0.0040839 -0.000329545 0.0175133
internal_weight=0 533.717 487.855 411.773 201.638 198.191 210.135 75.6336 201.114 21.6513 19.8724 12.8082 76.0819 10.2604 205.81 129.38 80.2733 49.1068 39.0372 29.0775 74.272 61.1974 52.9671 179.463 172.248 93.3952 78.8528 69.8104 59.6432 18.6719
internal_count=19141 15721 14728 13790 8849 8822 4941 7503 4824 832 814 237 938 385 3420 2326 1028 1298 1134 938 926 723 615 3992 3922 3302 620 518 436 127
is_linear=0
shrinkage=0.05


Tree=129
num_leaves=31
num_cat=0
split_feature=10 9 4 11 5 5 7 5 2 10 6 6 6 0 5 5 4 6 5 3 5 7 0 6 11 4 3 2 6 4
split_gain=8.72406 6.66937 4.63053 5.25764 4.68912 4.28753 4.23539 4.02617 3.74067 6.40853 5.2841 4.63927 3.80208 3.75395 3.5827 4.49029 4.00087 3.32154 3.13076 3.11967 2.98522 2.75726 2.71694 2.6747 3.52046 4.48184 4.68082 4.03455 3.12503 2.66733
threshold=1.0000000180025095e-35 1.0000000180025095e-35 209.65442366285052 1.0000000180025095e-35 290.229454476272 101.15873163407757 1.5000000000000002 18.016304280812989 2.5000000000000004 2.5000000000000004 4.5000000000000009 1.0000000180025095e-35 4.5000000000000009 576.75883003262754 372.73431005541153 146.89441876424289 233.41425384681148 4.5000000000000009 460.76159589843809 188.02531754278201 549.32546228672265 1.0000000180025095e-35 451.94276215490856 1.0000000180025095e-35 1.0000000180025095e-35 102.31234046560238 65.990752329922273 2.5000000000000004 4.5000000000000009 216.79433674733778
decision_type=2 2 2 2 2 2 2 2 2 2 2 2 2 2 2 2 2 2 2 2 2 2 2 2 2 2 2 2 2 2
left_child=1 2 3 4 6 -2 19 -3 12 10 11 -10 -7 -14 15 17 -16 22 -18 -1 -12 -13 -4 -9 25 -25 27 -27 -26 -28
right_child=5 7 14 -5 -6 8 -8 23 9 -11 20 21 13 -15 16 -17 18 -19 -20 -21 -22 -23 -24 24 28 26 29 -29 -30 -31
leaf_value=-0.027181715126961686 0.016844429972810649 0.038323813035099859 -0.006899962317636882 -0.0092663390515047902 -0.048361851599558442 0.0017983077659550718 0.029015938478514705 0.023464050600788058 0.039092728139811496 0.1027620645953452 0.010666507696946763 -0.012435017796396556 -0.025238931877881593 0.036217547436004721 0.03976388685624066 -0.025049401455416759 0.032747643290464534 -0.027822462305507528 -0.0029889179749898404 0.060030134566312336 0.057519274325149243 0.015424695476382847 0.02710890604381419 -0.030503767682360374 0.0040342705896926753 0.01051934208272101 -0.017321768972286471 0.11749949884861058 0.036934384444267505 0.0031723714882753496
leaf_weight=27.713587408245079 67.198975228238851 7.7328658620826891 11.01625270186924 121.44861712818965 18.634979911963455 135.82245200994657 4.3431512732058755 12.457387303002177 7.2858357469085595 1.9119678935967375 6.0085912491776963 29.687692022125702 23.900372945645362 2.7731156172230831 7.5962143878568886 29.736796279961709 6.9454719295608802 7.0783485322026527 52.111254950810689 1.064809233881532 7.8301116116344929 12.671804673969744 12.577732562320305 16.003115063766018 36.200308263301849 2.175831047003157 24.789708339376375 1.4813079806044696 9.0151925017125887 44.15712279942818
leaf_count=2240 812 67 184 1259 4477 3149 46 113 88 35 153 1069 633 34 207 549 135 83 998 9 170 206 118 1015 277 85 487 47 79 432
internal_value=0 -0.0052962 -0.00963505 -0.0149532 -0.0282976 0.00574555 -0.0170089 0.00316294 0.0024728 0.0125706 0.00985426 0.00223818 -0.00159102 -0.0188496 -0.00238563 -0.0112047 0.00560735 0.00221763 0.00121394 -0.0239549 0.0371764 -0.00410081 0.0112298 0.00130421 -0.00075862 -0.00655177 -0.00127235 0.0538512 0.010594 -0.00419626
internal_weight=0 454.28 300.267 173.205 51.7565 295.091 33.1215 154.013 227.892 65.396 63.484 49.6453 162.496 26.6735 127.062 60.4091 66.6529 30.6723 59.0567 28.7784 13.8387 42.3595 23.594 146.28 133.823 88.6071 72.604 3.65714 45.2155 68.9468
internal_count=19256 12907 10305 8031 6772 6349 2295 2602 5537 1721 1686 1363 3816 667 2274 934 1340 385 1133 2249 323 1275 302 2535 2422 2066 1051 132 356 919
is_linear=0
shrinkage=0.05


Tree=130
num_leaves=31
num_cat=0
split_feature=10 7 11 5 4 6 8 4 8 5 4 9 6 9 3 6 8 4 1 4 4 8 5 10 4 1 3 3 3 5
split_gain=8.18012 6.73801 6.50897 7.62253 8.89429 5.70432 4.83621 4.32663 4.68166 4.15494 4.08846 4.0623 3.87119 3.80791 3.62383 5.19533 3.40122 4.60355 3.3817 3.3416 3.23807 3.11892 3.79821 3.96286 3.79494 3.22376 3.06478 3.06362 3.06281 2.96863
threshold=1.5000000000000002 1.5000000000000002 1.0000000180025095e-35 139.14043867487231 108.10998052064143 6.5000000000000009 0.45491259551831259 62.768335843661987 0.20546667961270573 157.52663092164616 380.79465458720659 1.0000000180025095e-35 1.0000000180025095e-35 1.0000000180025095e-35 118.04548757730275 1.0000000180025095e-35 0.19102510471745657 252.98999883371349 1.5000000000000002 513.19282286928512 513.19282286928512 0.089829649707635864 327.39262444594067 1.0000000180025095e-35 170.56819691016426 2.5000000000000004 48.569196501516394 50.925077109803134 63.076926630620896 3179.2170109759963
decision_type=2 2 2 2 2 2 2 2 2 2 2 2 2 2 2 2 2 2 2 2 2 2 2 2 2 2 2 2 2 2
left_child=1 2 3 5 29 7 9 -1 19 -6 11 12 -4 14 -11 -16 20 -18 -19 -9 -17 -14 23 -23 25 -24 -13 -10 -28 -5
right_child=-2 -3 10 4 6 -7 -8 8 27 13 -12 26 21 -15 15 16 17 18 -20 -21 -22 22 24 -25 -26 -27 28 -29 -30 -31
leaf_value=-0.018974603890284835 0.01577761286809359 0.021032866738212821 0.025561072793156704 -0.040748314140185087 -0.061191900985655003 -0.054113301734153088 0.025848619600099529 -0.0042930851030394601 0.05576904836461169 -0.038392504472833607 0.033593437636086791 0.0028572466776125441 -0.012035163449910921 -0.002340932525609424 0.012883136734913706 -0.043231099568223769 -0.055273134913407754 -0.025097225328512125 0.013016893406341407 0.025159286770292451 -0.012745218470012049 0.0027683473701750217 -0.038265116197055221 0.034867959408125496 0.01334724248430208 -0.0068185170508236461 0.054509444373210203 0.01536710860452814 0.015168909867435571 0.11859297900811075
leaf_weight=19.145018740964588 67.732825914863497 29.177756141405553 11.884431984275578 29.392520528053868 4.1164935958222477 4.5095467148930757 9.0840679844841343 68.318187355587725 5.522508359514176 16.460088531661313 10.042301785666494 32.039330266416073 72.724691593553871 80.839710576692596 15.995468264445661 19.349855741602369 4.2297649494139504 8.5464425731915998 18.241053435951471 11.211009830003603 15.840842444216831 31.793142835609615 9.8246343266218883 13.783415089361368 19.482299724593759 47.812770089600235 6.930553522892299 31.205316721694544 17.290160593111068 0.29524372424930234
leaf_count=800 1219 303 97 6273 120 96 69 1278 69 2482 194 214 822 1173 125 1260 159 103 203 89 283 275 86 114 160 446 58 295 210 89
internal_value=0 -0.00246174 -0.00353975 -0.00793574 -0.0136882 0.00120784 -0.00976344 0.0030503 0.00667732 -0.0115252 0.00228128 0.00108823 -0.00214552 -0.0103863 -0.0169782 -0.0126902 -0.0188686 -0.00679759 0.000856738 -0.000141266 -0.0295081 -0.00383049 0.0010326 0.012476 -0.00573029 -0.0121788 0.0130039 0.0214421 0.0264259 -0.0391637
internal_weight=0 665.089 635.911 362.303 222.392 139.912 192.704 135.402 116.257 183.62 273.608 263.565 207.305 179.503 98.6635 82.2034 66.208 31.0173 26.7875 79.5292 35.1907 195.421 122.696 45.5766 77.1197 57.6374 56.26 36.7278 24.2207 29.6878
internal_count=19164 17945 17642 14966 12339 2627 5977 2531 1731 5908 2676 2482 2000 5788 4615 2133 2008 465 306 1367 1543 1903 1081 389 692 532 482 364 268 6362
is_linear=0
shrinkage=0.05


Tree=131
num_leaves=31
num_cat=0
split_feature=5 7 10 7 3 11 4 4 11 4 4 6 5 5 5 9 5 5 3 3 11 5 11 0 3 5 5 3 1 4
split_gain=6.8697 5.16673 4.82001 4.5966 4.47576 4.44042 4.62786 4.29654 5.41355 3.86726 5.25837 3.80433 3.78916 3.61717 3.21247 4.93347 4.08765 5.35995 3.72798 5.21216 5.80732 3.90333 3.285 3.28171 3.69125 3.17593 7.08047 2.85745 5.04892 2.839
threshold=131.8323138609675 1.0000000180025095e-35 1.0000000180025095e-35 1.5000000000000002 12.025775618930773 1.0000000180025095e-35 155.50351448904914 183.54513191728572 1.0000000180025095e-35 71.463619781707749 78.594755956310621 6.5000000000000009 382.1371315177326 199.25976317265409 443.78530923297018 1.0000000180025095e-35 227.95329400478107 199.25976317265409 65.40375335623385 60.749790985322939 1.0000000180025095e-35 806.60227976159217 1.0000000180025095e-35 292.46155263966352 191.60606137195032 1094.3732656554732 1207.3699340141209 31.729213111990685 4.5000000000000009 14.013217233633689
decision_type=2 2 2 2 2 2 2 2 2 2 2 2 2 2 2 2 2 2 2 2 2 2 2 2 2 2 2 2 2 2
left_child=3 2 29 5 -3 9 -7 8 25 -1 -11 -12 13 -10 15 16 17 22 19 20 27 -22 -6 24 -20 -4 -27 28 -16 -2
right_child=1 4 7 -5 14 6 -8 -9 12 10 11 -13 -14 -15 18 -17 -18 -19 23 -21 21 -23 -24 -25 -26 26 -28 -29 -30 -31
leaf_value=-0.013820768474959869 -0.056962743386337257 -0.050456104130210011 -0.037427753856789779 0.052988406472323037 -0.024320885335206072 0.014129113844354113 0.057900986939906224 0.010627265157759082 -0.010000738142486828 0.064372973052205726 0.0067818999355370828 -0.044106828132934914 -0.0064552802709301532 0.03946025615532199 -0.053144032275705494 0.041056656032531988 0.020292688949573309 -0.068392207283700421 -0.030756493662459552 0.085993056328758755 -0.00034667274846110604 0.043882945946170308 0.032970434157307486 0.0022593856124962079 0.026037762375157966 0.095884514999861198 -0.024785568649903191 -0.042129092363574927 0.063826740528158579 -0.0093571047387620617
leaf_weight=27.29643438232597 3.1765733136562622 3.4994031542446455 17.397201251995288 5.6852862341329446 5.1049573372001742 38.007246715016663 7.1791145824827245 69.590545157261658 5.6338176717981723 3.8688960379804476 112.4380567544722 3.7966232775943345 36.806291899178177 10.74902801774442 1.6299260372761657 15.030489681754259 21.62503380497219 3.4647997508873223 17.579549863236029 2.4241904134396455 8.6694596353918332 11.747675530612467 4.9071971364319324 47.038316451362334 3.416998616885393 1.5725242844200682 5.3563141577178612 6.2452315019327216 2.125658881792333 221.98183685389813
leaf_count=978 289 155 2019 50 158 322 140 1192 54 81 1540 65 316 92 147 183 488 69 340 54 59 79 35 528 37 104 584 390 121 8433
internal_value=0 -0.0022398 -0.00542999 0.00867911 0.00544646 0.00737107 0.0210835 0.00160879 -0.00648769 0.00316744 0.00702843 0.0051197 0.00244828 0.0224514 0.00674191 0.0170868 0.00682298 -0.0147904 0.00160087 0.0154353 0.00981211 0.0251023 0.00375896 -0.00507735 -0.0215137 -0.0260263 0.00260093 -0.0214035 0.0130614 -0.0100287
internal_weight=0 526.773 372.264 198.272 154.509 192.586 45.1864 147.106 77.5152 147.4 120.104 116.235 53.1891 16.3828 151.009 50.1325 35.102 13.477 100.877 32.8421 30.418 20.4171 10.0122 68.0349 20.9965 24.326 6.92884 10.0008 3.75558 225.158
internal_count=19102 15926 13083 3176 2843 3126 462 4361 3169 2664 1686 1605 462 146 2688 933 750 262 1755 850 796 138 193 905 377 2707 688 658 268 8722
is_linear=0
shrinkage=0.05


Tree=132
num_leaves=31
num_cat=0
split_feature=7 9 8 11 2 5 8 5 4 0 3 5 5 4 8 0 0 3 8 0 3 8 8 0 3 4 0 10 5 8
split_gain=8.07093 5.5252 5.08509 6.28938 5.38711 4.90822 6.29831 4.41501 4.18611 3.51674 3.50965 3.31441 3.29213 5.35605 4.36349 3.26588 3.21277 3.2784 3.34854 3.17264 3.99569 4.41096 3.9825 4.03778 3.27582 3.23048 3.12952 3.07059 3.2317 3.06251
threshold=1.0000000180025095e-35 1.0000000180025095e-35 0.19864806658778503 1.0000000180025095e-35 1.5000000000000002 188.81053544361637 0.19864806658778503 82.404682532486291 80.220202632779319 458.42880004950786 49.610177114887868 101.15873163407757 797.83966099389352 191.66011654124097 0.081629194805734065 43.937738190449231 332.8939000160895 181.05684596586801 0.03169490417539849 768.91860587039787 84.356488276845667 0.044777922291599867 0.025425075597755729 211.57669888124045 97.200304285376049 221.69258157072858 350.31167903817521 1.0000000180025095e-35 603.0740612633814 0.11393095219661491
decision_type=2 2 2 2 2 2 2 2 2 2 2 2 2 2 2 2 2 2 2 2 2 2 2 2 2 2 2 2 2 2
left_child=2 5 3 4 9 -2 8 -5 10 -1 -7 -11 27 14 -14 -4 -6 18 -18 20 22 -22 -10 -24 -23 -26 -15 28 -9 -16
right_child=1 -3 15 7 16 6 -8 12 19 11 -12 -13 13 26 29 -17 17 -19 -20 -21 21 24 23 -25 25 -27 -28 -29 -30 -31
leaf_value=-0.011773173179322213 0.016191752456512675 0.021182749652826387 -0.033700269887954236 0.020712352332786645 -0.03285390973670918 -0.022959747013491683 0.015879721723972062 -0.011478932944632978 0.063062576621345345 0.045497280789122525 -0.083214358480281858 0.0017270788229333117 0.012832320257799993 0.011346975859424102 -0.041427879423342279 0.003914472862208666 -0.038173576076949614 -0.025000621924968498 0.0038790621536278487 0.045396387193953829 -0.049470367056065896 -0.051814650367289897 0.031912475510743409 -0.025833248696492152 0.029187338244397471 -0.01228846574719541 0.056851589435219223 0.0023714669838024727 -0.044033163289528915 -0.0030007918488435918
leaf_weight=36.469230377813801 46.096510124218185 56.06999882729724 5.9608775970991692 20.795635548885912 37.843097336881328 14.010263249569109 29.376461033127271 52.458602812839672 3.1993375541642299 5.9292973484843996 2.9204663099953896 15.98517077451106 20.412052849773318 8.8198541048914176 9.1192239066585916 180.8124227350927 5.7194087600219055 37.081410217215307 27.469431508623529 2.9718126235529772 8.1096221402985957 3.5810130562167641 5.5463024942437169 6.665048842318356 6.5816299205180284 16.376427974319085 6.6101578818634144 34.861799460370094 8.9197833817452175 12.018058216664938
leaf_count=2644 619 699 203 205 5752 563 455 583 70 49 69 266 240 66 98 3288 242 494 1045 23 164 73 145 188 119 215 80 328 121 127
internal_value=0 0.00784845 -0.00391588 -0.00755241 -0.0144994 0.00270764 -0.00354947 -0.000905542 -0.0117076 -0.00226063 -0.0333534 0.0135698 -0.00383962 0.00568551 -0.00365637 0.002714 -0.0211086 -0.0147834 -0.00336784 -0.00479701 -0.00777678 -0.0171976 0.0134046 0.000394418 -0.00733597 -0.000398157 0.030841 -0.00947901 -0.0162099 -0.0195793
internal_weight=0 201.505 527.286 340.512 166.497 145.435 99.3384 174.015 69.9619 58.3837 16.9307 21.9145 153.22 56.9793 41.5493 186.773 108.113 70.2703 33.1888 53.0312 50.0594 34.6487 15.4107 12.2114 26.5391 22.9581 15.43 96.2402 61.3784 21.1373
internal_count=19233 3402 15831 12340 10492 2703 2084 1848 1629 2959 632 315 1643 611 465 3491 7533 1781 1287 997 974 571 403 333 407 334 146 1032 704 225
is_linear=0
shrinkage=0.05


Tree=133
num_leaves=31
num_cat=0
split_feature=8 10 5 8 4 11 5 8 3 4 4 0 5 0 0 0 11 4 6 3 8 0 8 5 5 6 0 4 4 4
split_gain=7.06968 5.51718 4.82662 3.90808 3.86263 5.18914 4.92896 3.60633 3.53864 3.63759 4.87988 4.68195 4.223 3.46697 6.47921 4.54192 3.44876 4.71692 4.3674 3.64582 3.71083 3.36674 3.45871 3.32339 5.07133 4.34797 3.5565 3.33812 6.98608 3.31173
threshold=0.38856892835609974 1.5000000000000002 139.14043867487231 0.051800994285479386 132.03287727855795 1.0000000180025095e-35 3179.2170109759963 0.039625025614630313 28.044685214430292 159.98546120549904 199.90569747306799 512.24558153174837 227.95329400478107 177.74523086302162 147.29836231194011 199.26837712286235 1.0000000180025095e-35 71.463619781707749 6.5000000000000009 88.594652337859159 0.14220629391906756 250.79172367274779 0.035308089384947984 2358.4341417416895 992.98277732397457 1.0000000180025095e-35 194.79847380687218 176.35983139652714 193.78348393922951 104.20357612353807
decision_type=2 2 2 2 2 2 2 2 2 2 2 2 2 2 2 2 2 2 2 2 2 2 2 2 2 2 2 2 2 2
left_child=1 2 16 7 5 6 -5 8 -4 11 -11 13 -12 14 -10 -15 17 -1 -19 20 -18 22 -17 24 -6 -26 -27 -28 -29 -16
right_child=-2 -3 3 4 23 -7 -8 -9 9 10 12 -13 -14 15 29 21 19 18 -20 -21 -22 -23 -24 -25 25 26 27 28 -30 -31
leaf_value=-0.022481734335120053 0.01770982323738891 0.01230662056750206 -0.055567554445804225 -0.030682240414350151 -0.003421723827874268 -0.0050012341421428793 0.11475033128599606 -0.032486798785607222 -0.0039627682670442888 -0.058736914374290274 -0.063764104354343362 0.10248227515771446 -0.0041885681408072029 -0.079757354132055133 0.056633815100157407 0.0091417247397331657 -0.0014269992761504259 0.0051289318829428523 -0.049196255887992785 0.044371661499748867 0.033848103294746308 -0.017609965609377175 0.10302209173732507 -0.030357634176203969 0.058750017437356118 -0.029256128135920198 0.039882787207273944 -0.061048711820423852 0.014077295310933359 0.17626409732918902
leaf_weight=21.012716645433102 47.788886458380148 59.944188111810945 4.0009749155724412 31.756714472314343 146.77809145109495 100.89125299872831 0.59348948084516351 23.163419341028202 5.0913775148219491 5.8533359307330093 3.2684481974574728 1.229093100875615 33.083305651904084 2.0476190797053304 2.0863443334819753 4.2307029989315188 26.887853725813329 110.00223073142115 3.8284036262775762 8.6617593220435065 10.315827375277875 10.186579689732751 1.2772721715737132 8.5094907546881569 4.9686803144868454 5.2431732076220205 9.960395163332576 3.3979442567797369 34.654251223313622 0.80047166097210709
leaf_count=937 528 1163 627 5235 2941 1011 80 956 415 251 69 26 588 122 165 229 216 1593 69 148 93 387 40 183 44 161 251 74 607 60
internal_value=0 -0.00218211 -0.00357445 -0.00638329 -0.00390838 -0.0105886 -0.0280142 -0.0152931 -0.00984903 -0.00720396 -0.0163674 0.00714677 -0.00954511 0.00259099 0.0299662 -0.00971892 0.00331244 -0.000716027 0.00330184 0.015156 0.00835407 -0.00058123 0.0309121 0.000260404 0.00153133 0.0140175 0.00984403 0.0141139 0.00736877 0.0898055
internal_weight=0 683.725 623.781 443.072 346.753 133.241 32.3502 96.3189 73.1555 69.1546 42.2051 26.9495 36.3518 25.7204 7.97819 17.7422 180.709 134.843 113.831 45.8654 37.2037 15.6946 5.50798 213.512 205.003 58.2244 53.2558 48.0126 38.0522 2.88682
internal_count=19269 18741 17578 14522 10587 6326 5315 3935 2979 2352 908 1444 657 1418 640 778 3056 2599 1662 457 309 656 269 4261 4078 1137 1093 932 681 225
is_linear=0
shrinkage=0.05


Tree=134
num_leaves=31
num_cat=0
split_feature=9 10 8 4 4 8 5 5 4 1 1 6 11 0 3 8 5 4 4 8 5 1 6 5 5 4 0 5 10 4
split_gain=7.60532 5.74216 4.88561 4.51699 4.40743 3.60635 4.27742 3.5055 3.3798 4.56584 4.68592 3.87096 3.16243 3.12667 3.63286 3.01874 3.3615 2.96133 3.63128 2.94214 2.67381 2.60207 3.13145 3.10706 2.83386 3.3331 4.09863 2.9607 2.74537 5.45277
threshold=1.0000000180025095e-35 1.0000000180025095e-35 0.43372464661974319 15.029314149268574 118.38923036130409 0.1274462997427068 50.956593912618509 239.24835996757227 353.56221348967688 2.5000000000000004 1.5000000000000002 1.0000000180025095e-35 1.0000000180025095e-35 576.75883003262754 123.7460426628074 0.1331979402248796 101.15873163407757 147.84366976282482 176.35983139652714 0.012008983106947544 270.96739110499954 3.5000000000000004 1.0000000180025095e-35 85.852756475344464 1239.5906084727276 245.83366822610969 232.74816325555886 1554.0014780104525 1.5000000000000002 401.96339663173177
decision_type=2 2 2 2 2 2 2 2 2 2 2 2 2 2 2 2 2 2 2 2 2 2 2 2 2 2 2 2 2 2
left_child=1 2 4 -3 12 6 -2 -4 9 10 -7 -11 -1 14 17 -14 -17 -13 -19 -6 -12 22 -5 -24 25 26 -23 -26 29 -25
right_child=5 3 7 21 19 8 -8 -9 -10 11 20 13 15 -15 -16 16 -18 18 -20 -21 -22 24 23 28 27 -27 -28 -29 -30 -31
leaf_value=-0.037819973607684708 0.024479015663158334 -0.057528446557453407 0.04836160112182572 0.024037152581248767 -0.035670420220429641 0.030908191603005605 -0.0018184014052214485 -0.00062025177628108352 0.0365199156675068 0.05162487238034158 0.0019323241324860176 0.0084265088285087174 -0.024469463812604494 0.060418850567195717 -0.027868724136438029 0.033372277526943113 -0.0099650912670753208 0.069968378205785123 0.015102347628211638 -0.0035084644729365261 -0.037687979628361873 0.027425457803549377 0.013469964855226125 -0.02130255687964103 -0.050024766568848023 0.047456008680800431 0.00084630214579464909 0.0055930556062509344 0.0093916839940487822 0.012495424802359189
leaf_weight=16.927980630251113 18.056857727002352 2.989578284090384 6.355184953659772 11.764341968111692 7.4065078069106667 5.708049984881657 107.64696789334994 8.589956173906101 14.830579661764203 7.2591154309920958 7.2785767617169794 45.570781036280096 33.964072974631563 3.3318242896348229 5.5638288464397183 5.2246815524995318 31.164859723765403 4.8096482609398654 8.0854220991022867 178.10510765871732 10.262042588670736 24.073806590458844 21.997518993448466 46.753303539007902 3.5090628151083347 7.1735025537200263 36.488147136347834 7.5219736105646007 18.174631299450994 16.023750863038003
leaf_count=4810 194 170 47 131 228 70 2063 104 142 59 85 831 540 33 53 37 291 54 80 4193 180 987 273 1670 140 79 727 241 417 218
internal_value=0 -0.00312764 -0.00762689 0.00346172 -0.00915187 0.00778196 0.00195912 0.0202085 0.0142767 0.0109061 -0.00844201 0.0169341 -0.0184174 0.0131957 0.0107384 -0.0137489 -0.00374287 0.0144124 0.0355665 -0.00479252 -0.0212473 0.00440411 -0.000400684 -0.00319328 0.0114017 0.015229 0.0114117 -0.0120994 -0.00772128 -0.0126757
internal_weight=0 484.208 287.738 196.47 272.793 238.404 125.704 14.9451 112.7 97.8693 23.2487 74.6206 87.2816 67.3615 64.0297 70.3536 36.3895 58.4659 12.8951 185.512 17.5406 193.48 114.714 102.949 78.7665 67.7355 60.562 11.031 80.9517 62.7771
internal_count=19147 15303 10250 5053 10099 3844 2257 151 1587 1445 335 1110 5678 1051 1018 868 328 965 134 4421 265 4883 2709 2578 2174 1793 1714 381 2305 1888
is_linear=0
shrinkage=0.05


Tree=135
num_leaves=31
num_cat=0
split_feature=7 4 8 9 11 0 9 8 0 0 3 5 8 4 10 3 8 3 8 0 5 11 0 3 11 0 4 4 4 0
split_gain=7.05489 5.75449 4.91129 3.76216 3.81776 3.62699 3.61032 3.42978 5.03381 5.78631 3.39164 2.99064 2.9295 3.3039 3.09966 3.68742 3.31256 3.27137 2.94853 2.87152 3.43704 4.37506 3.62992 2.94583 2.79923 3.84863 3.01564 2.66873 2.82803 2.45724
threshold=1.0000000180025095e-35 513.19282286928512 0.14490593072174784 1.0000000180025095e-35 1.0000000180025095e-35 300.60824225321147 1.0000000180025095e-35 0.15497227056947024 313.61660946715818 184.82820982953339 181.05684596586801 1082.6743750519624 0.16046240855317714 221.69258157072858 1.0000000180025095e-35 37.250717790774509 0.45491259551831259 45.812678885466347 0.19282326158691365 250.79172367274779 76.412503577062253 1.0000000180025095e-35 150.81974793626418 204.41304169419453 1.0000000180025095e-35 490.73192420107256 362.11066727460343 224.48087646357445 204.78730030621691 115.44604215842644
decision_type=2 2 2 2 2 2 2 2 2 2 2 2 2 2 2 2 2 2 2 2 2 2 2 2 2 2 2 2 2 2
left_child=2 3 6 5 29 19 24 8 9 -4 -10 -7 13 -9 16 18 -14 -17 -16 20 -2 23 -23 -22 25 -1 -26 28 -27 -5
right_child=1 -3 7 4 -6 11 -8 12 10 -11 -12 -13 14 -15 15 17 -18 -19 -20 -21 21 22 -24 -25 26 27 -28 -29 -30 -31
leaf_value=-0.03256650053268112 0.023638171437847723 0.039912415253657525 0.035260887807761834 -0.012197616306352781 0.056543631738210476 0.017039824859464193 1.7197389864250216e-05 -0.0028186287704472972 0.094166285823078108 -0.062666268191163832 0.019900184590150707 -0.013985153821990724 -0.004850146475074946 -0.065469314994167138 0.039032584572760716 0.05238921992694489 0.020223055548727203 0.011061387733025738 -0.021907656613967912 -0.024855605002655091 -0.034616756685622474 -0.014319643027037683 0.017741805162542822 0.069697030523426406 -0.009351591591307962 -0.0035651027555073048 0.02249592989271966 -0.013947670895700946 0.076474764239282123 0.017398412484543709
leaf_weight=31.630838855780894 11.770656428299842 13.524881846271454 3.7982595554785785 8.3618406220339221 5.4703871137462547 43.583753798273392 101.01453609846067 5.3859082367271167 3.3287114736158401 2.5022094666492194 2.8566476539708674 9.4520450107520428 135.25725275441073 3.4537636170862243 2.3333009418565771 5.1391933062113813 14.594346662051974 70.137488454696722 13.29286622116342 15.316929148859343 13.816465100331694 16.288637330755591 19.274735817685723 0.71166656259447414 90.982192252296954 2.901971894549205 8.0943756550550443 27.613973014405929 1.7808345948578788 43.485975877847522
leaf_count=6289 166 138 256 158 108 511 2046 203 76 122 42 154 3284 57 117 112 125 1032 361 261 1269 117 117 14 1114 120 100 446 31 414
internal_value=0 0.00841427 -0.00259693 0.00614262 0.0168168 0.00144405 -0.00741013 0.00225187 0.0278256 -0.00363054 0.0598672 0.0115106 0.000972554 -0.027297 0.00201051 0.00929471 -0.00240822 0.0138829 -0.0128081 -0.00547342 -0.000674439 -0.00638749 0.00305711 -0.0295069 -0.0120129 -0.0201699 -0.00674971 -0.0080289 0.0268734 0.0126253
internal_weight=0 201.058 526.099 187.533 57.3182 130.215 264.019 262.08 12.4858 6.30047 6.18536 53.0358 249.594 8.83967 240.754 90.9028 149.852 75.2767 15.6262 77.1791 61.8622 50.0915 35.5634 14.5281 163.004 63.9276 99.0766 32.2968 4.68281 51.8478
internal_count=19360 3427 15933 3289 680 2609 10146 5787 496 378 118 665 5291 260 5031 1622 3409 1144 478 1944 1683 1517 234 1283 8100 6886 1214 597 151 572
is_linear=0
shrinkage=0.05


Tree=136
num_leaves=31
num_cat=0
split_feature=9 0 8 3 11 4 5 8 7 4 1 4 8 1 3 3 4 3 6 5 6 5 5 0 4 5 0 11 4 8
split_gain=7.07905 6.06602 5.70886 4.76237 5.2228 5.379 6.08373 5.11489 4.92137 4.23691 3.96417 5.43663 3.86094 4.45281 4.50561 4.30207 5.60834 4.48916 3.59576 3.52186 3.44844 3.38134 3.96555 4.93853 3.42311 8.4745 4.4312 3.3656 3.32435 3.39487
threshold=1.0000000180025095e-35 911.89367059962524 0.48630674657002987 17.002990767713154 1.0000000180025095e-35 126.06789689133269 26.633911164646587 0.050171021918386544 1.0000000180025095e-35 230.60049894354395 2.5000000000000004 216.79433674733778 0.017272008570772244 1.5000000000000002 219.29143956422618 75.337852860216984 134.40259699268708 83.299248187733198 1.0000000180025095e-35 153.79164663750586 1.0000000180025095e-35 135.64076674203423 971.32479332082437 476.72809421571384 209.65442366285052 427.34424137179263 272.13470830073237 1.0000000180025095e-35 413.23037711599858 0.25570061027820162
decision_type=2 2 2 2 2 2 2 2 2 2 2 2 2 2 2 2 2 2 2 2 2 2 2 2 2 2 2 2 2 2
left_child=1 2 3 -1 5 19 9 -8 18 -7 -2 20 -6 14 -14 16 -15 -17 -9 -5 -12 -19 23 24 26 -26 -23 -22 29 -20
right_child=10 -3 -4 4 12 6 7 8 -10 -11 11 -13 13 15 -16 17 -18 21 28 -21 27 22 -24 -25 25 -27 -28 -29 -30 -31
leaf_value=-0.028588941891914646 -0.0023633603500415037 0.039212251135934177 0.026746524498491554 -0.013628213591122868 -0.023047150333896215 -0.0026852444529761096 -0.031949915329102123 0.0068833467034017451 0.0065370256576894187 0.041825031208066119 0.029453934720586817 0.030653781443987393 -0.038600845435645785 0.0030116382743721418 0.014080023839157088 0.044547570798984103 -0.034556454132204643 0.045344923727236863 -0.042168577851729616 -0.043141570164767343 -0.0026822845592663971 0.0037202345116515712 0.023851858568908674 0.038405061989253593 -0.032100939833740627 0.0450418338779556 -0.046152868811287315 0.014777388866474415 -0.0055825546225579288 -0.013336985727387625
leaf_weight=21.010446358530317 78.349891822435893 8.1201061839237791 14.29910545516759 24.723790991061833 15.033948066411538 10.856152116321029 21.334287937672343 18.622180231846869 52.179979952867143 10.534624271094797 15.109011634718625 29.735942143015563 11.807085501495751 94.024190406315029 6.184716233983635 10.782471218146382 11.107896871864794 6.0402138642966738 19.614300872723106 17.099153086455772 71.433278391021304 7.6426093233749297 20.470128485932946 5.9750670976936808 6.9642297327518445 7.2833698466420174 10.674276532605289 44.982128401752561 31.665711101144552 21.294804338365793
leaf_count=1461 1120 59 124 1192 145 118 1247 176 671 76 124 287 91 967 70 80 82 93 2158 5160 1995 62 168 85 52 58 71 367 461 453
internal_value=0 -0.00364036 -0.00436951 -0.00533064 -0.00422485 -0.00949172 -0.00585042 -0.00910827 -0.00570947 0.0192354 0.00686316 0.011346 0.001385 0.00323119 -0.0204917 0.00558976 -0.000957678 0.014667 -0.0127165 -0.0256946 0.00698071 0.00971406 0.00606689 -0.00337952 -0.0110463 0.00733443 -0.0253436 0.00406402 -0.0177457 -0.0271606
internal_weight=0 485.345 477.225 462.926 441.915 227.925 186.102 164.711 143.377 21.3908 239.61 161.26 213.99 198.956 17.9918 180.964 105.132 75.8324 91.197 41.8229 131.524 65.0499 59.0097 38.5396 32.5645 14.2476 18.3169 116.415 72.5748 40.9091
internal_count=19273 15380 15321 15197 13736 11712 5360 5166 3919 194 3893 2773 2024 1879 161 1718 1049 669 3248 6352 2486 589 496 328 243 110 133 2362 3072 2611
is_linear=0
shrinkage=0.05


Tree=137
num_leaves=31
num_cat=0
split_feature=5 9 5 10 3 1 11 6 7 5 5 5 4 5 3 11 0 6 7 0 4 3 3 4 1 5 5 5 5 1
split_gain=7.73659 6.69162 3.77669 3.4889 4.01794 3.47857 4.28322 4.73505 4.389 4.06113 3.48192 3.44278 3.03526 3.50671 3.01654 2.94429 4.44049 5.41765 4.34417 3.05698 2.86343 2.78253 3.22332 3.65146 2.76264 7.33695 4.20626 3.90396 4.08424 3.15325
threshold=48.189108096727203 1.0000000180025095e-35 3179.2170109759963 1.5000000000000002 225.53148304913233 1.5000000000000002 1.0000000180025095e-35 1.0000000180025095e-35 1.0000000180025095e-35 1162.3259825164271 1322.4527363546649 2808.4062165847231 174.47722096801951 465.62172842770275 19.497352915411604 1.0000000180025095e-35 100.08247864859138 5.5000000000000009 1.5000000000000002 356.69108710262157 452.75965212052921 95.441707641972926 195.18299822325702 401.96339663173177 4.5000000000000009 842.35544281963075 549.32546228672265 927.59982943455964 1252.3270931746526 2.5000000000000004
decision_type=2 2 2 2 2 2 2 2 2 2 2 2 2 2 2 2 2 2 2 2 2 2 2 2 2 2 2 2 2 2
left_child=-1 2 3 4 5 9 21 -8 14 12 -11 15 -2 -14 -9 16 -3 18 -18 -19 -5 -7 23 -23 27 26 -26 29 -29 -16
right_child=1 11 -4 20 -6 6 7 8 -10 10 -12 -13 13 -15 24 -17 17 19 -20 -21 -22 22 -24 -25 25 -27 -28 28 -30 -31
leaf_value=0.013408081029955344 -0.077918112515521998 -0.033700960826364937 -0.04703957686685166 0.012855064114135777 0.0047537695802784162 -0.025815153804788372 0.028698865725046898 -0.038966313126297072 0.0080933884257644081 0.076697284227614293 -0.026258489725429997 0.053261400101372258 -0.0053247398414548079 -0.06412921911192189 -0.0015709446472708878 0.01385714410778313 0.0041209826731965311 -0.050968846199601459 0.054861422446657294 -0.0013437356038140788 -0.039517608403387576 -0.007908087180144581 -0.032263117178693505 0.040907001832350347 0.0060300184176757705 -0.033447254008359122 0.053470755332659728 0.03403913198374061 -0.010757168558903603 -0.025652829523110949
leaf_weight=91.670723826158792 4.1092897861672126 8.8854286016430688 5.4698608760954803 35.985985399922356 63.763118750881404 40.888432673673378 11.061459510587154 8.3258219107519817 46.466666148975492 1.4857361536123783 1.836077634769026 3.6573614857625207 6.7434845815296267 4.0625817442196421 19.316191961988807 58.060042767319828 121.58844689768739 6.8810723286587727 4.3699194700457147 5.652691044844687 2.8139357515610746 53.918970065366011 12.684211891726589 4.1238710354082277 15.462898846715694 8.8698028330691141 6.6954418038949362 8.1117291776463407 13.65124340681359 45.878064272459596
leaf_count=1233 201 608 188 860 875 7623 92 213 328 31 89 74 177 121 185 517 2139 142 30 55 35 2090 216 62 146 89 65 96 145 462
internal_value=0 -0.002137 -0.0057631 -0.0052207 -0.00668833 -0.00901413 -0.007706 -0.00301514 -0.00504551 -0.0302068 0.0197902 0.00517651 -0.0413417 -0.0274325 -0.00987897 0.00432047 0.000563453 0.0027618 0.00588134 -0.0285881 0.00905677 -0.0154322 -0.00942967 -0.00443984 -0.00782638 0.00498197 0.0203649 -0.0123967 0.00593979 -0.0185177
internal_weight=0 630.82 421.725 416.255 377.455 313.692 295.455 183.839 172.778 18.2372 3.32181 209.095 14.9154 10.8061 126.311 205.438 147.378 138.492 125.958 12.5338 38.7999 111.615 70.7271 58.0428 117.985 31.0281 22.1583 86.9572 21.763 65.1943
internal_count=19187 17954 14389 14201 13306 12431 11812 1821 1729 619 120 3565 499 298 1401 3491 2974 2366 2169 197 895 9991 2368 2152 1188 300 211 888 241 647
is_linear=0
shrinkage=0.05


Tree=138
num_leaves=31
num_cat=0
split_feature=7 6 8 5 6 4 8 8 3 4 3 3 10 11 5 3 0 5 5 5 10 7 6 11 8 11 4 5 5 11
split_gain=8.59446 7.05034 5.2049 4.32183 3.97001 4.72536 4.61526 4.42241 4.42611 4.79527 3.94239 7.76273 4.12529 3.51757 3.82852 4.66301 3.48473 5.43293 3.47464 3.60921 4.68978 3.47024 4.30249 3.21445 3.14678 3.13979 6.72488 3.38226 3.12243 4.74478
threshold=1.5000000000000002 1.0000000180025095e-35 0.12985840016300579 146.89441876424289 1.5000000000000002 167.27843093957443 0.13431405863357737 0.48630674657002987 140.32390261911272 353.56221348967688 91.869891813611972 78.807265292584546 2.5000000000000004 1.0000000180025095e-35 48.189108096727203 248.32096810560475 135.988274271542 3179.2170109759963 1207.3699340141209 861.53916950106748 1.0000000180025095e-35 1.0000000180025095e-35 6.5000000000000009 1.0000000180025095e-35 0.15497227056947024 1.0000000180025095e-35 149.4855319893293 888.04823346073033 219.93891674973636 1.0000000180025095e-35
decision_type=2 2 2 2 2 2 2 2 2 2 2 2 2 2 2 2 2 2 2 2 2 2 2 2 2 2 2 2 2 2
left_child=1 13 16 24 -5 6 -6 8 -7 -10 11 12 25 14 -1 -16 17 -3 19 20 -11 22 28 -2 -4 26 -8 -27 29 -18
right_child=23 2 3 4 5 7 10 -9 9 18 -12 -13 -14 -15 15 -17 21 -19 -20 -21 -22 -23 -24 -25 -26 27 -28 -29 -30 -31
leaf_value=0.041757591259348074 0.018925949959881842 -0.022641552685685386 0.034067368190933416 -0.016584631300810098 -0.070339589464623334 0.021307778449964426 -0.032383340102885023 0.064947113952639746 -0.016302536439045324 -0.0036068116091334426 -0.03416723945583184 0.047785857909359186 0.067527119786496434 0.03769027059196503 -0.0012126652141661548 0.045919994734011288 -0.0089887947523009538 0.099850613511988304 0.039909915021497828 -0.035349141231011121 0.04239915396640892 0.0043481417637287389 -0.059670456449810762 0.062194158355444243 0.0075641059130126453 0.0070109035539926805 0.0886960371978643 -0.019868518207154403 -0.013190963468326725 0.018510761900887483
leaf_weight=7.7819535438902667 28.128125900868326 43.294307105796179 13.176850961754097 36.605324318486964 2.7688288245990398 34.564645467733499 18.55169268799364 3.3728467701002947 28.461699816340115 17.879632081603638 10.196504270308649 7.362745336838997 1.8604422812350083 13.062426326330749 46.081924240337685 5.9219933487474909 44.515012134768767 0.92455874767620017 8.0673298975452763 5.1055182740092269 8.0260255686007422 72.457125515851658 4.0435409728088407 5.065511943306773 74.643227354274131 36.544659892562777 1.2223526073503297 17.216943519655615 98.282268653012579 24.220168767496943
leaf_count=56 281 3275 241 956 147 674 2336 29 451 186 256 190 27 132 721 41 1354 41 90 64 85 1300 168 53 1024 312 60 133 4290 230
internal_value=0 -0.00052123 -0.00226784 0.00206182 -0.00143866 0.0013169 -0.00672653 0.00861655 0.00675577 -0.000691424 -0.00483171 -0.00121735 -0.00600272 0.0141848 0.00904915 0.00415461 -0.00716765 -0.0200804 0.0106785 0.00307414 0.0106466 -0.00482291 -0.00870754 0.0255289 0.0115408 -0.00786302 -0.0248987 -0.00159713 -0.00747371 0.000701205
internal_weight=0 686.213 613.364 325.627 237.807 201.202 95.7242 105.478 102.105 67.5402 92.9553 82.7588 75.3961 72.8483 59.7859 52.0039 287.737 44.2189 39.0785 31.0112 25.9057 243.518 171.061 33.1936 87.8201 73.5356 19.774 53.7616 167.017 68.7352
internal_count=19203 18869 17919 7261 5996 5040 3461 1579 1550 876 3314 3058 2868 950 818 762 10658 3316 425 335 271 7342 6042 334 1265 2841 2396 445 5874 1584
is_linear=0
shrinkage=0.05


Tree=139
num_leaves=31
num_cat=0
split_feature=8 7 6 11 0 5 4 9 4 7 7 4 5 0 0 11 0 0 0 0 4 8 4 8 10 8 5 4 4 6
split_gain=6.01813 4.25707 4.07401 4.66654 7.59407 4.34161 3.84673 4.85551 3.68195 3.59686 3.59529 3.19705 4.13668 3.11991 3.09216 3.89577 3.00937 2.89972 2.84802 3.71761 2.70005 2.67815 2.63698 2.62621 2.6193 5.28324 3.39385 3.36828 4.88288 3.45145
threshold=0.19667434382226454 2.5000000000000004 1.0000000180025095e-35 1.0000000180025095e-35 224.0334013792409 101.15873163407757 268.59289033940507 1.0000000180025095e-35 313.46040845957197 1.0000000180025095e-35 1.5000000000000002 437.92023169105488 66.250456536174454 294.9088829333943 63.937452978133514 1.0000000180025095e-35 680.46374583134912 659.79922001898865 363.57042018080693 104.91633815420063 21.039404621261863 0.35808616204851484 401.96339663173177 0.062876232147283453 1.0000000180025095e-35 0.15909574945980767 92.319946293244797 102.31234046560238 93.991093506451406 2.5000000000000004
decision_type=2 2 2 2 2 2 2 2 2 2 2 2 2 2 2 2 2 2 2 2 2 2 2 2 2 2 2 2 2 2
left_child=1 2 11 4 -4 -6 16 17 -9 24 14 12 -1 -11 20 21 -7 -8 19 -17 -2 -16 -10 -24 27 26 -26 28 29 -5
right_child=10 -3 3 9 5 6 7 8 22 13 -12 -13 -14 -15 15 18 -18 -19 -20 -21 -22 -23 23 -25 25 -27 -28 -29 -30 -31
leaf_value=0.037922680402287745 0.0044218321998993016 0.061827461576157906 -0.031987186080546758 -0.032780703473653888 0.0043530521538771459 -0.029987939833741935 -0.027619326409686559 0.045981070554887982 -0.0232326322764492 0.0053215044705269589 0.042926703778634098 0.049979063252580259 -0.0013285991918041448 0.03749650146402668 -0.0020520125164976231 0.04248150846000881 0.015480251909102247 -0.0015176601233393063 0.050282448619500854 0.0078386954026392619 -0.038081956006476125 0.011942100689773517 -0.011844777129613951 0.02627921860823031 0.036821253505890654 0.042647221532300557 -0.0060952112630145387 -0.0018276429041591147 -0.070910177560821908 -0.00059658064944287045
leaf_weight=8.0933461929671449 7.3983330344781262 2.4631361905485383 35.718356797064189 14.472588731208814 58.968071919633076 34.535364317940548 25.3842647789279 5.5421300730667999 7.8147220360115197 40.19056132575497 6.4062968669459215 4.3876200262457123 39.342815545620397 9.2726304465904814 109.22550617530942 9.3079218342900258 4.0678016943857065 18.319507828447968 5.8707648823037735 46.097093661315739 7.5488926374237053 49.766204694285989 7.4440821046009686 11.48904286790639 5.148426958359777 7.8340733414515844 43.77534325234592 63.769026029855013 4.280639440752565 19.627719190437347
leaf_count=68 229 17 6658 241 694 3157 954 64 73 288 66 37 650 125 2635 66 48 156 118 379 221 575 60 89 64 58 427 575 46 326
internal_value=0 -0.00373342 -0.00407739 -0.00571809 -0.0109917 -0.00667102 -0.0123437 -0.0058146 0.00888901 -0.000421367 0.00596956 0.00914522 0.00536828 0.0113532 0.004963 0.00645639 -0.0251967 -0.0166782 0.0171675 0.0136586 -0.0170441 0.0023283 0.00120357 0.0112897 -0.00408643 0.00452542 -0.00157895 -0.00887146 -0.0205746 -0.0142559
internal_weight=0 471.941 469.478 417.654 209.283 173.565 114.597 75.9937 32.29 208.371 241.621 51.8238 47.4362 49.4632 235.215 220.267 38.6032 43.7038 61.2758 55.405 14.9472 158.992 26.7478 18.9331 158.908 56.7578 48.9238 102.15 38.3809 34.1003
internal_count=19164 14875 14858 14103 11953 5295 4601 1396 286 2150 4289 755 718 413 4223 3773 3205 1110 563 445 450 3210 222 149 1737 549 491 1188 613 567
is_linear=0
shrinkage=0.05


Tree=140
num_leaves=31
num_cat=0
split_feature=8 7 0 9 11 4 8 0 10 6 0 11 8 4 0 2 3 4 1 0 6 0 0 4 6 8 6 10 8 8
split_gain=6.05244 5.7314 5.66319 5.92145 5.15596 5.99217 5.31359 4.42337 4.08032 3.93216 3.48322 3.40463 4.23783 5.43013 3.91978 3.09721 6.772 4.72059 2.89995 2.89594 2.83201 2.71652 5.45449 3.19967 2.67363 3.00582 2.63781 3.39878 2.93996 2.81973
threshold=0.45491259551831259 1.5000000000000002 827.96897245814819 1.0000000180025095e-35 1.0000000180025095e-35 130.76942604470887 0.10768351881947016 476.72809421571384 1.0000000180025095e-35 1.0000000180025095e-35 705.37169474384621 1.0000000180025095e-35 0.070767266557036065 424.90480886809797 576.75883003262754 2.5000000000000004 123.7460426628074 221.69258157072858 3.5000000000000004 553.84129387782059 5.5000000000000009 268.39041275448068 217.58816980199177 44.559743891329916 1.0000000180025095e-35 0.28140724848485321 3.5000000000000004 1.0000000180025095e-35 0.026258917672967941 0.0071545152510154681
decision_type=2 2 2 2 2 2 2 2 2 2 2 2 2 2 2 2 2 2 2 2 2 2 2 2 2 2 2 2 2 2
left_child=1 2 3 4 5 24 9 8 -6 -7 -8 12 14 15 -5 19 17 21 -4 -14 -13 22 23 -17 25 -1 29 -28 -29 -11
right_child=-2 -3 18 11 7 6 10 -9 -10 26 -12 20 13 -15 -16 16 -18 -19 -20 -21 -22 -23 -24 -25 -26 -27 27 28 -30 -31
leaf_value=-0.02384003010951647 0.024665177127824151 0.020322752266224028 0.0058493442725892335 -0.020130388519301042 -0.0075021931637208441 0.0029480081885389403 -0.0044587639131156457 0.029255424783546743 0.0068721349410353896 0.035090766269821688 0.023632733050324276 0.010745374355934346 -0.0071509632088754965 0.033957883424154484 0.022295842720822651 -0.02462424952044915 -0.03144621879709477 0.087890206820342487 0.04691298092120906 0.037808208592995413 0.046816593825294343 -0.00042158543809775071 0.076264594133486768 0.034479876640379152 -0.037498157153476708 0.03658724330181163 -0.038369052188453323 0.045183278795474027 -0.014292680387667551 -0.045543760118971738
leaf_weight=7.8956803897162882 24.433626516722143 31.108538360800594 8.4756288784556109 34.537944329786114 136.4530276984442 12.940674904501064 97.875315880111884 11.712976644746957 77.358328785281628 1.1481662145815814 12.437219670973716 54.406585978576913 67.209045139723457 14.417443304322658 6.4629296623170367 3.8616913558216819 6.7930442262440911 2.6337429173290721 8.7259001052007061 3.7833535689860573 6.0461251968517891 11.52885769610293 4.7055977017153046 5.6257514049066231 27.974060681503033 2.7834522346965969 7.997880156501199 3.1694686053087917 6.0323090025922284 19.457713831186993
leaf_count=336 226 316 70 1075 1416 142 2289 189 657 80 86 499 1269 116 47 178 58 18 65 31 59 141 70 170 7240 41 572 71 234 1436
internal_value=0 -0.000653352 -0.00163542 -0.00238794 -0.00584353 -0.0116942 -0.0074513 -0.000662509 -0.00230147 -0.0208414 -0.00129158 0.0042308 0.00044325 0.00516576 -0.0134428 0.00125485 0.0133934 0.0241354 0.0266799 -0.00475498 0.014353 0.0176073 0.032252 0.0104226 -0.0293733 -0.00809002 -0.0289844 -0.0145283 0.00619327 -0.0410508
internal_weight=0 695.558 664.45 647.248 425.236 199.712 161.059 225.524 213.811 50.7462 110.313 222.012 161.559 120.559 41.0009 106.141 35.1487 28.3556 17.2015 70.9924 60.4527 25.7219 14.193 9.48744 38.6532 10.6791 37.8055 17.1997 9.20178 20.6059
internal_count=19197 18971 18655 18520 14789 12527 4910 2262 2073 2535 2375 3731 3173 2051 1122 1935 635 577 135 1300 558 559 418 348 7617 377 2393 877 305 1516
is_linear=0
shrinkage=0.05


Tree=141
num_leaves=31
num_cat=0
split_feature=7 6 8 9 0 0 5 11 0 2 0 5 6 11 0 3 0 2 3 3 8 4 4 5 8 3 5 8 3 4
split_gain=6.04691 6.06547 4.99018 5.76482 4.91277 4.33586 5.1656 3.94296 4.93357 5.1817 4.20245 3.76673 4.81798 7.79926 3.41212 3.37019 3.13285 4.4711 3.94708 3.0615 3.39921 4.58556 4.99489 4.49559 3.48825 3.2616 3.1062 3.28796 2.86534 2.84258
threshold=1.0000000180025095e-35 1.0000000180025095e-35 0.19864806658778503 1.0000000180025095e-35 366.64528560403772 680.46374583134912 79.562020119996063 1.0000000180025095e-35 336.08512346908458 1.5000000000000002 353.59070715564735 20.77858595524712 1.0000000180025095e-35 1.0000000180025095e-35 162.72495156747385 148.3250391357324 403.07464282296809 3.5000000000000004 112.96749319475967 204.41304169419453 0.24049502789834709 43.857531860150822 73.595456948521104 1045.3639886817125 0.21832733475172797 369.29209026282882 36.527792906342476 0.20776517461908853 78.126567537729173 147.84366976282482
decision_type=2 2 2 2 2 2 2 2 2 2 2 2 2 2 2 2 2 2 2 2 2 2 2 2 2 2 2 2 2 2
left_child=2 -2 3 7 11 6 -5 8 -1 10 -10 -4 -13 14 -14 16 -11 18 -18 20 24 -22 -23 28 26 -21 -3 29 -24 -28
right_child=1 19 4 5 -6 -7 -8 -9 9 15 -12 12 13 -15 -16 -17 17 -19 -20 25 21 22 23 -25 -26 -27 27 -29 -30 -31
leaf_value=-0.041002938553725006 0.079178045243168113 0.027824649098411081 0.034972024857892942 0.018477415644463216 0.015825719268981821 0.035306187322259583 -0.006379903193612391 -0.0062619686279325503 0.072571563614093962 -0.055121000295508107 -0.00085067260254403226 0.025076971860266348 -0.047102799341449286 0.0057762063724585387 -0.015139944428652947 -0.034073239819296816 -0.028998918759176786 -0.049309449040069432 0.057692799238083951 0.030506814264529603 0.059846994211913342 -0.032412864587141557 0.054458427432363232 -0.021342146478227943 -0.036668329467498748 -0.006573556059832928 -0.0097741777654337583 0.04399697286972435 0.015803123180485001 0.0061940976032888936
leaf_weight=21.510423881496536 2.8843675393145523 10.349902241956441 6.5076004946604362 26.855026518460363 57.286116922390647 8.8916545035317522 94.257249822025187 122.81145741580985 2.1687510656192925 2.1364392797113387 19.224145100626629 12.517394324764608 10.733854889345819 51.122675240039825 37.592730644333642 26.071793796145357 1.8270364366471747 2.1903192509198561 4.6666477854014374 22.488301713019613 5.3142992986831805 5.7746989852748802 7.4102507049683544 5.4973419215530148 6.256566858966834 8.0543921194039267 59.913888803741429 3.9626967721851534 13.578475318150593 52.109659412875772
leaf_count=6401 44 121 59 285 673 65 2173 1479 62 361 504 143 1093 375 1078 576 199 83 162 212 88 91 96 66 108 82 1652 64 130 718
internal_value=0 0.00718698 -0.00301049 -0.00661155 0.00380418 0.00160603 -0.000868125 -0.0118844 -0.0205377 -0.012985 0.00659267 -0.00200861 -0.00415796 -0.00783768 -0.0222392 -0.0243376 -0.000879466 0.012465 0.0333016 0.00615241 0.00353623 0.0168111 0.00972182 0.0189083 -0.000225695 0.0207284 0.00157906 -0.000762935 0.0294507 -0.00234626
internal_weight=0 203.595 508.371 332.611 175.76 130.004 121.112 202.607 79.7956 58.2851 21.3929 118.474 111.967 99.4493 48.3266 36.8922 10.8204 8.684 6.49368 200.71 170.168 37.5751 32.2608 26.4861 132.593 30.5427 126.336 115.986 20.9887 112.024
internal_count=19243 3472 15771 12350 3421 2523 2458 9827 8348 1947 566 2748 2689 2546 2171 1381 805 444 361 3428 3134 471 383 292 2663 294 2555 2434 226 2370
is_linear=0
shrinkage=0.05


Tree=142
num_leaves=31
num_cat=0
split_feature=10 6 8 11 0 0 4 0 5 8 3 4 4 4 8 9 5 10 8 4 5 10 0 0 0 8 2 3 5 0
split_gain=6.28473 4.60343 4.39498 4.16253 5.27385 3.85735 3.29692 4.03158 3.28332 3.26798 3.89245 5.92603 3.74109 3.53375 3.81078 3.19623 3.43517 3.15478 3.04841 3.02831 3.72501 3.0132 2.73564 2.72825 5.08198 5.97312 3.34719 2.65859 2.63586 4.34403
threshold=1.0000000180025095e-35 1.0000000180025095e-35 0.38856892835609974 1.0000000180025095e-35 528.34784060779043 353.59070715564735 252.98999883371349 292.46155263966352 48.189108096727203 0.008815068996038752 112.96749319475967 307.42535699390658 370.07581632509863 117.34769685996524 0.28981200130824553 1.0000000180025095e-35 203.15399125454422 2.5000000000000004 0.069252752197339548 47.737145428488276 286.25560795212812 1.5000000000000002 302.91181828046587 115.44604215842644 143.98067065292562 0.31607229904803352 3.5000000000000004 121.02079442674362 79.562020119996063 227.81652570205446
decision_type=2 2 2 2 2 2 2 2 2 2 2 2 2 2 2 2 2 2 2 2 2 2 2 2 2 2 2 2 2 2
left_child=1 19 3 4 23 9 15 -8 -6 -2 13 27 -13 17 -15 -5 -17 22 -18 20 -1 -7 -11 -3 25 26 -25 -12 -26 -30
right_child=5 2 -4 6 8 21 7 -9 -10 10 11 12 -14 14 -16 16 18 -19 -20 -21 -22 -23 -24 24 28 -27 -28 -29 29 -31
leaf_value=0.028698340480600212 -0.040110740861915635 -0.040433607664826704 0.014770475526509211 -0.007327996942231272 0.040189247807658347 0.010386203306966239 -0.01210691365170595 0.03315306185077959 -0.0022097508208412013 0.00165872289044839 -0.061997371550040974 0.045621796909601456 -0.0052452819922015189 0.012289524855796478 0.051101266571199788 0.037351247306355605 -0.014513816130252852 0.039253257516058036 0.015145183074339486 0.01912805560774869 -0.050951283081807464 0.032195984969176375 -0.043227599613765932 -0.013749076673632864 -0.0056212427363299807 0.14507540478105888 0.1066968491513002 -0.019112990103997984 -0.053341344627904567 -0.017468086730402045
leaf_weight=2.4471634073415762 4.3948548289190503 11.168978692294329 27.693753511528485 116.62770893680863 5.0166436731815329 80.759948541875929 7.4763988964259651 14.391037220135329 50.836729050963186 91.464714201836614 4.6976938315783654 5.3644755020504844 11.081335107330231 35.393721945700236 7.7005301613826296 8.368584684096275 15.860155146569012 5.4081506654620162 19.0935701681301 34.132073719170876 3.6683450158452615 19.699791168794036 3.5252872973214826 3.2555582990462422 35.913974438386504 0.98711599968373764 0.70102039576158848 15.667112685565369 9.6853890086640586 65.577612670342205
leaf_count=36 185 2603 331 1257 39 1081 58 218 652 3111 89 86 148 944 85 90 93 76 144 474 85 247 103 775 603 44 69 274 2054 3287
internal_value=0 -0.00278205 -0.00443279 -0.00588997 -0.0112104 0.00677792 -0.000530727 0.0176788 0.00159845 0.00248911 0.00352747 -0.0109772 0.0113471 0.00724841 0.0192248 -0.00302023 0.00857667 0.00210773 0.0016875 0.0133226 -0.0190789 0.014663 -7.10699e-06 -0.0168308 -0.0145606 0.035043 0.00759134 -0.0290054 -0.0167663 -0.0220845
internal_weight=0 432.902 392.654 364.96 183.143 285.158 181.817 21.8674 55.8534 184.698 180.303 36.8106 16.4458 143.492 43.0943 159.95 43.3223 100.398 34.9537 40.2476 6.11551 100.46 94.99 127.29 116.121 4.94369 3.95658 20.3648 111.177 75.263
internal_count=19341 12912 12317 11986 10126 6429 1860 276 691 5101 4916 597 234 4319 1029 1584 327 3290 237 595 121 1328 3214 9435 6832 888 844 363 5944 5341
is_linear=0
shrinkage=0.05


Tree=143
num_leaves=31
num_cat=0
split_feature=6 7 8 0 5 3 5 8 8 8 8 8 3 3 3 8 0 0 5 6 7 8 5 8 5 5 8 2 3 0
split_gain=6.38574 6.07441 4.64419 3.45803 4.10182 3.1929 2.97522 4.33249 2.9372 3.53406 3.4241 7.42649 3.38501 3.05771 4.26383 5.14548 2.94997 4.12646 2.85705 2.61103 2.93233 2.68772 2.79945 3.55326 2.63555 4.17557 2.52917 4.09301 3.71554 2.49913
threshold=1.0000000180025095e-35 1.0000000180025095e-35 0.051800994285479386 394.9827415049736 50.956593912618509 602.67791809631092 774.7216071661104 0.28140724848485321 0.060460278955909365 0.17781964193083633 0.15497227056947024 0.15234075041201497 37.250717790774509 34.870444638169481 60.229724756908006 0.057341221239804528 399.34187962649838 503.97420885567027 76.412503577062253 7.5000000000000009 1.5000000000000002 0.14102653422692782 372.73431005541153 0.18937277146118056 603.0740612633814 707.34579365831848 0.070767266557036065 2.5000000000000004 110.5140392992282 446.04504478847997
decision_type=2 2 2 2 2 2 2 2 2 2 2 2 2 2 2 2 2 2 2 2 2 2 2 2 2 2 2 2 2 2
left_child=3 2 -2 4 -1 8 7 -6 13 10 11 26 -11 -4 15 -15 -12 -18 -16 20 21 29 23 -23 -24 -26 27 -10 -29 -3
right_child=1 19 5 -5 6 -7 -8 -9 9 12 16 -13 -14 14 18 -17 17 -19 -20 -21 -22 22 24 -25 25 -27 -28 28 -30 -31
leaf_value=0.043902656754342746 -0.015007967864611095 -0.0062761263649428693 -0.06095154304104388 0.032762726221231317 -0.01780990601144733 0.039346302613109251 0.018384241994208777 0.034390097004049387 -0.038380790165867387 -0.01303007698079961 -0.014612874756309636 0.072912387098121145 0.0043567000178766141 0.025792431634904689 0.059216562280265096 0.18148300840039513 -0.096737065617247903 -0.021347616952978345 -0.0027779743181373506 -0.02837994940750568 0.021403548047447887 0.047521350270293833 -0.017681122629381898 0.01192038020073434 0.060100631666629038 0.0030631364446680989 -0.0049406704445730011 -0.01052731829125373 0.10016813104791936 0.012671841860548774
leaf_weight=6.8045701768714926 86.277093221666291 69.175323761592153 1.0446319009643037 19.070054591633379 21.786506784963425 4.5912145841866723 17.210528361960314 4.8620955618098369 13.485714290407488 34.347490449494217 16.263174411171352 2.9204701719863797 151.33141685198643 1.2582049219927278 2.5393015663139504 0.91780770124751132 3.0966814679559311 4.3857155258301646 6.9312618356198072 5.4305869060335672 29.170647194609046 9.497864858072715 11.872153349861035 26.744415622670203 3.6738118490320657 25.347586854593828 110.02711610871484 2.6846544856962278 1.0563297954504376 23.251513888826594
leaf_count=52 3844 1737 153 150 410 45 277 40 506 1174 777 107 2773 91 30 46 60 61 301 93 304 143 179 295 61 394 4574 197 23 240
internal_value=0 -0.00131021 -0.00459776 0.0146145 0.00778335 -0.00208106 0.00217959 -0.0082859 -0.00262096 -0.00350354 -0.00910574 -0.00592063 0.00114044 0.0209957 0.0283459 0.0914603 -0.0265666 -0.0525485 0.0138444 0.00582574 0.00676044 0.00424132 0.0111321 0.0212502 0.00216485 0.0102835 -0.00772984 -0.0255443 0.0207294 -0.00150945
internal_weight=0 647.322 443.158 69.7338 50.6637 356.881 43.8591 26.6486 352.29 339.599 153.92 130.174 185.679 12.6912 11.6466 2.17601 23.7456 7.4824 9.47056 204.164 198.733 169.563 77.1358 36.2423 40.8936 29.0214 127.254 17.2267 3.74098 92.4268
internal_count=19137 18208 14762 929 779 10918 727 450 10873 10252 6305 5407 3947 621 468 137 898 121 331 3446 3353 3049 1072 438 634 455 5300 726 220 1977
is_linear=0
shrinkage=0.05


Tree=144
num_leaves=31
num_cat=0
split_feature=7 6 11 0 10 8 3 3 11 11 8 4 3 3 0 0 9 8 8 8 0 3 5 3 0 8 5 8 8 4
split_gain=5.8914 5.60316 4.10562 5.05102 3.9549 4.42078 3.93806 3.92593 4.20883 3.75781 3.52853 3.47597 4.50763 5.11389 3.29446 3.20213 4.074 3.43271 3.4261 2.99835 2.9513 3.18861 2.91391 4.7316 3.15603 3.18004 2.91275 3.84053 2.8179 2.77087
threshold=1.0000000180025095e-35 1.0000000180025095e-35 1.0000000180025095e-35 160.12845728603028 1.0000000180025095e-35 0.53795192865857411 204.41304169419453 18.277992167069382 1.0000000180025095e-35 1.0000000180025095e-35 0.096659167035345731 245.83366822610969 142.03957969892906 128.25161975308927 659.79922001898865 114.15616662864258 1.0000000180025095e-35 0.38856892835609974 0.24980761144193478 0.021648266887142106 375.93548737954421 150.11752222297039 79.562020119996063 58.156984426515002 286.48174375485581 0.087195284409643983 101.15873163407757 0.01045295758264273 0.38856892835609974 155.50351448904914
decision_type=2 2 2 2 2 2 2 2 2 2 2 2 2 2 2 2 2 2 2 2 2 2 2 2 2 2 2 2 2 2
left_child=1 7 3 -3 5 14 9 -1 19 15 -11 12 13 26 22 -2 17 -17 -18 -9 21 -13 23 -5 -24 -26 -4 -28 -29 -27
right_child=6 2 11 4 -6 -7 -8 8 -10 10 -12 20 -14 -15 -16 16 18 -19 -20 -21 -22 -23 24 -25 25 29 27 28 -30 -31
leaf_value=-0.033296412971009375 -0.022070787621367789 -0.030799259925783043 0.014589522011514519 0.044077772180595179 0.0018422487913997599 0.047550878294058768 0.02543901633332258 -0.031966463442216805 0.045343123478912291 0.0053079582127580887 0.030578908078962876 -0.021696225394316086 -0.03899113811810305 0.050290482339755631 0.0021562582640123214 -0.0074010706787359702 0.010418598470444955 0.038734328242143429 0.052996737760602125 0.012831180449055547 0.041737136776536454 0.021486280626341531 -0.051873959943308803 -0.014551701762791622 -0.053536512901886636 -0.049627563232960692 -0.042278573396709818 -0.0033588482099206635 0.031226705821258346 -0.008538503722705525
leaf_weight=4.521810562349855 13.743081414548213 22.384770498960279 25.995219453703612 4.0114488638355423 91.890583633678034 2.9918020218610755 30.154544329736382 4.0251389069017014 9.662452776450662 31.511562344618142 24.593731253407896 6.479438900947577 7.5074696764349929 5.0234041111543766 23.854996193666011 57.388302125968039 31.255082953255624 4.3365643341094247 5.565993908327072 51.85146200156305 8.8511877222917956 12.564496577717362 9.7265193608764076 24.209856312256306 6.0598625743295988 4.7649595954571842 6.1352188647724679 138.64489117101766 6.1507443878799668 29.535523466183804
leaf_count=81 734 4949 230 115 2594 22 298 72 105 244 254 49 62 38 203 1508 322 32 43 622 200 100 2263 360 915 374 79 1455 47 859
internal_value=0 -0.00136214 -0.00346764 -0.00829223 -0.00573539 -0.0123572 0.00879857 0.0117642 0.0148731 0.00581874 0.0163855 0.00140308 -0.00102316 0.000543444 -0.0141116 0.000539074 0.00369221 -0.00415977 0.0168548 0.00960413 0.0178816 0.00679402 -0.0190672 -0.00621796 -0.0263071 -0.0201457 -0.000869008 -0.00353147 -0.0018897 -0.0142465
internal_weight=0 506.843 436.782 219.43 197.046 105.155 198.549 70.0609 65.5391 168.394 56.1053 217.352 189.457 181.949 102.163 112.289 98.5459 61.7249 36.8211 55.8766 27.8951 19.0439 78.3082 28.2213 50.0869 40.3603 176.926 150.931 144.796 34.3005
internal_count=19229 15794 14914 12654 7705 5111 3435 880 799 3137 498 2260 1911 1849 5089 2639 1905 1540 365 694 349 149 4886 475 4411 2148 1811 1581 1502 1233
is_linear=0
shrinkage=0.05


Tree=145
num_leaves=31
num_cat=0
split_feature=5 11 8 8 4 6 8 3 8 1 5 10 4 3 10 4 10 0 5 5 5 6 0 7 0 8 8 0 10 6
split_gain=6.23317 4.70045 4.33767 4.29622 5.6526 3.64528 4.30313 3.45054 3.35734 3.33812 3.58181 3.23752 3.48475 4.40508 4.22148 3.731 3.12827 3.4159 3.07655 4.40113 3.8427 3.00062 4.6797 3.58451 3.77329 2.98774 2.87087 3.91618 3.13546 2.84888
threshold=146.89441876424289 1.0000000180025095e-35 0.38856892835609974 0.18937277146118056 256.53611719696772 2.5000000000000004 0.033936140192140293 248.32096810560475 0.18605031885911047 6.5000000000000009 609.30480145144145 1.5000000000000002 75.299871956000345 89.384507174027291 1.0000000180025095e-35 147.84366976282482 2.5000000000000004 623.01225069308225 306.37777511611438 700.2758467285164 1005.4429992194281 1.0000000180025095e-35 296.69162440998895 1.5000000000000002 278.25168371783508 0.24662626164387905 0.31607229904803352 84.718706516444612 1.5000000000000002 2.5000000000000004
decision_type=2 2 2 2 2 2 2 2 2 2 2 2 2 2 2 2 2 2 2 2 2 2 2 2 2 2 2 2 2 2
left_child=2 3 5 8 9 6 -1 26 16 11 -11 12 -5 14 -14 -16 17 21 -6 29 -21 22 -2 -23 -25 -22 28 -28 -3 -20
right_child=1 7 -4 4 18 -7 -8 -9 -10 10 -12 -13 13 -15 15 -17 -18 -19 19 20 25 23 -24 24 -26 -27 27 -29 -30 -31
leaf_value=-0.013299076879403033 -0.030362333549232925 -0.0017446877800228622 0.039039095597913354 -0.045829092410838171 -0.010094906254676288 8.9599300079234838e-05 0.018634548515666673 0.038542693926979982 -0.075028939756514812 0.084402746940263326 -0.022881965373369825 0.015706308545356932 -0.013134874145782228 -0.02461663762954705 0.0078645280293632453 0.073212095316693801 0.035006771857968987 0.0011023313692163277 0.062859090772070511 -0.025104226377121865 0.052992377929868266 -0.027511267578510891 0.014178597501090129 -0.030727038828104781 0.024139449842747896 0.0030577069798685347 -0.014494523055864683 0.036784038708500021 0.021633863572043548 0.020985337436148305
leaf_weight=12.366187337029258 9.5231529439333844 201.9393722480163 10.559079002588986 8.3591785027529095 11.108850130811332 108.94444857296185 71.806477236066712 6.453423344064503 2.1616989594185716 1.9027882622031023 1.3160632395010905 9.3765178434550744 13.36186543860822 27.142508931516204 6.3954939284012653 3.317200550227426 3.4178745986428103 31.011888380395249 7.1492176535539356 7.1711706661153611 4.5815495649585491 64.533747521723853 15.487689523957668 5.3590787942521256 7.5459655672311783 8.6535230777226371 5.381268352270129 12.085027271416036 15.438339709304271 9.4061013454338518
leaf_count=258 364 2009 92 1013 109 1967 1172 119 102 61 74 162 619 516 176 58 64 336 72 75 59 8974 134 106 45 84 33 124 129 106
internal_value=0 -0.00254387 0.00783401 -0.00723163 -0.000268214 0.0061278 0.013943 0.00247387 -0.0132035 -0.00921496 0.0405382 -0.0115717 -0.0159382 -0.0109625 0.0050987 0.0301828 -0.0122271 -0.0134367 0.0129781 0.0199127 0.00437221 -0.0178377 -0.00278085 -0.0227007 0.00135504 0.0203435 0.00148272 0.0209854 -8.43243e-05 0.039068
internal_weight=0 499.581 203.676 258.283 119.242 193.117 84.1727 241.297 139.041 71.1716 3.21885 67.9528 58.5762 50.2171 23.0746 9.71269 136.879 133.462 48.0704 36.9616 20.4062 102.45 25.0108 77.4388 12.905 13.2351 234.844 17.4663 217.378 16.5553
internal_count=19212 15723 3489 13309 3184 3397 1430 2414 10125 2679 135 2544 2382 1369 853 234 10023 9959 505 396 218 9623 498 9125 151 143 2295 157 2138 178
is_linear=0
shrinkage=0.05


Tree=146
num_leaves=31
num_cat=0
split_feature=10 8 3 5 11 4 9 8 6 0 6 8 0 0 0 5 4 9 6 5 5 0 5 5 5 8 4 3 5 4
split_gain=5.01464 4.82852 3.405 5.1666 3.58955 4.77252 4.86655 4.7765 4.66493 4.1706 4.19683 3.85772 3.59366 5.28955 3.79932 3.67069 3.2491 3.23793 4.123 3.16336 3.09389 3.48819 3.0372 3.45881 2.94481 3.05512 2.92154 3.86734 3.18427 3.33245
threshold=1.5000000000000002 0.24049502789834709 17.456985585725668 3179.2170109759963 1.0000000180025095e-35 286.98061637840243 1.0000000180025095e-35 0.057341221239804528 1.0000000180025095e-35 680.46374583134912 1.0000000180025095e-35 0.066823748389320883 476.72809421571384 423.20321540993694 380.23432339165623 50.956593912618509 297.34001363167687 1.0000000180025095e-35 6.5000000000000009 471.1898925903435 274.49047732428886 387.54349178883723 101.15873163407757 69.734370565269089 54.350451386058829 0.018063773727074624 224.48087646357445 129.69252757897098 522.38826844025732 64.151403444728984
decision_type=2 2 2 2 2 2 2 2 2 2 2 2 2 2 2 2 2 2 2 2 2 2 2 2 2 2 2 2 2 2
left_child=1 2 3 -1 5 6 20 19 -6 10 -8 -9 13 14 15 -10 -13 18 26 -7 21 -4 23 -12 -2 -26 27 28 -3 -30
right_child=24 17 4 -5 8 7 9 11 12 -11 22 16 -14 -15 -16 -17 -18 -19 -20 -21 -22 -23 -24 -25 25 -27 -28 -29 29 -31
leaf_value=-0.025325382177406833 0.042080279587965827 0.010669964994200641 -0.025769918095876823 0.097477423324686396 0.038164263331571802 -0.0020082162699960162 0.018827339443172129 0.048879362059533908 0.03015083051210217 0.055200214202216574 -0.0081749294620610449 0.051183810508116656 0.028416573960785708 -0.03762743618468322 0.028189048163151143 -0.0025721879059844065 0.0023853087866972573 0.018648967004099275 -0.044718074206447675 -0.035786973903560212 -0.038226219251817267 0.004665478592059253 -0.021860985083444428 0.038288816135208792 -0.035012689801262875 0.012806880160138546 0.016294772106617336 -0.039829306015185931 0.014829267464061872 -0.022769075132903892
leaf_weight=24.774745106289632 8.059634327888487 42.626521771599073 26.217565112165175 0.8871729937964109 8.7724824822507781 16.4679275896051 13.440252896398304 5.2913270137505597 9.0631061205640417 2.85600547119975 20.193989608902488 3.5816900299396357 11.205031181685625 9.2365803276188654 12.132643706630914 157.5172974311281 71.603605225856882 41.841060079168528 4.4606813487480386 11.968399976904037 21.619009974645451 14.688500243530141 34.038987793261185 4.9963149898685506 3.5684699097764669 52.186340751708485 34.870700824307278 5.9653538870625189 8.5344806505017932 19.044116942910478
leaf_count=1574 90 835 2228 29 95 256 113 86 104 18 199 69 175 78 99 1522 1005 522 67 274 5385 304 1609 67 90 1006 389 77 309 459
internal_value=0 -0.000870577 -0.00335975 -0.0210799 -0.0023601 -0.00643555 -0.0126093 0.00138986 0.00248048 -0.00406764 -0.00639694 0.00761411 0.000908658 -0.000731287 0.00117565 -0.000791833 0.00470998 0.0067318 0.00241475 -0.0162252 -0.0229269 -0.0148412 -0.0121208 0.00104082 0.01383 0.00974629 0.00430814 -0.00117932 0.00210478 -0.0111339
internal_weight=0 637.896 480.553 25.6619 454.891 246.964 138.051 108.913 207.927 75.5256 72.6695 80.4766 199.155 187.95 178.713 166.58 75.1853 157.343 115.502 28.4363 62.5251 40.9061 59.2293 25.1903 63.8144 55.7548 111.041 76.1705 70.2051 27.5786
internal_count=19133 17947 15289 1603 13686 11613 9923 1690 2073 2006 1988 1160 1978 1803 1725 1626 1074 2658 2136 530 7917 2532 1875 266 1186 1096 2069 1680 1603 768
is_linear=0
shrinkage=0.05


Tree=147
num_leaves=31
num_cat=0
split_feature=9 4 3 0 6 7 1 11 5 0 10 0 5 0 11 10 0 0 3 5 10 6 4 7 2 3 5 5 7 5
split_gain=6.19528 4.31709 5.37667 4.10919 4.13876 3.63633 3.63485 3.4599 4.00724 5.52464 3.80531 3.44251 3.25763 3.32494 3.30282 3.2601 3.66106 3.13553 4.86409 2.86596 2.82277 2.81583 3.05782 2.7409 3.11011 2.73463 2.72966 2.59663 2.42947 3.01371
threshold=1.0000000180025095e-35 14.013217233633689 9.3504686879391556 911.89367059962524 8.5000000000000018 2.5000000000000004 4.5000000000000009 1.0000000180025095e-35 131.8323138609675 503.97420885567027 1.5000000000000002 363.57042018080693 48.189108096727203 735.24135926382678 1.0000000180025095e-35 2.5000000000000004 115.44604215842644 49.589278106915209 17.456985585725668 124.65441903741426 1.5000000000000002 5.5000000000000009 362.11066727460343 1.0000000180025095e-35 2.5000000000000004 204.41304169419453 615.64697772039074 45.178836935987896 1.0000000180025095e-35 971.32479332082437
decision_type=2 2 2 2 2 2 2 2 2 2 2 2 2 2 2 2 2 2 2 2 2 2 2 2 2 2 2 2 2 2
left_child=1 -1 6 4 5 7 -3 8 19 25 -11 20 -2 14 15 16 -14 -16 -19 -4 27 23 -23 -18 -25 28 -20 -9 29 -10
right_child=12 2 3 -5 -6 -7 -8 11 9 10 -12 -13 13 -15 17 -17 21 18 26 -21 -22 22 -24 24 -26 -27 -28 -29 -30 -31
leaf_value=-0.046634312550770503 0.021208559512548682 -0.0014578865309787968 -0.0033880090425139828 0.032127251472005403 -0.083236276836354151 0.061103797834883192 0.11251778710105194 0.020784031971213427 -0.047833236721907882 -0.0072667137042243925 0.035735363867544119 0.012224619061769561 -0.031519741340953263 0.039295927285999621 0.045384788781162588 0.043441387000769931 -0.0043280235167741854 -0.042223668638036588 0.024389305664200934 0.05201934275121909 0.017810049894501061 -0.048768331414582713 0.010368820443655212 0.002488097677694966 0.03508005227835647 -0.0078815788407647636 4.4623142756058273e-05 -0.0073864513431096714 -0.018157592238537319 -0.015845455255048848
leaf_weight=6.2172724848496719 26.649434762541205 1.2237742026918561 91.771742114564404 7.2903442843817166 1.7150400756509032 2.0451561966910949 1.6329195896105373 8.6288263383321446 22.884502653469099 46.850784770038445 5.7792038209736338 39.204838823061436 11.029071809549349 5.9938248367980114 6.1484544444829217 3.7355801248922935 81.049693402601406 4.4707888327538958 23.38289394415915 2.3947666494641444 13.553525782190261 6.1103408983908576 3.4034428186714649 23.765831255819649 10.577549698762594 22.089471818413585 22.685223911423236 157.319777459139 31.035428399743978 10.856498285254927
leaf_count=486 269 66 1964 57 51 16 67 87 5137 738 59 423 784 63 42 25 1697 34 231 93 102 142 20 246 109 533 202 1604 1585 2250
internal_value=0 -0.00524487 -0.00469299 -0.00511454 -0.00570978 -0.00541718 0.0636919 -0.00571792 -0.00994843 -0.0153282 -0.00254473 -0.00119813 0.00477576 0.00261159 0.00149181 -0.0026394 -0.00390572 0.0116706 0.00756905 -0.00197893 -0.00412978 -0.00146744 -0.0276127 0.00068815 0.0125262 -0.0230734 0.0124013 -0.00592167 -0.028254 -0.0375409
internal_weight=0 472.494 466.277 463.42 456.13 454.415 2.85669 452.369 233.662 139.496 52.63 218.707 229.002 202.353 196.359 139.672 135.936 56.6874 50.5389 94.1665 179.502 124.907 9.51378 115.393 34.3434 86.8659 46.0681 165.949 64.7764 33.741
internal_count=19182 15318 14832 14699 14642 14591 133 14575 12359 10302 797 2216 3864 3595 3532 3023 2998 509 467 2057 1793 2214 162 2052 355 9505 433 1691 8972 7387
is_linear=0
shrinkage=0.05


Tree=148
num_leaves=31
num_cat=0
split_feature=9 4 5 3 6 0 11 8 8 7 6 0 8 7 5 4 10 0 8 6 0 5 7 4 4 5 5 0 6 0
split_gain=5.79685 4.7199 4.32474 4.09161 5.68403 3.9966 4.43332 3.97962 3.75785 4.59387 3.8796 3.6531 3.59154 3.3725 3.07544 3.35388 3.1156 4.26506 3.1329 2.97633 3.3049 3.0983 3.8 2.7753 4.91835 2.72293 3.56585 3.13256 4.11436 3.11297
threshold=1.0000000180025095e-35 14.013217233633689 322.65862276900674 9.3504686879391556 2.5000000000000004 528.34784060779043 1.0000000180025095e-35 0.32549435132716659 0.1307854616570138 1.0000000180025095e-35 1.0000000180025095e-35 110.3174665012403 0.20546667961270573 2.5000000000000004 139.14043867487231 25.402703732331318 1.0000000180025095e-35 219.26782623529633 0.089829649707635864 1.0000000180025095e-35 280.27556682458766 406.94462658641845 1.0000000180025095e-35 256.53611719696772 135.47297050694061 527.09325070692364 506.51701914679842 168.56804899919183 1.5000000000000002 243.42656868708619
decision_type=2 2 2 2 2 2 2 2 2 2 2 2 2 2 2 2 2 2 2 2 2 2 2 2 2 2 2 2 2 2
left_child=1 -1 8 4 -3 6 12 14 10 23 -2 -9 13 19 16 -16 17 18 -8 20 -5 22 -21 24 -10 26 27 -4 -29 -27
right_child=2 3 25 5 -6 -7 7 11 9 -11 -12 -13 -14 -15 15 -17 -18 -19 -20 21 -22 -23 -24 -25 -26 29 -28 28 -30 -31
leaf_value=-0.049909497733917729 0.054142453393277584 0.12750263869166076 0.024034453320299326 -0.03161578375791662 -0.017833236715561702 0.0072647668426227404 -0.034475353020668613 -0.00655323736881595 0.0250632986647456 0.059506003493865881 0.0019735232902244946 0.046963438930766301 -0.0040053614852297763 0.053696971518081671 -0.045973384042881885 -0.0039736673205082894 0.038496620683630939 0.030159400072726789 0.0056260212028987656 -0.032460249214303259 0.013058954734043544 -0.041266309939404368 -0.0030510417038957594 0.048474511738916752 -0.018791789004926174 -0.006028972781342708 -0.058190594219927484 0.024251125842509699 -0.028307586889606523 0.011715435558089654
leaf_weight=5.3768343023839398 3.8292554235085836 1.4190112228388891 6.4932656019227641 6.3001500474056256 1.2792148932057896 76.686486929422244 7.8882769113406601 5.2513196803629389 20.308387614903044 7.9836024958640328 51.391703878936823 8.1187071595340949 84.018923671799712 1.5818787198513735 4.901402791729196 157.30935992929153 7.8898780187591901 9.9382294253446144 12.730805793777106 21.777329193573678 12.072290305746717 20.248737906949827 22.161621619161451 6.027905421331524 9.3305319850333017 42.13218916853657 3.7624540011165655 4.8854785957373705 15.655469848017672 59.795815395773388
leaf_count=474 35 44 232 306 72 999 59 29 308 94 828 91 2431 12 90 1538 88 114 82 3072 144 4942 691 73 91 1091 57 57 261 767
internal_value=0 -0.00333392 0.00634134 -0.00279136 0.0585997 -0.00315235 -0.00524255 -0.000469203 0.0142577 0.0252215 0.00559114 0.0259438 -0.0113179 -0.0186197 -0.00222913 -0.00524274 0.0104855 0.00325302 -0.00971563 -0.0200053 -0.0022606 -0.0250843 -0.017627 0.0175473 0.0112574 0.000444172 -0.0125847 -0.00623758 -0.015807 0.00438074
internal_weight=0 466.95 231.596 461.574 2.69823 458.875 382.189 214.028 98.8714 43.6504 55.221 13.37 168.161 84.142 200.658 162.211 38.4472 30.5573 20.6191 82.5601 18.3724 64.1877 43.939 35.6668 29.6389 132.725 30.7967 27.0342 20.5409 101.928
internal_count=19172 15278 3894 14804 116 14688 13689 2091 1429 566 863 120 11598 9167 1971 1628 343 255 141 9155 450 8705 3763 472 399 2465 607 550 318 1858
is_linear=0
shrinkage=0.05


Tree=149
num_leaves=31
num_cat=0
split_feature=8 10 7 8 6 7 2 6 2 5 6 8 8 9 2 4 8 8 7 6 7 5 8 5 5 7 5 3 3 11
split_gain=6.38933 7.25151 5.11982 4.16625 3.18304 2.89422 2.83568 5.47944 4.839 4.50568 3.08238 3.11349 7.28055 3.05816 3.45549 2.99141 9.2369 4.91886 3.68405 3.13584 2.87691 2.87315 2.67098 2.59679 2.5063 2.48196 2.44797 2.58485 4.252 3.12134
threshold=0.19667434382226454 1.0000000180025095e-35 2.5000000000000004 0.19486903047719648 1.0000000180025095e-35 1.0000000180025095e-35 2.5000000000000004 4.5000000000000009 1.5000000000000002 549.32546228672265 1.5000000000000002 0.17635285338983411 0.16046240855317714 1.0000000180025095e-35 3.5000000000000004 70.828595530721728 0.12299984567704277 0.13876481905034913 1.0000000180025095e-35 1.5000000000000002 1.0000000180025095e-35 927.59982943455964 0.097762074891255948 219.93891674973636 1343.7188804006116 1.5000000000000002 207.06372551566486 191.60606137195032 434.37164171161959 1.0000000180025095e-35
decision_type=2 2 2 2 2 2 2 2 2 2 2 2 2 2 2 2 2 2 2 2 2 2 2 2 2 2 2 2 2 2
left_child=1 2 3 25 -2 -6 8 13 26 -9 21 12 20 15 22 16 -8 -18 19 -17 -12 -10 -15 -22 -23 -1 -3 29 -29 -28
right_child=4 6 -4 -5 5 -7 7 9 10 -11 11 -13 -14 14 -16 18 17 -19 -20 -21 23 24 -24 -25 -26 -27 27 28 -30 -31
leaf_value=-0.0095956984785952465 0.027002798162738508 0.022937434313847441 0.086635453075547139 -0.087271202398659986 0.0017799945339435693 0.014887762434420885 -0.018937109158999422 0.013820183951928237 -0.0050982545059730299 0.072400273156101633 -0.024823855898475685 -0.055205190110483415 0.066646942268271211 0.016692911619768252 -0.021048846989217909 0.0010484203748133655 0.20028870757546874 0.038837302805274629 0.021078787140303507 -0.048895904740878661 0.028219982649290272 0.075058242282771886 0.064425389479847231 -0.01493945246182167 0.0077459546451297675 0.012062426332825602 -0.033048988190480882 0.034267016584788097 -0.029138041606942736 0.0056374492291038393
leaf_weight=253.80679346047691 18.116088855080307 24.225602254999103 1.4079218385741104 1.6877733451838128 161.71590622884105 56.940898757602554 3.9243823110882685 6.7884520597872307 10.405145776050629 6.3556708125397563 29.970640401385026 4.3537674232502459 2.8365170570905311 8.070925672072919 3.6736259266035622 5.0676763878436786 0.89902811864158116 0.99264522397425026 4.819135013036429 8.2744162428425607 5.799779941327869 2.6140849324001456 4.601824199082329 8.7329611784080026 2.9361236307595391 13.955310754012315 8.0280347448133398 11.020926902536301 3.4787741554900995 14.874104548245668
leaf_count=9724 197 331 10 45 3366 742 321 171 269 141 1117 87 71 128 67 131 32 81 77 352 74 47 59 206 64 167 721 166 43 139
internal_value=0 -0.00327086 -0.00846362 -0.00896053 0.00686211 0.00519342 0.00442568 0.0141105 0.000420121 0.0421458 -0.00881291 -0.0147424 -0.0110211 0.00497192 0.0216486 -0.00639731 0.0248107 0.115568 -0.0163915 -0.0299257 -0.0159714 0.010398 0.0340259 0.00228477 0.0394493 -0.00846691 0.0105553 0.00253525 0.0190548 -0.00792356
internal_weight=0 453.602 270.858 269.45 236.773 218.657 182.744 53.4678 129.276 13.1441 67.649 51.6937 47.3399 40.3237 16.3464 23.9773 5.81606 1.89167 18.1612 13.3421 44.5034 15.9554 12.6727 14.5327 5.55021 267.762 61.6274 37.4018 14.4997 22.9021
internal_count=19146 14841 9946 9936 4305 4108 4895 1560 3335 312 1935 1555 1468 1248 254 994 434 113 560 483 1397 380 187 280 111 9891 1400 1069 209 860
is_linear=0
shrinkage=0.05


Tree=150
num_leaves=31
num_cat=0
split_feature=10 6 7 11 4 4 5 9 0 5 1 3 3 4 6 7 4 5 5 0 3 0 4 4 5 4 3 3 4 2
split_gain=5.78421 4.75121 4.66797 4.19248 5.2845 4.08734 4.00428 4.0496 3.80082 3.74037 3.01496 3.00942 6.20355 2.86024 2.71018 3.36682 3.08446 2.70833 3.25587 3.15273 4.84768 3.80656 2.66122 2.60967 3.85591 2.88663 4.39729 4.07424 2.5098 2.47307
threshold=1.5000000000000002 1.0000000180025095e-35 1.5000000000000002 1.0000000180025095e-35 353.56221348967688 14.013217233633689 95.575446342287478 1.0000000180025095e-35 410.74290287154946 54.350451386058829 1.5000000000000002 61.351219405450912 122.34082473741329 245.83366822610969 6.5000000000000009 1.0000000180025095e-35 118.38923036130409 575.17609274919175 188.81053544361637 258.78119617649185 110.5140392992282 239.88092320009847 468.65412103367095 252.98999883371349 790.24550732873706 26.777645848819997 25.699227770033115 30.503415157867405 291.68587120272457 2.5000000000000004
decision_type=2 2 2 2 2 2 2 2 2 2 2 2 2 2 2 2 2 2 2 2 2 2 2 2 2 2 2 2 2 2
left_child=1 22 3 4 6 -5 -3 8 -8 -7 -6 -9 17 -10 15 23 -17 18 -13 21 -21 -19 -1 25 -25 -11 -27 -28 -14 -20
right_child=-2 2 -4 5 10 9 7 11 13 14 -12 12 28 -15 -16 16 -18 19 29 20 -22 -23 -24 24 -26 26 27 -29 -30 -31
leaf_value=0.0077777728897533193 0.013394977504664025 -0.0050700483609694346 0.016276007366974276 -0.043441270026322441 -0.011258781893570562 0.027273265411364191 -0.045178348982420999 -0.03489574297514092 -0.038174060626414978 0.022601166961101843 0.0069258162638648774 0.028492346668674548 -0.03692664191015653 -0.0029882749315833929 -0.027140116942892242 0.0022447084861000675 0.028476181036144452 0.023552959043656518 -0.045906550372357462 -0.015149351964325443 0.059529311520516451 0.12408901939226147 0.047468767615184898 -0.0011671011653477472 0.042936443571906048 -0.039383653885998585 0.032873089496548158 -0.0063266059963616493 -0.0023937480466584477 0.004030177574391813
leaf_weight=59.503301330376416 64.571741967927665 76.644280334585346 27.628877832088619 5.3285907949320963 35.532167491794098 12.677764772437511 23.624601246672682 11.415326284477485 9.5810552401817421 8.9666860091965628 63.579594238311984 4.7185340314172235 15.804698381805794 14.542253820050972 9.2459276681765896 29.131687405519187 18.212872191797942 2.4068884744774546 5.1681437959196028 6.46865735366009 3.2724694814532995 1.5464552256744353 4.5457855528220525 15.149174940306695 7.3653497435152522 9.5750632840208691 6.981524344533681 131.12154189054854 7.8872935939580193 4.765537713188678
leaf_count=843 1200 1569 305 88 552 168 8199 1250 610 136 718 84 217 359 85 218 183 124 185 156 29 30 33 186 94 170 75 1189 88 93
internal_value=0 -0.00231526 -0.00377015 -0.00479445 -0.00893465 -0.000112546 -0.0138633 -0.0199238 -0.0309233 0.000816824 0.000406528 -0.0116469 -0.00654703 -0.016963 -0.000605907 0.000477224 0.0123356 0.0092355 -0.00570587 0.0252218 0.00993847 0.0628803 0.0105948 -0.00265647 0.0132608 -0.00494426 -0.00661676 -0.00434494 -0.0254303 -0.0219501
internal_weight=0 632.392 568.343 540.714 286.958 253.756 187.846 111.202 47.7479 248.428 99.1118 63.454 52.0387 24.1233 235.75 226.504 47.3446 28.3467 14.6522 13.6945 9.74113 3.95334 64.0491 179.159 22.5145 156.645 147.678 138.103 23.692 9.93368
internal_count=19236 18036 17160 16855 14263 2592 12993 11424 9168 2504 1270 2256 1006 969 2336 2251 401 701 362 339 185 154 876 1850 280 1570 1434 1264 305 278
is_linear=0
shrinkage=0.05


Tree=151
num_leaves=31
num_cat=0
split_feature=11 5 9 8 0 4 3 3 0 3 7 8 7 8 6 8 8 6 6 6 0 4 1 6 10 1 4 8 6 3
split_gain=5.73636 5.16813 6.56034 5.10989 3.98629 3.8845 3.97243 3.76221 3.50957 4.1993 3.59747 3.85352 3.29925 4.4194 4.65657 3.19371 3.00344 2.79569 2.75542 2.79162 2.70096 2.69398 3.59792 7.09184 5.14955 3.82661 4.10125 3.76982 2.8424 2.74334
threshold=1.0000000180025095e-35 131.8323138609675 1.0000000180025095e-35 0.14884187602185331 313.61660946715818 111.83938501063464 68.89713042828798 248.32096810560475 410.74290287154946 434.37164171161959 1.0000000180025095e-35 0.28981200130824553 1.0000000180025095e-35 0.01045295758264273 1.0000000180025095e-35 0.24980761144193478 0.26154883340560892 1.0000000180025095e-35 5.5000000000000009 1.0000000180025095e-35 503.97420885567027 489.92807578846288 3.5000000000000004 4.5000000000000009 1.0000000180025095e-35 5.5000000000000009 277.48010757076958 0.065201846691539764 5.5000000000000009 171.82726410579158
decision_type=2 2 2 2 2 2 2 2 2 2 2 2 2 2 2 2 2 2 2 2 2 2 2 2 2 2 2 2 2 2
left_child=1 3 8 5 -5 17 -7 12 -3 10 11 18 13 -2 -15 21 20 -1 19 -10 -16 22 24 25 -4 26 -24 29 -25 -26
right_child=7 2 15 4 -6 6 -8 -9 9 -11 -12 -13 -14 14 16 -17 -18 -19 -20 -21 -22 -23 23 28 27 -27 -28 -29 -30 -31
leaf_value=0.013073681626044307 -0.034356661822364076 -0.025368565257696991 -0.034642592307286876 0.0040000622235324421 0.029817255977553005 0.050578499650781039 -0.0035063778405840223 0.040510622772296695 -0.0043645293726309034 -0.040249691174844081 0.010119282505080403 0.011131793460643065 0.01423702168836471 0.032546598540925474 -0.0036743614606631336 0.014362002279851066 0.014267482784894096 -0.035752244588221543 0.036752381280345393 -0.036630613133232841 0.031698602399621606 0.015649983117187124 -0.0064681388927669298 0.081316433539313365 -0.063275683761949988 -0.047966954704706057 0.061856573606921289 0.012733907635656414 0.012294614253377391 0.0078157678688187977
leaf_weight=3.63678920734674 8.7327388722915185 63.355452087125741 22.720946797402576 46.428638522047549 22.053871741751209 3.6314548010996068 52.148956773162354 6.9338767784647635 9.9269867017865199 9.7456157726701331 24.635984111693688 11.486404825001953 54.511989338789135 11.737825926393269 163.29264500085264 27.322246842086315 31.699923592153937 15.122857755777657 1.84591198171256 20.644203355594072 5.5809857011772683 13.203901399858294 18.57877533347347 3.5483553990488863 3.4171053081518066 4.7743403557687989 2.4908016528934231 15.202730465563944 2.5733447769307531 2.2509051701053977
leaf_count=41 97 9240 765 708 199 105 739 136 62 116 254 114 507 116 1676 353 263 896 68 918 75 107 689 113 121 202 19 243 101 15
internal_value=0 -0.00516803 -0.0093979 0.00245411 0.0123141 -0.00660464 1.46931e-05 0.00413528 -0.0166197 -0.00953936 -0.00517267 -0.0137536 0.00321996 0.000503021 0.00193686 -0.000586102 0.000145539 -0.0262867 -0.0225713 -0.0261533 -0.00250535 -0.00518739 -0.00882879 0.00391263 -0.018172 -0.00754948 0.00160907 -0.000241341 0.0523021 -0.0350435
internal_weight=0 400.747 257.724 143.023 68.4825 74.5401 55.7804 282.49 141.641 78.2851 68.5395 43.9035 275.556 221.044 212.311 116.083 200.574 18.7596 32.4171 30.5712 168.874 88.7612 75.5573 31.9656 43.5917 25.8439 21.0696 20.8707 6.1217 5.66801
internal_count=19058 16188 13500 2688 907 1781 844 2870 10772 1532 1416 1162 2734 2227 2130 2728 2014 937 1048 980 1751 2375 2268 1124 1144 910 708 379 214 136
is_linear=0
shrinkage=0.05


Tree=152
num_leaves=31
num_cat=0
split_feature=7 4 8 5 6 8 3 3 8 5 8 5 6 8 3 8 3 5 0 0 8 4 3 8 5 5 0 0 6 6
split_gain=6.43754 5.10799 4.68132 5.67721 4.65344 5.95412 4.35965 4.1869 3.84017 3.82448 3.49562 3.24304 3.19763 3.16677 4.54994 4.29483 3.60016 2.83737 3.04083 4.9571 2.57801 2.55137 2.47843 3.41285 2.45426 8.05365 2.43595 2.37408 2.37109 3.68344
threshold=1.5000000000000002 102.31234046560238 0.12512323614736928 1148.160032915376 6.5000000000000009 0.069252752197339548 63.636083935979968 49.120426894051612 0.11284588921031598 29.944589637884032 0.0053199955459547416 101.15873163407757 1.0000000180025095e-35 0.059676367426673073 12.025775618930773 0.062153794365713368 28.044685214430292 85.852756475344464 125.72744759691896 96.245895573229134 0.088173495344013808 91.376795818738529 42.328303978140177 0.24980761144193478 254.63983213366103 327.39262444594067 410.74290287154946 276.16491092255688 1.5000000000000002 3.5000000000000004
decision_type=2 2 2 2 2 2 2 2 2 2 2 2 2 2 2 2 2 2 2 2 2 2 2 2 2 2 2 2 2 2
left_child=1 2 3 -1 6 -6 7 -3 -7 28 -11 17 -12 16 -15 -16 -5 18 19 -4 -17 -18 -20 -24 -13 -26 27 -10 -8 -30
right_child=-2 4 11 13 5 8 9 -9 26 10 12 24 -14 14 15 20 21 -19 22 -21 -22 -23 23 -25 25 -27 -28 -29 29 -31
leaf_value=-0.020893916230346518 0.02345001187848891 -0.023589583413370873 0.0030711511532948575 -0.07299739147614101 -0.072996986161648167 0.048996091181127188 0.05098079841873196 0.029417170597090248 -0.0063381110548655474 -0.038964973351985593 0.015225255953139984 -0.021266395353990504 0.00020508983432680707 0.13263069897402979 0.11090007301320443 -0.030199058868532608 0.024636597711989405 0.050735768623564416 -0.038519841132616181 0.063232152447114096 0.031042807357904875 -0.065715159817552701 0.033176425022802596 -0.026316776854137514 0.052383341137582577 -0.0065359290758033334 0.017867407110540297 -0.070759527991914845 -0.0021885750800838756 0.037413485850306898
leaf_weight=73.930096396827139 30.756238369271159 4.3285890617989962 10.343126651365312 1.859648782294246 4.416072685562539 2.5870271100720847 5.0799338794313398 26.732806161919143 2.8019002605869883 5.3315413055825038 39.675579224713147 18.498818760243012 331.44013817625819 0.98821527216932636 1.098609384323934 3.0270761293068063 4.2536660233745351 4.3642107148771165 4.74730612093117 5.1184704222250721 3.9748881320701912 0.95715765436762001 5.1960168653167766 4.4967811480164528 6.4515398382209233 57.418638518633088 2.7746601037215441 2.9210888719535433 14.86378402169794 9.7056368696503323
leaf_count=4349 326 178 178 217 104 69 61 945 70 159 404 688 7206 61 27 201 290 78 73 70 232 59 75 38 293 2478 34 52 152 97
internal_value=0 4.74756e-05 -0.00646455 -0.0150258 0.00302144 -0.023901 0.00397606 0.0220304 -0.00434144 0.00259513 0.00123338 0.000148186 0.00181088 0.0118215 0.0313442 0.0189879 -0.013274 0.0130747 0.00757804 0.0229871 0.00456684 0.0080402 -0.00892106 0.00557574 -0.00522932 -0.000584481 -0.0205795 -0.0392196 0.0198848 0.0134554
internal_weight=0 659.383 206.724 90.0894 452.659 15.5007 437.158 31.0614 11.0847 406.097 376.447 116.635 371.116 16.1593 9.08879 8.10057 7.07047 34.2659 29.9017 15.4616 7.00196 5.21082 14.4401 9.6928 82.369 63.8702 8.49765 5.72299 29.6494 24.5694
internal_count=19264 18938 9407 5436 9531 329 9202 1123 225 8079 7769 3971 7610 1087 521 460 566 512 434 248 433 349 186 113 3459 2771 156 122 310 249
is_linear=0
shrinkage=0.05


Tree=153
num_leaves=31
num_cat=0
split_feature=8 6 10 8 6 7 0 4 3 8 1 0 3 11 9 7 8 1 0 3 4 3 4 3 0 3 9 4 0 8
split_gain=8.0995 4.47697 3.97351 4.0901 3.01272 3.40556 2.75122 2.55105 3.13216 3.64526 11.7914 2.81631 2.60707 4.25904 4.3625 2.89152 3.92247 2.76434 2.74623 4.5593 10.1617 3.48315 2.73816 4.14911 2.55741 2.55217 3.84048 2.51481 4.71495 3.47199
threshold=0.052553998704038429 1.0000000180025095e-35 1.0000000180025095e-35 0.38856892835609974 8.5000000000000018 1.5000000000000002 115.44604215842644 14.013217233633689 13.059031890283913 0.13194744339821066 4.5000000000000009 42.292355475533128 56.704744917530505 1.0000000180025095e-35 1.0000000180025095e-35 1.0000000180025095e-35 0.15001891189974478 4.5000000000000009 199.26837712286235 61.877703320699204 129.5317187858308 71.335608735233947 256.53611719696772 138.69928892760478 256.85939708907466 49.610177114887868 1.0000000180025095e-35 353.56221348967688 659.79922001898865 0.15234075041201497
decision_type=2 2 2 2 2 2 2 2 2 2 2 2 2 2 2 2 2 2 2 2 2 2 2 2 2 2 2 2 2 2
left_child=6 -2 3 4 5 7 -1 -3 9 10 -9 -11 15 18 22 16 24 -17 -14 20 -20 -21 23 -15 -10 -18 -27 29 -29 -4
right_child=1 2 27 -5 -6 -7 -8 8 12 11 -12 -13 13 14 -16 17 25 -19 19 21 -22 -23 -24 -25 -26 26 -28 28 -30 -31
leaf_value=-0.031840193027880305 0.016085526653830236 -0.052693463340277358 -0.0044365888824831673 0.01552380038066737 -0.07412232978381865 0.021259569550321499 -0.0087972408554201891 0.21375702475954853 -0.049499187950490443 -0.040510829529848996 -0.05729653662913875 0.040845057249711027 -0.040646549905224337 0.0033034957066418384 0.040620549129677219 0.016782132885954239 -0.0040176897121535641 -0.020061820729363869 -0.028555262533242226 -0.063297613612555093 0.16899394475135354 -0.0070350484851852734 0.0255816372411053 -0.036988626796735438 0.027291742190430141 -0.076043334715001867 0.01892188868904968 0.0096534913683969277 0.059105318774155674 0.010309883846377096
leaf_weight=14.46553195324668 53.421666576876305 2.8277060730179064 69.501230089139426 27.758143836981617 1.5505574440758199 12.500521500594912 123.93215293629328 0.91269841446773969 13.302086618146857 1.8222951024363281 0.71598609141074121 2.5555543265072629 6.3899952577485228 45.018456984311342 8.3934325543232244 11.629044579225594 22.545332025649262 9.0550486573774815 1.4869851192052004 2.8263155550521324 1.157823138637468 103.08182556493557 10.477595227770506 7.4461271795444182 1.1804416118247889 3.1790604752313802 1.6006671269424257 23.125645131804053 6.0892340638674787 93.767883026070194
leaf_count=1287 693 268 2259 348 45 148 3787 61 1462 65 62 85 780 349 125 337 1089 205 106 288 26 2618 151 59 87 157 47 304 69 1804
internal_value=0 0.00233829 0.000845301 -0.00275784 -0.00462588 -0.00422693 -0.0112057 -0.00546369 -0.0049395 0.0307384 0.0945992 0.00698039 -0.00580094 -0.00283627 0.00676066 -0.0146382 -0.0222033 0.000652647 -0.00879229 -0.00691718 0.0579263 -0.0085365 0.0022454 -0.00241503 -0.0432401 -0.0110535 -0.0442407 0.00645008 0.0199607 0.00403253
internal_weight=0 545.319 491.898 299.414 271.656 270.105 138.398 257.604 254.777 6.00653 1.62868 4.37785 248.77 186.279 71.3356 62.4917 41.8076 20.6841 114.943 108.553 2.64481 105.908 62.9422 52.4646 14.4825 27.3251 4.77973 192.484 29.2149 163.269
internal_count=19171 14097 13404 8968 8620 8575 5074 8427 8159 273 123 150 7886 4502 684 3384 2842 542 3818 3038 132 2906 559 408 1549 1293 204 4436 373 4063
is_linear=0
shrinkage=0.05


Tree=154
num_leaves=31
num_cat=0
split_feature=4 0 0 11 5 6 7 8 2 5 3 5 11 8 3 3 3 3 3 3 6 8 5 5 2 3 5 9 1 8
split_gain=3.92632 4.37201 4.30915 4.99577 6.80494 3.96256 4.2552 5.20802 3.64905 3.6003 3.99356 3.3966 3.35142 3.57019 3.39379 4.25885 4.14032 3.71431 3.25526 3.45475 4.75888 3.42292 4.5275 4.34283 3.25037 6.82637 3.11268 3.07091 3.64325 3.10888
threshold=286.98061637840243 203.87549981122945 827.96897245814819 1.0000000180025095e-35 82.404682532486291 1.0000000180025095e-35 1.0000000180025095e-35 0.18605031885911047 2.5000000000000004 15.098442361495461 87.059894682291954 60.687455866829616 1.0000000180025095e-35 0.057341221239804528 142.03957969892906 166.12870473428788 191.60606137195032 204.41304169419453 305.7583663969686 602.67791809631092 2.5000000000000004 0.098750796628466378 223.69850242210242 306.37777511611438 3.5000000000000004 42.328303978140177 861.53916950106748 1.0000000180025095e-35 1.5000000000000002 0.012008983106947544
decision_type=2 2 2 2 2 2 2 2 2 2 2 2 2 2 2 2 2 2 2 2 2 2 2 2 2 2 2 2 2 2
left_child=2 -2 3 5 -5 -1 7 9 -9 10 -7 -10 13 -3 -15 -16 -17 -18 21 20 -20 22 -19 -23 27 -26 -25 28 -6 -30
right_child=1 12 -4 4 24 6 -8 8 11 -11 -12 -13 -14 14 15 16 17 18 19 -21 -22 23 -24 26 25 -27 -28 -29 29 -31
leaf_value=0.006061241490444777 -0.036987494338554763 -0.009316358126830673 0.055702745762546579 0.027675901790612214 -0.032788057511483358 -0.036167016447593119 -0.0025854752589191403 -0.016523114033882576 0.03746531355394616 -0.036296895668605222 0.034813338444219556 -0.0044208775525023452 0.028141902346963871 0.042511486599260434 -0.022897333508865272 0.036054922522842661 -0.027677955024487211 0.092387674216133461 -0.030775520941869156 0.035950813369460065 0.0081521520889770594 -0.012929291400960366 0.018568135796561646 0.041670945997148393 -0.050194171742310605 0.0054374289967649564 0.0046898764988863081 0.012454842284717348 -0.036594519233783519 0.0012975852882846524
leaf_weight=42.966472151689231 5.6533831433625883 32.799595707852859 3.1767730340361586 23.647809933871031 8.9565620652865601 3.8163430009735739 92.018395456514554 46.159690990432864 6.7989863906987038 38.438831320338068 4.1219664542004466 16.797720777307404 17.952433552127331 7.226692905300296 10.667164645623414 13.542034860816782 7.3450514536816618 3.3497659615240973 13.019025432178749 5.3734378051012746 19.778164930525236 11.788756696390918 5.4670439776382409 12.205761528108271 9.6885457567404973 12.798618239350615 10.659060089965349 49.022620261181146 5.6086103315465143 155.28619742533192
leaf_count=714 167 546 21 270 79 133 2460 1820 72 8069 42 797 328 132 172 168 83 31 124 45 208 131 89 144 126 99 117 414 73 1512
internal_value=0 0.00627391 -0.00235236 -0.00270969 0.00207884 -0.00776309 -0.0106167 -0.0169802 -0.00834671 -0.029966 0.000689526 0.00764791 0.00770271 0.00530792 0.00929117 0.00717029 0.0102986 0.00637893 0.00944295 -0.00121175 -0.0073004 0.0187987 0.0466144 0.0117216 -0.000429081 -0.0185313 0.0244312 0.00143075 -0.00175103 -2.32905e-05
internal_weight=0 176.827 519.304 516.127 265.009 251.118 208.152 116.134 69.7564 46.3771 7.93831 23.5967 171.174 153.222 120.422 113.195 102.528 88.9861 81.641 38.1706 32.7972 43.4704 8.81681 34.6536 241.361 22.4872 22.8648 218.874 169.851 160.895
internal_count=19186 2485 16701 16680 2573 14107 13393 10933 2689 8244 175 869 2318 1990 1444 1312 1140 972 889 377 332 512 120 392 2303 225 261 2078 1664 1585
is_linear=0
shrinkage=0.05


Tree=155
num_leaves=31
num_cat=0
split_feature=9 5 5 8 10 7 6 5 0 3 0 0 5 8 5 5 4 0 2 5 8 4 4 4 6 4 10 0 0 0
split_gain=5.01965 3.50918 3.3063 3.42762 3.64968 3.28519 4.73285 3.90249 3.79959 3.27473 2.7097 2.61565 2.44596 2.96149 3.04746 2.53959 2.40003 10.1648 4.08075 3.73195 4.05508 2.39873 2.9064 4.47342 2.27102 2.24517 2.23705 2.21492 2.75797 3.58056
threshold=1.0000000180025095e-35 54.350451386058829 2808.4062165847231 0.24049502789834709 2.5000000000000004 1.5000000000000002 6.5000000000000009 3179.2170109759963 81.077256582859192 23.360872467207489 76.920725141684656 911.89367059962524 36.527792906342476 0.39930532671204416 199.25976317265409 537.7997964587255 34.409300540024802 130.7990510397577 3.5000000000000004 124.65441903741426 0.24662626164387905 908.50856108789264 437.92023169105488 370.07581632509863 1.5000000000000002 233.41425384681148 2.5000000000000004 140.07918735144406 490.73192420107256 406.58467111620172
decision_type=2 2 2 2 2 2 2 2 2 2 2 2 2 2 2 2 2 2 2 2 2 2 2 2 2 2 2 2 2 2
left_child=5 -2 3 4 9 6 7 8 10 -3 26 12 24 16 -15 -16 17 18 19 -14 -21 22 23 -11 -10 -17 -1 -26 29 -29
right_child=1 2 -4 -5 -6 -7 -8 -9 11 21 -12 -13 13 14 15 25 -18 -19 -20 20 -22 -23 -24 -25 27 -27 -28 28 -30 -31
leaf_value=-0.016796599530643146 0.02314419996396214 -0.023299485376800898 0.052746792316035941 0.015896876696378525 0.052732652151197427 0.015647050066307146 -0.031682253458516739 -0.051365701604696834 0.034157561458218709 0.0017812204301867762 -0.069475393471660082 0.028647526571174038 0.16642602626554281 0.045787866141351267 -0.020645093682345739 0.0013425224703556265 -0.0043929535928013607 -0.089524893157259089 -0.049600272702715553 -0.026914255267203771 0.10624228837051292 -0.044811809697111932 0.022614171786270423 -0.043169063368974969 0.040674442769525351 0.047311823682982007 0.072024219432971825 0.0004978770894130543 0.034996649290802165 -0.056223859780383294
leaf_weight=27.835671248321894 28.19825473963283 15.112242826784493 3.4590080592315635 42.963344042073004 3.1995837325230232 23.759980807080865 14.350896704476325 4.0437548745831 8.241885297931729 109.28427519719116 2.4356215270963721 7.4673701762221745 1.0809481843898532 5.8582695731893208 6.5170713108964291 7.1099551443476212 312.86261507490417 1.3593954174430107 0.6238320349366403 0.93400959460996125 1.4742121527087872 2.7666364088654509 15.429002648685126 5.8302451004274181 3.652085050474855 4.2402212163433433 0.72742735384963353 16.961572580738 4.3669929741881779 3.3281382322311392
leaf_count=1976 293 481 77 535 24 254 480 163 114 2250 174 55 42 51 83 100 10903 115 76 230 35 29 148 66 92 31 14 281 38 32
internal_value=0 0.00664148 0.00429176 0.00343041 -0.000102067 -0.00245764 -0.00344546 -0.00248321 -0.00200927 -0.00124104 -0.0188514 -0.000657002 -0.00123498 -0.00254867 0.0144928 0.0042319 -0.00381877 0.0290077 0.0681841 0.0892428 0.0545986 0.00125954 0.00223594 -0.000495392 0.0110593 0.0185158 -0.0145346 0.00433437 -0.00104823 -0.00880624
internal_weight=0 226.243 198.044 194.585 151.622 459.232 435.472 421.121 417.077 148.422 30.9987 386.079 378.611 342.061 23.7255 17.8672 318.335 5.4724 4.113 3.48917 2.40822 133.31 130.544 115.115 36.5507 11.3502 28.5631 28.3088 24.6567 20.2897
internal_count=19242 3903 3610 3533 2998 15339 15085 14605 14442 2974 2164 12278 12223 11666 265 214 11401 498 383 307 265 2493 2464 2316 557 131 1990 443 351 313
is_linear=0
shrinkage=0.05


Tree=156
num_leaves=31
num_cat=0
split_feature=9 7 4 8 6 5 4 11 5 6 5 10 4 11 4 1 5 5 0 5 0 5 6 8 5 1 8 0 6 6
split_gain=6.32608 4.28474 4.4674 3.48335 4.24654 3.37889 3.30609 3.09667 3.49463 3.21887 3.03676 2.78964 3.41247 5.93987 3.68006 3.57965 3.41297 5.00933 3.0055 3.42708 7.23517 5.2055 2.90129 2.75666 2.60067 2.53831 2.50234 2.62892 2.33739 4.20709
threshold=1.0000000180025095e-35 1.0000000180025095e-35 353.56221348967688 0.25570061027820162 6.5000000000000009 153.79164663750586 224.48087646357445 1.0000000180025095e-35 500.97465569806553 1.0000000180025095e-35 1107.837610865399 1.5000000000000002 513.19282286928512 1.0000000180025095e-35 70.828595530721728 1.5000000000000002 98.558534733192815 82.404682532486291 503.97420885567027 118.07011633124738 179.18171355735916 671.04689880678154 4.5000000000000009 0.28140724848485321 582.3431338167801 5.5000000000000009 0.32074097985257727 148.5510950326352 3.5000000000000004 1.5000000000000002
decision_type=2 2 2 2 2 2 2 2 2 2 2 2 2 2 2 2 2 2 2 2 2 2 2 2 2 2 2 2 2 2
left_child=3 2 5 11 6 -2 7 9 -9 -5 26 12 13 14 -1 -15 17 -16 19 20 -17 24 -13 -8 -21 28 -11 -28 29 -23
right_child=1 -3 -4 4 -6 -7 23 8 -10 10 -12 22 -14 15 16 18 -18 -19 -20 21 -22 25 -24 -25 -26 -27 27 -29 -30 -31
leaf_value=-0.053928597292646478 0.010053926605869762 0.018249375606790057 0.020772489841807427 0.0185963163587132 -0.051613357920966045 -0.0064073156666055002 -0.013733923162141733 0.029115027890642482 -0.0043068985475831281 -0.035701311198312213 -0.058860932768121869 -0.00056439653727001959 0.0064428662254906125 -0.028789845553104512 -0.010287155554870491 -0.0093103662653646283 -0.024679611510401569 0.061399942178715555 0.030486571329246332 -0.013489157247606458 0.0428802396340765 0.022982152284321787 0.035577407385448956 0.025205403929924954 -0.04727603064731193 -0.026290664322951025 -0.035792956141992072 0.006045378582727523 0.021099354560401601 -0.014350040547063771
leaf_weight=7.1742322133504777 45.307594837446231 54.937565112719312 27.302240625023842 8.3389751883223635 3.3720767160702954 99.930350452545099 5.4628072860650709 14.794964906293901 16.593241254799068 7.6104637556418337 3.6946638089721082 25.353468900604639 35.940813655499369 13.668244605883954 37.272999035136309 15.916905962862076 56.855983408371685 2.6073696512612505 6.7649174677208057 59.76297277235426 11.394232503604142 11.853291179286314 7.1100015389965838 27.056593244895339 6.295415125321596 6.2633992792107156 4.7334281427902196 18.157500475412235 19.487256478751078 20.770874785259366
leaf_count=3698 590 715 259 78 55 2317 87 119 111 528 252 679 505 118 672 112 5651 124 98 659 130 120 153 278 73 92 207 263 204 230
internal_value=0 0.00608827 0.00221612 -0.00412622 0.00362827 -0.00127216 0.00537831 -0.000466223 0.0114467 -0.0092572 -0.0160495 -0.00659814 -0.00804943 -0.00993602 -0.0193765 -0.00423862 -0.016814 -0.00560027 -0.00212157 -0.00357528 0.0124636 -0.00709556 0.00735122 0.0186641 -0.0167091 0.00378332 -0.0108637 -0.00260603 0.00739799 -0.000786189
internal_weight=0 227.478 172.54 454.307 109.815 145.238 106.443 73.9232 31.3882 42.535 34.1961 344.492 312.029 276.088 103.911 172.178 96.7364 39.8804 158.509 151.744 27.3111 124.433 32.4635 32.5194 66.0584 58.3748 30.5014 22.8909 52.1114 32.6242
internal_count=19177 3881 3166 15296 1978 2907 1923 1558 230 1328 1250 13318 12486 11981 10145 1836 6447 796 1718 1620 242 1378 832 365 732 646 998 470 554 350
is_linear=0
shrinkage=0.05


Tree=157
num_leaves=31
num_cat=0
split_feature=9 11 10 8 7 0 7 7 5 2 6 8 1 1 0 11 8 7 8 6 5 11 0 2 6 0 5 5 0 5
split_gain=5.31752 4.66566 4.52079 4.45446 3.5581 3.42179 3.35053 3.09949 3.387 3.56312 5.51032 4.78039 3.25475 3.32711 3.21609 4.30552 2.9061 3.49893 2.89332 4.50573 2.91037 3.08082 7.75158 3.31954 4.99695 4.07586 2.87054 2.8336 2.92833 2.63761
threshold=1.0000000180025095e-35 1.0000000180025095e-35 1.0000000180025095e-35 0.094531124315647225 1.5000000000000002 336.08512346908458 1.0000000180025095e-35 1.0000000180025095e-35 20.77858595524712 1.5000000000000002 1.0000000180025095e-35 0.45491259551831259 2.5000000000000004 1.5000000000000002 606.53340188639982 1.0000000180025095e-35 0.024654809023420713 1.0000000180025095e-35 0.36641356078293924 3.5000000000000004 101.15873163407757 1.0000000180025095e-35 383.97876436977441 2.5000000000000004 1.5000000000000002 324.0488061421803 290.229454476272 157.52663092164616 258.78119617649185 806.60227976159217
decision_type=2 2 2 2 2 2 2 2 2 2 2 2 2 2 2 2 2 2 2 2 2 2 2 2 2 2 2 2 2 2
left_child=2 5 3 4 -1 16 27 8 -5 10 -10 14 13 -9 15 -12 -2 -18 20 -20 -4 22 -22 24 -23 26 -26 -3 -29 -24
right_child=1 6 18 7 -6 -7 -8 12 9 -11 11 -13 -14 -15 -16 -17 17 -19 19 -21 21 23 29 -25 25 -27 -28 28 -30 -31
leaf_value=-0.01934899523059402 -0.038971985463629503 0.04688813557940287 0.012392667304308573 0.02362806578103481 0.01946408217978501 0.0094350692120471046 0.056594463401676932 -0.0039284510313168262 0.057430469859381328 -0.014889988077486661 -0.043618358551866104 0.076521432877598175 -0.0022360075492013445 0.039825136415976646 0.031487574972999692 -0.0010797362858935798 -0.010032836496084123 0.011227882816849076 0.039885437491114492 -0.017644382579988165 -0.034912234978898393 0.030274853029090793 0.012057298583655816 0.020720049936381796 0.0074799689876991482 0.020222827678320544 -0.028114647517682518 0.0039602858861206578 0.034906793270834506 -0.016553969244054435
leaf_weight=84.555132635010523 5.8707111311960025 5.9264463772997251 39.821844868885819 8.3829435271909443 6.3480556546710423 75.822399731492624 5.1314877860713741 6.8303444114280873 4.2004841743037096 85.934914872937952 8.4742792109173042 1.7840464850887645 32.572371257323539 11.94034841231769 4.5567723866552106 19.956571142654866 55.354541013948619 29.753345829201862 11.392073178896682 4.8534448749851427 22.071921034570551 9.0558158997446281 24.448898868227843 20.87606255011633 7.5058603924699154 8.2483969219028932 23.084311770740896 37.811372265219688 9.5813163053244335 12.013185119605621
leaf_count=4646 301 96 592 127 88 753 117 85 60 3258 949 16 652 214 46 183 1821 393 126 56 3033 92 383 190 67 84 192 236 124 222
internal_value=0 0.00585031 -0.00352977 -0.00757824 -0.0166386 0.00159052 0.0180065 -0.00311744 -0.00713815 -0.00920297 0.00333708 -0.0031975 0.00732058 0.0239039 -0.00750889 -0.0137591 -0.0049472 -0.00260018 0.00255351 0.0226981 0.000595354 -0.00309494 -0.0115259 0.0040811 -0.00317144 -0.01097 -0.0193809 0.0142927 0.0102167 0.00263073
internal_weight=0 225.252 458.908 275.536 90.9032 166.801 58.4506 184.633 133.29 124.907 38.9722 34.7717 51.3431 18.7707 32.9876 28.4309 90.9786 85.1079 183.372 16.2455 167.126 127.304 58.534 68.7704 47.8944 38.8386 30.5902 53.3191 47.3927 36.4621
internal_count=19202 3841 15361 10324 4734 3268 573 5590 4639 4512 1254 1194 951 299 1178 1132 2515 2214 5037 182 4855 4263 3638 625 435 343 259 456 360 605
is_linear=0
shrinkage=0.05


Tree=158
num_leaves=31
num_cat=0
split_feature=11 8 5 4 4 10 0 7 3 4 9 3 4 8 4 0 3 4 3 3 0 5 5 5 0 8 8 6 8 4
split_gain=5.04017 4.08039 4.61895 4.17582 3.87558 3.1829 3.16853 3.30444 3.29332 4.72567 2.96125 4.16523 3.95204 2.60265 2.56309 2.5868 3.66438 2.55828 3.44119 3.40979 3.24418 2.37978 2.75473 3.53427 2.77551 2.68547 2.37942 2.352 2.18233 2.17999
threshold=1.0000000180025095e-35 0.11284588921031598 26.633911164646587 221.69258157072858 67.24101471827737 1.0000000180025095e-35 446.04504478847997 1.5000000000000002 121.02079442674362 401.96339663173177 1.0000000180025095e-35 44.095108835756257 286.98061637840243 0.047767249101430771 273.2157167046642 528.34784060779043 160.54470175603566 252.98999883371349 138.69928892760478 125.33941643828676 311.04135052047133 128.12254449838679 367.52357217235698 465.62172842770275 503.97420885567027 0.31088945892346115 0.48630674657002987 1.5000000000000002 0.39930532671204416 96.646505866711394
decision_type=2 2 2 2 2 2 2 2 2 2 2 2 2 2 2 2 2 2 2 2 2 2 2 2 2 2 2 2 2 2
left_child=1 2 3 -1 26 17 7 -4 13 -10 12 -12 14 -8 15 16 29 18 19 -2 -19 -14 25 -24 28 -23 -3 -11 -25 -6
right_child=5 4 6 -5 10 -7 8 -9 9 27 11 -13 21 -15 -16 -17 -18 20 -20 -21 -22 22 23 24 -26 -27 -28 -29 -30 -31
leaf_value=-0.0070767520745540829 0.00088180376892122976 -0.021185870912321398 -0.025936324812478817 0.038054964304910538 -0.029749807147940888 0.01381133815172703 -0.0095455302753330862 0.0045821833463171964 -0.026636466367165369 0.035189547021714972 0.05723047619536812 0.0080506292352533846 0.027128395990154167 0.048595629991012051 -0.050393627273763578 0.015660302108873491 -0.061954248054780559 -0.004267544553123794 -0.027436023866506211 0.041027394084832906 0.036316199898545981 -0.025137911239444186 0.04659603654783203 -0.02112288689157716 0.017927141955016108 0.022344867255919266 0.024726003611339593 -0.0025544114011734325 0.027648185185216841 -0.0036971290226707819
leaf_weight=11.967774627497421 153.96263055177405 25.715575915004596 53.138978503091494 8.9643349167890829 9.5169036894221772 91.13236489566043 3.2268601913237935 10.646870472934095 22.029941978573333 5.0957989008165923 4.5473460870562112 80.889100029715337 12.947081364924086 4.7702336520305835 3.5131664936197913 11.036301935324444 3.2886674903566009 8.4935117084532994 10.390653434675185 5.4773968029767266 11.717892081942408 12.503303444711493 5.8057191875996059 11.893712502496784 17.010505348211154 3.9086121302098027 3.1698862807825199 21.720099464058876 2.8417160660028449 51.375791726517491
leaf_count=285 1561 2500 7276 60 841 928 116 129 401 59 87 943 114 137 66 154 92 73 91 47 210 191 70 246 156 28 34 230 18 2080
internal_value=0 -0.00259978 -0.00943023 0.0122512 0.00111969 0.00612919 -0.0131925 -0.0208423 -0.00460836 -0.00947804 0.00327814 0.0106682 -0.00105704 0.0251354 -0.00865005 -0.00670034 -0.0105454 0.00244532 0.00044403 0.00226096 0.0192615 0.00787731 0.00325854 0.0107269 0.0041671 -0.0138296 -0.0161475 0.00461804 -0.0117174 -0.0077689
internal_weight=0 401.524 141.561 20.9321 259.963 281.174 120.629 63.7858 56.8429 48.8458 231.078 85.4364 145.641 7.99709 78.7308 75.2177 64.1814 190.042 169.831 159.44 20.2114 66.9107 53.9636 37.5517 31.7459 16.4119 28.8855 26.8159 14.7354 60.8927
internal_count=19223 16313 8693 345 7620 2910 8348 7405 943 690 5086 1030 4056 253 3233 3167 3013 1982 1699 1608 283 823 709 490 420 219 2534 289 264 2921
is_linear=0
shrinkage=0.05


Tree=159
num_leaves=31
num_cat=0
split_feature=9 8 0 11 4 8 5 0 11 8 5 5 8 4 0 0 4 0 0 4 5 5 5 4 8 4 0 5 0 4
split_gain=5.20593 4.89938 4.22425 3.18766 3.54424 3.39768 3.17288 3.15131 3.57761 4.13763 4.0859 4.19527 4.62212 3.66207 3.17996 3.52334 4.45739 3.26542 3.13575 3.50918 3.25344 5.15671 3.04709 3.01188 3.07793 2.98749 2.90873 2.88681 4.38538 6.53934
threshold=1.0000000180025095e-35 0.0079811393128780342 768.91860587039787 1.0000000180025095e-35 67.24101471827737 0.2203426283924346 15.098442361495461 911.89367059962524 1.0000000180025095e-35 0.34306480269317402 82.404682532486291 790.24550732873706 0.23282356440462168 140.68810546595418 470.37566334088029 427.31659047492309 134.40259699268708 356.69108710262157 173.68140686059152 136.59083997565554 888.04823346073033 1020.7847071253899 143.22014379982554 144.82204601110126 0.057341221239804528 28.11843220966605 258.78119617649185 1874.4300845727814 222.5596493178343 122.96119678421546
decision_type=2 2 2 2 2 2 2 2 2 2 2 2 2 2 2 2 2 2 2 2 2 2 2 2 2 2 2 2 2 2
left_child=7 -2 3 4 25 22 -6 8 9 13 -10 12 14 -1 15 16 -12 -18 19 20 -13 -22 -5 -15 -25 -3 -24 28 -20 -30
right_child=1 2 -4 5 6 -7 -8 -9 10 -11 11 18 -14 23 -16 -17 17 -19 27 -21 21 -23 26 24 -26 -27 -28 -29 29 -31
leaf_value=-0.026288963728736209 -0.039701840501890302 0.009741937826205813 0.057869778861532439 0.050047271963474242 0.045993456185031978 0.054404592091469375 0.003851264045559489 0.028295837103884926 0.021892572069773977 0.0055178995730295801 -0.021556078476547474 0.044859821353751175 0.011522483417385774 0.044772096749576946 0.020235986757107943 -0.052918888790441702 -0.0059821523514999907 0.031945725513051797 0.051804107312495955 -0.053672114583712599 -0.065926820429708696 0.0064172755677868593 0.0025932289115283063 -0.025384537281303 -0.0060630728564546842 -0.02904108686313352 0.035378279159964346 -0.0075021462484222467 -0.027894096659517521 0.024617509269285683
leaf_weight=35.450499989179661 5.8041512880590735 7.4293146286509026 3.9817742225714019 4.8128781556151798 4.6230266951024523 5.236584310187026 131.84876905789133 7.5956579945050171 19.980054133106023 42.149436954059638 51.957128572976217 3.3528902153484585 26.050086528295651 2.6161001479194956 7.0888769091106942 5.6092328233644357 30.604120347183198 6.9668117547407737 8.7621950218453986 3.5927933962084344 3.1833216377999625 10.889441097388042 38.984360290691257 24.846712236816529 120.93610785491182 14.97278664249461 8.1859653671272081 11.93952892674133 7.8179650008678427 24.534513035789132
leaf_count=7778 112 349 49 90 37 100 2021 60 227 658 694 40 208 144 97 41 228 53 83 34 51 183 258 1308 3070 716 118 110 70 202
internal_value=0 0.00564203 0.0068379 0.00589758 0.00225313 0.0160166 0.00527884 -0.00364046 -0.00418153 -0.00861163 0.000321697 -0.00180822 -0.00727908 -0.011851 -0.0120702 -0.0144774 -0.012069 0.00105085 0.007666 -0.0086785 0.000598217 -0.00994728 0.0121495 -0.00840194 -0.00935616 -0.0161793 0.00828277 0.0141412 0.0204263 0.0119281
internal_weight=0 225.88 220.075 216.094 158.874 57.2198 136.472 455.923 448.328 225.999 222.329 202.349 128.276 183.849 102.226 95.1373 89.5281 37.5709 74.0726 21.0184 17.4257 14.0728 51.9832 148.399 145.783 22.4021 47.1703 53.0542 41.1147 32.3525
internal_count=19189 3850 3738 3689 3123 566 2058 15339 15279 12958 2321 2094 1321 12300 1113 1016 975 281 773 308 274 234 466 4522 4378 1065 376 465 355 272
is_linear=0
shrinkage=0.05


Tree=160
num_leaves=31
num_cat=0
split_feature=7 6 11 8 4 0 0 3 0 0 9 8 0 10 4 10 4 4 3 2 3 0 1 0 9 6 3 3 3 9
split_gain=4.7654 4.7304 3.63384 5.13839 5.08601 4.31662 4.31027 3.39136 3.31853 7.91189 2.67781 3.25074 3.13036 2.67357 2.94713 2.66971 2.60082 2.73424 2.67526 2.56134 3.6801 2.50936 2.45401 2.34193 2.56127 2.11461 6.21795 3.58429 3.48797 3.9444
threshold=1.5000000000000002 1.0000000180025095e-35 1.0000000180025095e-35 0.11744059274174178 239.37429057146636 827.96897245814819 91.792400296490683 271.60196667190144 232.74816325555886 224.0334013792409 1.0000000180025095e-35 0.036032206972596952 173.68140686059152 1.0000000180025095e-35 669.93681282917225 1.0000000180025095e-35 133.27196454129708 108.10998052064143 47.742924978797802 1.5000000000000002 22.130160513119922 278.25168371783508 3.5000000000000004 659.79922001898865 1.0000000180025095e-35 4.5000000000000009 144.27881038989264 100.08857804765167 44.095108835756257 1.0000000180025095e-35
decision_type=2 2 2 2 2 2 2 2 2 2 2 2 2 2 2 2 2 2 2 2 2 2 2 2 2 2 2 2 2 2
left_child=1 7 3 4 5 -3 -5 -1 9 -6 11 -4 16 14 25 22 17 18 19 20 -13 -12 -10 24 -17 -8 27 28 29 -27
right_child=-2 2 10 6 8 -7 13 -9 15 -11 21 12 -14 -15 -16 23 -18 -19 -20 -21 -22 -23 -24 -25 -26 26 -28 -29 -30 -31
leaf_value=0.0095885094756147822 0.020465422456973876 -0.029839511132180925 -0.014863660949083021 -0.030881502240775367 -0.018823855087197805 0.12867777354945692 -0.010454934645971095 0.057969915359174798 -0.024368838490628895 0.18064667462575282 0.0079319555010938427 -0.018695206800552183 0.0076770568949071707 0.0074112214997827794 0.021868843854574424 -0.020899345033153573 -0.032980455975614019 0.035682086654009647 -0.036493225513470597 -0.0086792982210449465 0.039412984989892007 0.037476255534348767 0.0092933587451362425 0.027887034552782238 0.015229227754791833 -0.018603220487433774 -0.019993223716593959 0.062101491253229502 -0.012597671890354682 0.14846256189829485
leaf_weight=64.165111604437698 29.281535317888483 40.289448575218557 31.015780413290486 11.288789748999987 1.3239404351043043 0.43409475684165855 81.215767919449718 3.8387701343744984 25.652405683504185 0.79601517057744775 49.03915706044063 4.2528886141953972 112.61514954082668 88.063555976725183 9.914128653239457 11.151188645861115 7.9592262329533687 4.3419209485873571 6.1756439600139847 32.093007612973452 7.5830110809765756 8.4213427123613638 6.8625807803473426 7.4312232639640561 8.7587495287880301 0.62610557638982001 11.22487681021448 5.3781295828230213 5.0616202966484707 0.81085396907292306
leaf_count=921 316 6920 381 1278 153 2 2951 32 722 24 391 67 1051 1869 92 284 71 46 71 430 80 168 102 65 63 127 137 127 270 19
internal_value=0 -0.000156209 -0.00161953 -0.00523255 -0.0144232 -0.0281498 -0.000813328 0.0123196 -0.00540363 0.0560747 0.00271729 5.54332e-05 0.00269927 0.000864584 -0.00418236 -0.00758104 -0.00628346 -0.00238077 -0.00567919 -0.00134727 0.0185335 0.0122619 -0.0172641 0.00393441 -0.00500572 -0.00665822 0.00668948 0.0319078 0.00691986 0.0756694
internal_weight=0 647.784 579.781 316.283 102.7 40.7235 213.584 68.0039 61.9761 2.11996 263.497 206.037 175.021 202.295 114.231 59.8561 62.4057 54.4465 50.1046 43.9289 11.8359 57.4605 32.515 27.3412 19.9099 104.317 23.1016 11.8767 6.49858 1.43696
internal_count=19230 18914 17961 15205 8335 6922 6870 953 1413 177 2756 2197 1816 5592 3723 1236 765 694 648 577 147 559 824 412 347 3631 680 543 416 146
is_linear=0
shrinkage=0.05


Tree=161
num_leaves=31
num_cat=0
split_feature=7 8 6 11 3 3 11 0 2 6 8 0 0 8 8 2 0 0 6 8 8 4 2 3 8 3 8 8 3 4
split_gain=4.97509 4.99053 3.84141 4.45673 4.03404 2.99647 2.9003 3.88391 3.30696 2.87086 2.77925 2.66171 4.55204 3.26662 3.6523 3.18949 2.50344 3.31099 5.33375 6.10512 4.10562 3.03938 2.56584 3.58316 3.91227 2.67587 2.50949 5.4344 5.5073 5.35312
threshold=1.0000000180025095e-35 0.020916004264648656 1.0000000180025095e-35 1.0000000180025095e-35 602.67791809631092 255.6279940121797 1.0000000180025095e-35 911.89367059962524 1.5000000000000002 1.0000000180025095e-35 0.36641356078293924 363.57042018080693 403.07464282296809 0.039625025614630313 0.067624722480447014 2.5000000000000004 313.61660946715818 375.93548737954421 3.5000000000000004 0.097762074891255948 0.17960047533826948 362.11066727460343 1.5000000000000002 123.7460426628074 0.24980761144193478 209.33509692897499 0.35808616204851484 0.20776517461908853 87.839290929711112 129.5317187858308
decision_type=2 2 2 2 2 2 2 2 2 2 2 2 2 2 2 2 2 2 2 2 2 2 2 2 2 2 2 2 2 2
left_child=1 6 5 4 16 10 7 -1 -8 -2 -3 -5 -13 -14 -15 -16 -4 18 26 -20 -19 -21 -22 -24 -25 -26 27 28 29 -18
right_child=9 2 3 11 -6 -7 8 -9 -10 -11 -12 12 13 14 15 -17 17 20 19 21 22 -23 23 24 25 -27 -28 -29 -30 -31
leaf_value=-0.046309326357859261 0.057165633137736975 0.0049896455364601185 -0.01644723651361224 0.00051196257627584955 0.035523433540265548 0.050909446867580026 0.020765373712285467 0.05777545954884903 -0.023551387650141822 0.0067783651964217935 0.049586395919102765 0.049639855711344903 0.047141904772253412 -0.041439363122954744 -0.0076936945071626843 0.04761049897820515 0.014121192670849587 -0.017823129978582108 -0.059742529702340286 0.037352056479651799 0.019569344675193476 0.11410347229610576 0.021424462922641607 -0.041733905817577466 -0.018411803869956205 0.024287516213232482 0.031396315249464617 -0.062318276070409288 -0.0087476717939911249 0.22920292700416259
leaf_weight=12.440493652611618 2.8701401134021571 53.96681752166478 70.149912247026805 157.20765403029509 5.2457053596153846 4.35027478984557 6.4126001764088896 0.96584442257881242 12.252871368196791 187.64909702772275 3.7353058047592631 7.8139038304798332 3.7213036958128241 4.8079201728105572 8.0629926091060025 3.852746761403977 0.64713152719196088 53.682655278069433 1.0126389485667449 2.6633076347934548 14.864352925855199 2.5013245478039607 9.0017944311257434 8.9496364491060394 8.4789193014148605 6.4681308018043628 3.9292451883666208 3.9147546821623109 5.7345378654717933 0.5231751769897528
leaf_count=1301 47 749 8374 1637 43 37 66 4 147 3401 27 86 30 41 147 52 93 1453 139 139 164 25 145 135 86 55 33 107 295 69
internal_value=0 -0.00201969 -0.000647657 -0.00251637 -0.00773795 0.0108935 -0.021069 -0.0388107 -0.00832618 0.00753744 0.00787658 0.00305152 0.0171794 0.00477326 -0.00465449 0.010188 -0.00891671 -0.00459981 0.0135086 0.0525138 -0.00833521 0.0745242 0.00232866 -0.0054611 -0.0155888 6.57409e-05 -0.00282797 -0.0152569 0.011425 0.110272
internal_weight=0 477.358 445.286 383.234 197.767 62.0524 32.0718 13.4063 18.6655 190.519 57.7021 185.467 28.2589 20.445 16.7237 11.9157 192.522 122.372 20.9261 6.17727 101.445 5.16463 47.7628 32.8985 23.8967 14.9471 14.7488 10.8196 6.90484 1.17031
internal_count=19127 15679 14161 13348 11355 813 1518 1305 213 3448 776 1993 356 270 240 199 11312 2938 900 303 2038 164 585 421 276 141 597 564 457 162
is_linear=0
shrinkage=0.05


Tree=162
num_leaves=31
num_cat=0
split_feature=7 11 0 2 5 0 3 8 5 4 10 8 5 2 3 5 5 8 0 8 9 0 8 8 5 5 5 3 5 4
split_gain=5.67516 6.07581 4.69767 2.92364 2.89231 3.15279 4.38797 3.39001 2.83357 2.74607 3.31508 3.24213 3.24715 2.78046 2.6514 2.63896 2.63054 4.03819 2.61242 2.61012 3.48693 4.11726 3.44709 2.74323 5.93056 4.60808 7.48182 2.91462 4.5739 2.56109
threshold=1.0000000180025095e-35 1.0000000180025095e-35 341.46250648926923 2.5000000000000004 82.404682532486291 360.41089205754668 72.685551424675623 0.063800661283657342 98.558534733192815 128.37255618492597 1.0000000180025095e-35 0.27095723533142363 556.16536202203849 3.5000000000000004 92.567437951205505 92.319946293244797 20.77858595524712 0.080857112005280923 375.93548737954421 0.11846827626371521 1.0000000180025095e-35 108.98055262133784 0.10185444296182532 0.036032206972596952 135.64076674203423 1033.1517055726936 1304.0745804014975 87.839290929711112 582.3431338167801 183.54513191728572
decision_type=2 2 2 2 2 2 2 2 2 2 2 2 2 2 2 2 2 2 2 2 2 2 2 2 2 2 2 2 2 2
left_child=1 2 3 16 -3 19 -7 -8 18 13 15 -12 -13 -4 -9 -11 -1 -18 -2 20 22 -22 23 -6 -25 27 -27 28 -26 -17
right_child=8 4 9 -5 5 6 7 14 -10 10 11 12 -14 -15 -16 29 17 -19 -20 -21 21 -23 -24 24 25 26 -28 -29 -30 -31
leaf_value=0.0020257942924871799 0.013353199025961085 0.021489240872288987 -0.045829024647277269 -0.0022585397721889213 -0.031326027321863167 -0.03531277855953207 0.0034564784039516449 0.072500418479001183 0.0042793427111972636 0.008070226188120139 0.00251149140423018 0.057443856382236758 0.004422863226232138 0.037748875091065476 0.025626820085758575 0.015939066150574062 -0.052896296257756173 -0.019209794178100287 0.047268237329711395 0.0043196486102377897 -0.024363514046822368 0.015902859236314678 -0.054087168124975882 0.06743465221714201 0.027043217552973887 0.083440544335118508 -0.026421867493751153 -0.047314078896889676 -0.05020428742109409 -0.016080084528749965
leaf_weight=11.070111709414048 31.525063048815355 19.92319162003696 6.1040646709152488 29.436801161209587 12.36403396585956 3.824840683490037 14.146048077382149 3.9526556730270412 153.1045739199908 20.904612743295729 50.945176567067392 5.9792045410722476 5.5849035531282425 1.1889455411874221 12.743251451291142 7.041125795163679 10.439106354548128 60.20076674768643 6.925371538149192 89.890649846522138 8.8971282206475752 22.160843884572387 5.6355310149956486 2.701839571818712 4.732996064936744 2.9309251164086154 3.2884503076784313 7.7531069712713361 3.2199608025839552 55.246345853549428
leaf_count=211 373 247 321 3265 233 21 116 28 3001 222 767 53 49 64 219 335 2761 4209 77 787 62 132 74 21 139 39 66 61 96 1209
internal_value=0 -0.00284583 -0.00794601 -0.0157692 0.00332915 0.00150407 0.0152009 0.0214654 0.00732686 -0.00226267 -0.000763986 0.00793671 0.0318373 -0.0322037 0.0367239 -0.00730156 -0.0206365 -0.024188 0.0194617 -0.00139873 -0.00837477 0.00436781 -0.017659 -0.0121093 -0.00246162 -0.0110748 0.0253516 -0.0254992 -0.00423244 -0.0124606
internal_weight=0 482.307 264.141 111.147 218.165 198.242 34.6668 30.842 191.555 152.994 145.701 62.5093 11.5641 7.29301 16.6959 83.1921 81.71 70.6399 38.4504 163.575 73.6848 31.058 42.6268 36.9913 24.6273 21.9254 6.21938 15.7061 7.95296 62.2875
internal_count=19258 15807 13466 10446 2341 2094 384 363 3451 3020 2635 869 102 385 247 1766 7181 6970 450 1710 923 194 729 655 422 401 105 296 235 1544
is_linear=0
shrinkage=0.05


Tree=163
num_leaves=31
num_cat=0
split_feature=10 9 0 6 11 3 6 5 0 4 3 5 5 2 3 3 7 5 0 0 4 5 0 4 0 4 0 3 4 5
split_gain=5.17439 3.02447 4.11223 3.54082 3.31166 3.65043 4.41375 3.0833 3.39961 3.08999 2.76442 2.55485 3.98362 2.99746 3.50031 6.58372 2.49354 2.47915 2.34917 3.53135 2.13746 4.06849 2.43858 5.71122 3.88672 3.26167 3.32963 2.3467 4.45734 2.03324
threshold=1.0000000180025095e-35 1.0000000180025095e-35 154.93669589942272 4.5000000000000009 1.0000000180025095e-35 155.2117607790419 1.0000000180025095e-35 18.016304280812989 47.780834517168685 14.013217233633689 148.3250391357324 143.22014379982554 231.64167141874216 3.5000000000000004 64.160316705215962 59.634402202070852 1.0000000180025095e-35 79.562020119996063 484.31177953255195 423.20321540993694 77.644487335899868 629.32783279274292 206.88054870263278 108.10998052064143 225.99544163524357 120.5696355877338 272.13470830073237 104.15625788682232 252.98999883371349 743.67332509552568
decision_type=2 2 2 2 2 2 2 2 2 2 2 2 2 2 2 2 2 2 2 2 2 2 2 2 2 2 2 2 2 2
left_child=1 2 3 11 5 10 -7 -3 9 -9 17 -1 -13 14 15 -14 -2 -4 19 20 21 -6 23 -22 -24 -26 -27 -28 -29 -20
right_child=16 7 4 -5 18 6 -8 8 -10 -11 -12 12 13 -15 -16 -17 -18 -19 29 -21 22 -23 24 -25 25 26 27 28 -30 -31
leaf_value=0.0024118910145060866 0.0027408205169751373 0.036821070454387726 -0.0013122148367715057 -0.046721829012695199 -0.040639921519718909 0.038359293412598132 -0.0057473019632635139 -0.012356146490723263 -0.00048759712038657586 0.070920535283066619 -0.07054770411057576 -0.076567632415045092 -0.0066351881134730645 -0.081654722035665206 -0.056625774860205813 0.17573428864889909 0.013628105739291262 -0.025663432418125954 0.050319932621278901 -0.028606397838222039 0.070193854356875016 0.017364326684199537 -0.032767673034813045 0.0038283322951095339 -0.017602214575668785 0.039552676306403474 0.02148577659532758 -0.032929111345124655 0.019055160242252324 -0.0010416468892060964
leaf_weight=16.526319868455175 193.65848668012768 6.3072647650260469 16.354120501957368 9.4773036483820743 6.8487080773338658 6.2505025677382937 61.291157953208312 1.7094457022030827 130.00670678267488 3.197411201079376 2.5331694888591292 3.0389762875274782 16.660010745021292 1.5906829341693072 3.4177574162022202 0.51003912401210882 72.198712024372071 28.961614743195241 4.7106250021606675 9.0706494394689781 4.8395942398346952 5.4120523282326758 6.7441226989030829 9.8190174587070924 10.149970579892395 9.7393972529098374 13.325759635306897 8.1807847400195914 8.3145121526904386 3.2606214587576687
leaf_count=551 5182 61 408 734 84 50 1216 80 2377 91 80 311 1749 208 232 36 1117 3711 84 77 50 68 62 100 98 84 102 71 79 48
internal_value=0 -0.00326601 -0.00639572 -0.0191319 -0.00337283 -0.00915082 -0.00166555 0.0026518 0.00105437 0.0419087 -0.0197167 -0.012868 -0.0228817 -0.0155254 -0.0104161 -0.00121787 0.00569748 -0.0168753 0.00326682 0.00102113 0.00424445 -0.0150361 0.00756866 0.0257392 0.00285063 0.00768289 0.0141703 0.0058805 -0.00672626 0.0293106
internal_weight=0 408.248 267.027 51.2211 215.806 115.391 67.5417 141.221 134.914 4.90686 47.8489 41.7438 25.2175 22.1785 20.5878 17.17 265.857 45.3157 100.416 92.4446 83.3739 12.2608 71.1132 14.6586 56.4545 49.7104 39.5605 29.8211 16.4953 7.97125
internal_count=19201 12902 10293 3821 6472 5465 1266 2609 2548 171 4199 3087 2536 2225 2017 1785 6299 4119 1007 875 798 152 646 150 496 434 336 252 150 132
is_linear=0
shrinkage=0.05


Tree=164
num_leaves=31
num_cat=0
split_feature=7 8 4 3 5 6 0 4 4 11 4 0 4 8 10 7 5 4 3 8 5 3 7 0 0 10 3 5 1 5
split_gain=4.1306 4.3624 3.68549 4.2733 3.71572 4.72461 4.06056 3.59484 3.58557 3.23936 3.37757 3.68571 3.92086 4.80141 4.2338 3.05872 3.01652 3.13505 2.7782 2.76313 3.35746 3.0908 2.82601 2.70773 2.93081 2.64671 3.016 3.77361 2.61868 3.94996
threshold=1.5000000000000002 0.48630674657002987 102.31234046560238 62.484664044727545 2358.4341417416895 1.0000000180025095e-35 911.89367059962524 324.93687575112017 124.98499766999147 1.0000000180025095e-35 256.53611719696772 197.83884650614229 127.19406226566473 0.31607229904803352 1.0000000180025095e-35 1.0000000180025095e-35 118.07011633124738 14.013217233633689 225.53148304913233 0.048518701714561317 471.1898925903435 123.7460426628074 1.0000000180025095e-35 298.51485135275499 119.07892693085746 1.0000000180025095e-35 7.4584308608828467 677.41380987510456 4.5000000000000009 12.195997500864246
decision_type=2 2 2 2 2 2 2 2 2 2 2 2 2 2 2 2 2 2 2 2 2 2 2 2 2 2 2 2 2 2
left_child=1 2 16 8 5 18 9 -6 23 10 11 12 -7 14 -14 -16 17 -1 -5 20 22 -21 -12 24 -4 -18 27 -27 29 -13
right_child=-2 -3 3 4 7 6 -8 -9 -10 -11 19 28 13 -15 15 -17 25 -19 -20 21 -22 -23 -24 -25 -26 26 -28 -29 -30 -31
leaf_value=-0.049987042357241697 0.016673190182258615 0.024199301570764616 -0.054478977431646682 0.0097268805434684042 -0.060646834166874587 -0.064441434719704108 0.033098909373947431 -0.0029543887232613992 0.040434833399051434 0.0033421135735297557 -0.019126406738172744 0.025986235609548231 -0.036217805297546951 0.093353096495734741 -0.0089272938368571749 0.087028809587603742 -0.018870279088753397 0.0032079135027224385 0.046008427099264115 0.042039306771775919 -0.04362834761868449 -0.0004215916776640319 0.029481857687960772 -0.044427901041608812 0.0194573554729102 -0.0084468424765810554 -0.0065059907543466855 0.14890334320419271 -0.0012115356533341194 -0.025258931872722032
leaf_weight=2.9111647338722824 30.099731284426525 15.186065878253428 1.4877348105656043 33.667770759086125 5.1832004020834557 1.3496507931704389 7.7335621528327456 5.6362283056369051 11.163867963216033 114.52038552495651 8.9806452704942803 4.0011539817787698 3.0947110455017519 2.0794021523324773 1.4837466199533083 1.8863057821290568 77.227036411917652 57.026043537654914 6.2568838987499467 4.4603463154344345 8.1339073711424117 109.52735362786916 4.4826959387864909 2.4632122412440358 13.527794484369222 0.8202508148679033 53.620933271857211 0.71158895833650604 19.200203925400274 62.476669536074041
leaf_count=85 319 150 107 374 191 211 66 87 332 1133 205 45 407 45 181 35 5224 1349 53 94 262 1641 41 78 556 71 2426 43 579 2745
internal_value=0 -0.00227949 -0.00292274 -0.000363541 -0.00168618 -0.000891051 -0.00273289 -0.0305928 0.0182993 -0.00353453 -0.00694138 -0.0141402 0.0147545 0.0272645 0.00600694 0.0447818 -0.00868207 0.000624222 0.0154128 -0.00186705 -0.0182652 0.00123991 -0.00294201 0.00416103 0.0121318 -0.0128956 -0.00452974 0.0646474 -0.0174768 -0.0221746
internal_weight=0 640.301 625.114 432.797 404.155 393.335 353.411 10.8194 28.6426 345.677 231.157 95.5718 9.89382 8.54417 6.46476 3.37005 192.317 59.9372 39.9247 135.585 21.5972 113.988 13.4633 17.4787 15.0155 132.38 55.1528 1.53184 85.678 66.4778
internal_count=19135 18816 18666 9468 8395 8117 7690 278 1073 7624 6491 4248 879 668 623 216 9198 1434 427 2243 508 1735 246 741 663 7764 2540 114 3369 2790
is_linear=0
shrinkage=0.05


Tree=165
num_leaves=31
num_cat=0
split_feature=7 5 9 5 8 6 0 11 6 6 8 11 3 10 1 8 6 8 8 0 8 9 5 4 1 4 4 5 1 9
split_gain=4.53769 4.49346 3.74486 3.62773 3.05318 4.50502 3.47557 4.38562 3.18369 3.00485 2.85473 2.49178 5.85168 2.85048 3.8315 2.66949 3.14936 5.00356 4.41573 3.62396 3.44014 2.79245 2.60044 2.5597 2.77777 3.34098 2.5202 2.71087 2.50038 2.49514
threshold=1.0000000180025095e-35 131.8323138609675 1.0000000180025095e-35 111.04897398867058 0.33668849324947742 1.0000000180025095e-35 520.5606197932367 1.0000000180025095e-35 7.5000000000000009 1.0000000180025095e-35 0.041690910440004107 1.0000000180025095e-35 61.877703320699204 1.5000000000000002 3.5000000000000004 0.22272344595763563 3.5000000000000004 0.1274462997427068 0.15376381295566086 680.46374583134912 0.017272008570772244 1.0000000180025095e-35 656.69643566736806 297.34001363167687 1.5000000000000002 401.96339663173177 281.97707179250921 235.25379778690623 7.5000000000000009 1.0000000180025095e-35
decision_type=2 2 2 2 2 2 2 2 2 2 2 2 2 2 2 2 2 2 2 2 2 2 2 2 2 2 2 2 2 2
left_child=1 2 3 -1 5 -2 7 8 -7 -3 -5 12 -11 -13 -15 16 26 20 21 -20 22 -19 -18 29 -25 -26 28 -28 -14 -17
right_child=4 9 -4 10 -6 6 -8 -9 -10 11 -12 13 15 14 -16 23 17 18 19 -21 -22 -23 -24 24 25 -27 27 -29 -30 -31
leaf_value=-0.0046282005628931651 0.067291588550645307 0.00509404174234631 0.016113629858112859 -0.038020283081360517 0.026980839064803003 -0.0045832274476062676 0.021625132160950793 0.011507270893194787 -0.063907956900962556 -0.04926401449218637 0.038949339928002737 -0.006109039356766488 -0.052588463547117839 0.042393912896516395 -0.0099395190703180404 -0.028487417905942586 0.099993389346339695 0.00076320967849698553 -0.026699916635543681 0.053233612803300967 -0.041594430773193129 0.089009794660227612 -0.025209830215842374 -0.014549738187613476 -0.00033938458229228592 0.049132285012176695 -0.063293652465156169 -0.013237973466106674 0.087111632217968984 0.0018302736282094769
leaf_weight=82.972579927329207 2.7812354963971293 51.395808249537367 46.707603056915104 1.4102778963861045 15.959768032422287 94.275078431732254 22.2411389562767 56.744469414930791 2.3170939945266573 10.493308678880565 8.2627355549193435 162.51563386397902 9.2590335249988094 7.3203311497345549 6.6971407057717443 11.923928682605037 0.83240534533979527 1.2946296673908344 4.8285621199320303 2.0074891969561577 7.8922888924280414 2.9147704130737111 0.8265013881464256 6.5690617491491166 6.6583696722518635 7.0011185808107257 3.0084390120464404 26.803115705028176 0.33177314465865571 15.751147063914686
leaf_count=1728 46 751 563 73 177 2454 230 486 62 5338 237 1790 2050 66 50 561 52 124 259 10 892 44 58 74 77 56 97 717 10 139
internal_value=0 -0.0030119 0.00456986 -0.00124998 0.00602895 0.00415415 0.00315402 0.000474832 -0.00600633 -0.00606262 0.0277275 -0.00800683 -0.0136188 -0.00424308 0.0173905 -0.0101523 -0.0171795 -0.00133523 0.0215813 -0.00322647 -0.027837 0.061869 0.0376146 -0.00135084 0.0121681 0.0250171 -0.0254617 -0.0182894 -0.0477558 -0.0112322
internal_weight=0 485.678 139.353 92.6456 194.319 178.359 175.578 153.337 96.5922 346.325 9.67301 294.929 118.396 176.533 14.0175 107.903 59.999 20.5966 11.0455 6.83605 9.5512 4.2094 1.65891 47.9036 20.2286 13.6595 39.4024 29.8116 9.59081 27.6751
internal_count=19271 15816 2601 2038 3455 3278 3232 3002 2516 13215 310 12464 10558 1906 116 5220 4313 1439 437 269 1002 168 110 907 207 133 2874 814 2060 700
is_linear=0
shrinkage=0.05


Tree=166
num_leaves=31
num_cat=0
split_feature=7 5 8 8 0 4 11 4 8 5 3 0 3 5 5 4 11 5 8 5 5 0 0 5 4 5 4 4 0 3
split_gain=5.77616 3.07428 2.77659 3.69922 3.2188 2.6784 3.517 4.45068 3.96707 3.36811 3.2158 3.26398 3.77351 4.54936 3.1398 3.84576 3.39613 3.04892 2.96964 2.95955 2.73694 2.65358 4.07049 2.56149 2.55318 2.41947 2.3071 2.27268 2.23971 2.8074
threshold=1.0000000180025095e-35 98.558534733192815 0.051800994285479386 0.061339675053309804 705.37169474384621 286.98061637840243 1.0000000180025095e-35 21.743355879952642 0.18402512956117631 146.89441876424289 18.701454301231884 121.91148058026688 57.219035754733511 684.82502767005576 367.52357217235698 324.93687575112017 1.0000000180025095e-35 180.79481396341529 0.16666937735140785 227.95329400478107 971.32479332082437 387.54349178883723 476.72809421571384 506.51701914679842 82.872007246535063 2547.4159726516659 88.012693333711681 15.029314149268574 96.245895573229134 122.34082473741329
decision_type=2 2 2 2 2 2 2 2 2 2 2 2 2 2 2 2 2 2 2 2 2 2 2 2 2 2 2 2 2 2
left_child=2 -2 4 -4 -1 6 8 27 -5 21 -9 26 13 24 15 -11 -16 -14 -19 -17 23 -7 -23 -20 -13 28 -12 -8 -10 -30
right_child=1 -3 3 5 -6 9 7 10 25 14 11 12 17 -15 16 19 -18 18 20 -21 -22 22 -24 -25 -26 -27 -28 -29 29 -31
leaf_value=-0.013418105819260518 0.020653195632952426 0.004646063355332939 0.023219443499552461 -0.022044757743036925 0.020554836109767188 0.043386370533865806 0.0051278897170060414 -0.03437083645944717 -0.030201302049269459 0.033304289854549869 0.025681184544265448 -0.01359699679227647 0.025551562178621024 -0.039012619239500099 0.0020730293383309879 -0.00061511206797997247 0.044160323855118061 -0.013615097145706929 0.01655724257694376 -0.043933242746129447 0.029468173492890656 -0.026495313080190427 0.027067307545995269 -0.019676369945281994 0.023545073921914156 -0.068078978949320204 -0.010753923461599472 0.048640534098958979 0.0058754460658393499 -0.015727543665601897
leaf_weight=81.135963576554786 37.281110428390093 153.49126832242473 15.523011348559519 45.680532989950734 7.6276219170540562 8.8418703564675543 5.2607009654166159 7.062126488890498 6.7358639790763837 3.1866081998450708 18.176292780321095 15.536772524472328 12.602918798103927 13.92920032283291 43.960793488367926 6.5465527383494218 5.3797240895219138 27.139231439679861 9.5348655059933716 9.9145334770437312 10.718450295738874 5.3155290216673157 10.661113497335462 9.9861231073737127 6.5891631520353249 1.4346781218191598 5.7095288652926675 6.9858123550657183 54.326306906004902 20.79573852813337
leaf_count=4028 438 3012 724 5093 64 92 67 86 661 64 198 161 150 149 740 102 115 235 78 152 81 56 97 70 71 88 61 62 1946 284
internal_value=0 0.00777421 -0.00252203 -0.000694981 -0.0104987 -0.00169286 -0.00415643 0.00106986 -0.0102036 0.00561339 -0.00151195 0.000274146 -0.0034872 -0.016628 -6.92056e-05 -0.0169728 0.00666192 0.00328307 -0.00160808 -0.0267057 0.00916795 0.0214093 0.00924669 -0.00197836 -0.00253599 -0.00370955 0.0169719 0.0299489 -0.00258138 -0.000104824
internal_weight=0 190.772 476.298 387.534 88.7636 372.011 278.204 149.231 128.973 93.8067 136.985 129.923 106.037 36.0551 68.9882 19.6477 49.3405 69.9816 57.3787 16.4611 30.2394 24.8185 15.9766 19.521 22.1259 83.2926 23.8858 12.2465 81.8579 75.122
internal_count=19225 3450 15775 11683 4092 10959 9541 1469 8072 1418 1340 1254 995 381 1173 318 855 614 464 254 229 245 153 148 232 2979 259 129 2891 2230
is_linear=0
shrinkage=0.05


Tree=167
num_leaves=31
num_cat=0
split_feature=9 3 8 0 11 0 3 7 6 0 5 11 5 8 8 5 7 6 7 4 5 5 4 6 8 8 5 5 8 4
split_gain=6.4444 3.92725 3.89272 3.78414 3.68789 3.70359 3.6233 3.45143 3.40929 3.27046 3.16017 3.02358 2.87999 3.95899 5.04545 3.36183 3.57696 3.17015 2.63724 2.62591 2.62347 2.57979 3.1023 2.4929 2.45207 3.02111 2.42638 2.39922 3.22907 2.66201
threshold=1.0000000180025095e-35 324.83454637060066 0.32549435132716659 84.718706516444612 1.0000000180025095e-35 520.5606197932367 293.0044313263777 2.5000000000000004 1.0000000180025095e-35 576.75883003262754 29.944589637884032 1.0000000180025095e-35 101.15873163407757 0.11393095219661491 0.11620148840968951 185.35763590587095 1.5000000000000002 1.5000000000000002 1.0000000180025095e-35 172.46687954774572 1554.0014780104525 235.25379778690623 97.649245314183176 2.5000000000000004 0.096659167035345731 0.0043432043412107114 36.527792906342476 372.73431005541153 0.38856892835609974 16.893385026243219
decision_type=2 2 2 2 2 2 2 2 2 2 2 2 2 2 2 2 2 2 2 2 2 2 2 2 2 2 2 2 2 2
left_child=2 6 4 -4 5 7 9 12 -6 27 -7 21 17 20 -15 -16 -17 19 -19 -1 -14 22 -5 -11 25 -22 -10 28 -2 -29
right_child=1 -3 3 11 8 10 -8 -9 26 23 -12 -13 13 14 15 16 -18 18 -20 -21 24 -23 -24 -25 -26 -27 -28 29 -30 -31
leaf_value=-0.010627330882996871 0.0069277788518783915 0.035162641359526188 -0.029354754648782552 -0.014868045063093397 0.024651955673334794 0.036228323952824368 -0.048141871064643564 0.043715924873388975 0.026084252320706453 0.0040913460074683038 -0.0060513127620228889 0.035971293237290411 -0.051791128000462941 0.14021273015594837 -0.053032106627683651 -0.020359898106642016 0.023463005904801878 -0.030085989386077035 -0.0035328084711645068 0.032655980010594519 0.13642219458079469 -0.0043403696702973074 0.031865959160425582 0.052978468819101267 0.071524146448770962 -0.054778322113464985 -0.0052969778375977954 0.042698915064193432 0.057971999480451675 -0.0037744166690805341
leaf_weight=7.3908314627187774 90.724996246513911 10.267246457282452 6.7413372531882478 4.8056670855148722 10.745369062293319 4.7774013369344166 3.3431282034143797 2.230469647794961 6.3669913741759947 4.6657140883617085 59.019315004814416 9.5209550559520704 17.338344749790853 0.50028784688038186 6.343689789515337 29.712563752560527 5.5217654388397923 20.429263437312329 17.243920454056934 6.6633294604253024 0.23616569305886459 28.550572680193 13.602008345769717 5.9118694721255451 0.84800174814881746 1.6502278501284307 189.18955672904849 3.1785321556963018 3.207854193635284 100.79444244335173
leaf_count=205 1457 104 145 60 103 37 30 17 80 52 825 110 4982 94 459 3629 60 919 246 77 16 496 113 66 94 611 2024 103 41 2006
internal_value=0 0.00496249 -0.00544852 0.00605279 -0.00733124 -0.0125634 0.00349869 -0.0178811 -0.00276857 0.00432677 -0.00288521 0.010279 -0.0190876 -0.0263416 -0.0176257 -0.0195249 -0.0134922 -0.0103717 -0.017932 0.00989406 -0.0446127 0.00506983 0.0196652 0.0314146 0.000904818 -0.0308411 -0.00427526 0.00287899 0.00867096 -0.00235369
internal_weight=0 222.094 449.428 63.2205 386.207 179.906 211.827 116.109 206.302 208.483 63.7967 56.4792 113.878 62.151 42.0783 41.578 35.2343 51.7273 37.6732 14.0542 20.0727 46.9582 18.4077 10.5776 2.7344 1.88639 195.557 197.906 93.9329 103.973
internal_count=19261 3859 15402 924 14478 12271 3755 11409 2207 3725 862 779 11392 9945 4242 4148 3689 1447 1165 282 5703 669 173 118 721 627 2104 3607 1498 2109
is_linear=0
shrinkage=0.05


Tree=168
num_leaves=31
num_cat=0
split_feature=8 5 10 8 5 4 1 6 3 5 7 4 11 1 1 2 5 5 6 5 4 4 3 4 6 3 6 2 5 8
split_gain=3.78372 3.12964 3.05536 2.60776 2.76167 3.49549 2.52383 2.55546 4.28398 2.94799 3.05922 2.66247 2.61619 2.78485 2.40198 2.36908 4.23155 3.14656 3.07746 3.0839 3.04492 2.99244 4.63146 3.25975 7.88225 2.95327 2.89042 4.31299 3.13036 2.6467
threshold=0.008815068996038752 48.189108096727203 1.0000000180025095e-35 0.45491259551831259 992.98277732397457 733.72584996306364 6.5000000000000009 1.0000000180025095e-35 157.72043721118683 949.81386612958318 1.0000000180025095e-35 245.83366822610969 1.0000000180025095e-35 4.5000000000000009 4.5000000000000009 2.5000000000000004 1874.4300845727814 1680.7069480810881 4.5000000000000009 167.75028367864016 24.059555676369566 147.84366976282482 121.02079442674362 249.55925691351732 2.5000000000000004 133.54988707214252 4.5000000000000009 1.5000000000000002 648.77327403390325 0.22786491702169387
decision_type=2 2 2 2 2 2 2 2 2 2 2 2 2 2 2 2 2 2 2 2 2 2 2 2 2 2 2 2 2 2
left_child=-1 -2 3 4 6 -6 7 8 14 10 -9 12 -12 -14 -3 16 17 21 20 -20 -17 26 -23 24 -24 -26 -4 -28 -29 -21
right_child=1 2 15 -5 5 -7 -8 9 -10 -11 11 -13 13 -15 -16 18 -18 -19 19 29 -22 22 23 -25 25 -27 27 28 -30 -31
leaf_value=-0.022799250636601515 0.0099248965822070628 -0.013821540350680115 -0.002096062068150883 0.018661592414281513 0.0014347055094906464 0.057111880893275714 0.023888165029946746 -0.013284014667042649 0.043202690327671468 -0.058671418711469019 -0.018065008142397032 0.013724768617528983 0.014528500995118005 -0.022917791304945069 0.034611415985588263 -0.049288506863647497 -0.02796992234517047 0.046516575600823798 -0.021519128654844955 0.055864484247426321 0.0089790988672660121 0.026543289066139338 0.027512353069086927 0.0065016500404564128 -0.012220386465852981 -0.073995746221978673 0.011489383498600698 -0.028712434019429252 -0.10171821675262781 -0.0066573741006899839
leaf_weight=17.802183352265274 78.505952096544206 14.24850876134588 49.613713506871136 12.557790889870374 78.639636341598816 2.9237985069630659 6.3722535529232109 141.82136394175177 6.2322744228877118 3.0278193002159233 26.152638016385026 22.250691656023264 18.515870875213299 6.7842620480805627 3.1205710715148589 2.3476736780430647 12.054612111605818 4.010858439753064 2.1413273942598599 8.9542178569827211 49.874195284137386 23.449506503209705 5.1167631777061606 48.332042413472664 3.0555583295354136 5.2741524424636737 3.6203733655711385 3.7544576353393495 2.4113655728579033 2.0872875965433186
leaf_count=697 1176 249 1743 127 2986 43 334 6131 57 160 1002 243 145 50 67 146 315 93 55 239 1329 493 78 690 47 83 134 146 100 40
internal_value=0 0.000566777 -0.000724957 -0.00370187 -0.00455266 0.00343056 -0.00717266 -0.00799002 0.00764033 -0.00967793 -0.00898964 -0.00072635 -0.00697572 0.00448723 -0.00511996 0.0037865 0.000521254 0.00283189 0.0118089 0.0333955 0.00635963 0.00162042 0.00762466 0.000443638 -0.0213313 -0.0513349 -0.00699457 -0.0318289 -0.057264 0.0440453
internal_weight=0 647.252 568.746 342.647 330.09 81.5634 248.526 242.154 23.6014 218.553 215.525 73.7035 51.4528 25.3001 17.3691 226.098 160.693 148.639 65.4047 13.1828 52.2219 144.628 85.228 61.7785 13.4465 8.32971 59.3999 9.7862 6.16582 11.0415
internal_count=19198 18501 17325 11594 11467 3029 8438 8104 373 7731 7571 1440 1197 195 316 5731 3922 3607 1809 334 1475 3514 1391 898 208 130 2123 380 246 279
is_linear=0
shrinkage=0.05


Tree=169
num_leaves=31
num_cat=0
split_feature=5 11 8 8 0 5 3 6 4 0 5 6 8 0 8 8 11 6 5 8 4 3 8 5 8 6 8 8 1 5
split_gain=3.52833 3.97245 3.32543 4.51166 2.96093 3.46188 3.45498 2.71504 2.62698 4.20911 3.12345 2.42703 2.53805 3.57041 2.29421 2.44293 6.01025 3.17528 6.71782 4.34639 3.40398 3.17616 2.78863 2.44497 2.28112 2.26195 2.70289 3.15676 2.60823 4.04914
threshold=143.22014379982554 1.0000000180025095e-35 0.19102510471745657 0.18605031885911047 332.8939000160895 2808.4062165847231 26.110229689101082 1.0000000180025095e-35 268.59289033940507 219.26782623529633 170.73649233340004 1.0000000180025095e-35 0.13876481905034913 128.24012378292699 0.12299984567704277 0.03021541482501058 1.0000000180025095e-35 3.5000000000000004 42.546004818710713 0.076289968847360168 129.5317187858308 122.34082473741329 0.014490688000467438 60.687455866829616 0.051800994285479386 5.5000000000000009 0.15497227056947024 0.16372543332077547 4.5000000000000009 45.178836935987896
decision_type=2 2 2 2 2 2 2 2 2 2 2 2 2 2 2 2 2 2 2 2 2 2 2 2 2 2 2 2 2 2
left_child=11 2 3 4 5 -2 -7 -6 10 -10 -3 -1 13 -13 15 22 17 20 19 -19 -17 23 -15 -22 -20 26 -14 -28 -29 -30
right_child=1 8 -4 -5 7 6 -8 -9 9 -11 -12 12 25 14 -16 16 -18 18 24 -21 21 -23 -24 -25 -26 -27 27 28 29 -31
leaf_value=0.025676437276487975 -0.022717923874419746 -0.026559895440463329 0.0010485355636285858 -0.069543410001680878 0.014182678607085481 0.31878459565222794 0.034785825670726599 -0.0083138043947445332 -0.027828154282635732 0.029632321662342715 0.0034150755317581649 -0.022413276492815184 0.04340600163752531 0.014652863961624086 -0.019766056723471231 -0.046329208963202084 0.044611345736572168 0.013075631053375229 0.028540090184336054 0.0866881730222724 0.0049441095560782194 -0.0098396526476625806 -0.026189537467760562 0.07377543939402334 -0.029636094908830735 -0.019360464222994381 -0.033633548608273757 0.019408036040058224 -0.041192649541370335 0.01646100305544133
leaf_weight=16.379483880358748 38.056865741556976 9.0833734369371069 112.89203401998384 3.1727043821738325 16.394322713837028 0.13476672062824846 0.52148012681573164 73.722091409756104 3.8301904462277916 18.981161834904924 201.05175683111884 14.923315939537131 7.3074258190463288 7.1801250396529239 8.8338109623873589 4.5594480240397415 11.47386164870113 3.6738720593857561 2.4413986311119507 4.4149687943863682 2.9496344060171422 15.862174174864775 10.000104045378974 2.2931658738525584 5.4385386846406618 5.2668833205680121 3.6823399627464815 47.860940622747876 4.9885926335118693 7.818393110355828
leaf_count=175 7516 88 3151 155 133 46 141 2217 29 305 2019 550 134 136 125 255 143 63 55 50 59 173 203 85 144 96 68 670 64 148
internal_value=0 -0.000805528 -0.0052518 -0.01064 -0.00918941 -0.0207545 0.0931078 -0.00422116 0.0038688 0.0199843 0.00211937 0.00729029 0.00552883 1.9128e-05 0.00425018 0.00726858 0.0125704 0.00374012 0.0212455 0.0532541 -0.00715197 0.00131175 -0.00912029 0.0350505 -0.0116117 0.0122647 0.0145892 0.0113168 0.0140452 -0.00599632
internal_weight=0 477.841 244.894 132.002 128.83 38.7131 0.656247 90.1164 232.946 22.8114 210.135 187.348 170.969 94.0444 79.1211 70.2873 53.1071 41.6332 15.9688 8.08884 25.6644 21.105 17.1802 5.2428 7.87994 76.9246 71.6577 64.3503 60.6679 12.807
internal_count=19196 15800 13359 10208 10053 7703 187 2350 2441 334 2107 3396 3221 2041 1491 1366 1027 884 312 113 572 317 339 144 199 1180 1084 950 882 212
is_linear=0
shrinkage=0.05


Tree=170
num_leaves=31
num_cat=0
split_feature=7 6 5 11 4 3 4 10 8 4 8 0 0 8 10 8 6 2 4 8 4 0 3 5 8 8 8 5 7 6
split_gain=4.90592 2.99335 2.75378 3.29592 4.78843 6.39738 3.41862 7.42397 3.05984 2.86841 3.25216 3.34643 3.22414 3.04164 2.95609 4.37742 5.44561 4.14394 3.56848 3.24629 3.39443 2.87775 2.63642 2.54694 2.9508 3.35268 2.43659 4.46306 2.82098 3.68691
threshold=1.5000000000000002 1.0000000180025095e-35 36.527792906342476 1.0000000180025095e-35 127.19406226566473 65.990752329922273 134.40259699268708 1.0000000180025095e-35 0.20113311776375345 139.29727190319991 0.23546546827778939 296.69162440998895 470.37566334088029 0.21371395885225355 1.0000000180025095e-35 0.16976124103984749 2.5000000000000004 1.5000000000000002 153.89723268787932 0.079945953587067256 273.2157167046642 219.26782623529633 144.27881038989264 180.79481396341529 0.15105483959749419 0.13431405863357737 0.21371395885225355 3179.2170109759963 1.0000000180025095e-35 2.5000000000000004
decision_type=2 2 2 2 2 2 2 2 2 2 2 2 2 2 2 2 2 2 2 2 2 2 2 2 2 2 2 2 2 2
left_child=1 -1 8 4 26 6 7 -6 22 -7 12 21 13 14 -11 17 -17 18 -16 20 -19 -12 -3 -20 25 -25 27 -4 -28 -30
right_child=-2 2 3 -5 5 9 -8 -9 -10 10 11 -13 -14 -15 15 16 -18 19 23 -21 -22 -23 -24 24 -26 -27 28 -29 29 -31
leaf_value=0.0091216655230303197 0.02004797136352145 -0.0067087032587544925 -0.036121240919135843 0.00087166157945489826 0.20840995047539013 -0.039585758908858022 0.013205296486937008 0.013774537760780185 0.027447353775285361 -0.02626775583313681 0.011926888229450629 0.011797466242124372 -0.0016382167794902183 -0.058314000444246672 0.081629205064528643 0.10416439824001614 -0.00052393720960856177 -0.036713292613268937 0.028159450646120479 -0.066998254413240824 0.042487569486415688 -0.029293686953338297 0.021291909161020767 -0.035792555532612819 -0.1030137154157099 0.059091468660871255 -0.025011437875647781 0.20465195990307306 0.042954304782004446 -0.013421057405811046
leaf_weight=67.048975608719047 29.345833339495584 29.37584602314746 20.917164828497338 249.80028929107357 0.93022748727525995 5.8327192063297835 2.013963125020382 1.0350788114301392 15.373792970087377 25.983410397253465 6.8676562983891953 48.592243876541033 72.931629388505826 4.227347321342676 1.4673295306274727 1.9614240328082804 3.3876204682164825 4.2079774413432443 3.9732756191515346 4.5107548348023556 1.9938573458348399 11.041721298010087 11.776776294223962 3.0856694968533702 0.98129434912698332 1.3332535672816446 17.137359936823486 0.19425439383485255 4.4217422607471262 8.4280410717474279
leaf_count=952 329 603 6753 2605 90 355 208 46 168 2080 150 509 1107 122 32 57 83 269 55 233 63 172 99 237 17 26 1374 77 86 200
internal_value=0 -0.000865723 -0.00205349 -0.00322 -0.00718999 -0.0037968 0.058986 0.1059 0.00841458 -0.00503127 -0.00400583 0.00498819 -0.00860514 -0.0175017 -0.0142394 -0.00262193 0.0378639 -0.0126695 0.00912434 -0.0347243 -0.0112506 -0.013487 0.00130432 -0.0022256 -0.0245818 -0.00716466 -0.0208931 -0.0339058 -0.011732 0.00597828
internal_weight=0 630.833 563.784 507.257 257.457 206.358 3.97927 1.96531 56.5264 202.379 196.546 66.5016 130.045 57.1132 52.8859 26.9025 5.34904 21.5534 10.8408 10.7126 6.20183 17.9094 41.1526 9.37349 5.40022 4.41892 51.0986 21.1114 29.9871 12.8498
internal_count=19157 18828 17876 17006 14401 5911 344 136 870 5567 5212 831 4381 3274 3152 1072 140 932 367 565 332 322 702 335 280 263 8490 6830 1660 286
is_linear=0
shrinkage=0.05


Tree=171
num_leaves=31
num_cat=0
split_feature=7 0 4 10 3 4 3 4 6 0 3 4 8 2 3 0 11 3 4 4 4 4 4 6 3 3 8 8 3 8
split_gain=4.45806 4.74962 2.40014 2.31752 3.11077 2.16922 5.1808 2.62431 3.2074 3.3298 3.134 2.53603 2.54358 2.29691 3.34442 2.16926 3.03259 2.16778 2.11794 2.04543 3.22174 2.8244 4.6784 4.93823 2.80856 2.74619 3.43411 2.28916 2.26244 4.49063
threshold=1.0000000180025095e-35 336.08512346908458 535.77843511707431 1.5000000000000002 148.3250391357324 413.23037711599858 200.17166792515249 370.07581632509863 5.5000000000000009 827.96897245814819 188.02531754278201 353.56221348967688 0.17781964193083633 2.5000000000000004 99.183585630718667 484.31177953255195 1.0000000180025095e-35 109.4370736962389 302.69158581843345 26.777645848819997 58.059579246520919 14.013217233633689 16.893385026243219 3.5000000000000004 5.8154040077903053 17.456985585725668 0.1307854616570138 0.078268859396129251 35.671204884413747 0.09165084372639315
decision_type=2 2 2 2 2 2 2 2 2 2 2 2 2 2 2 2 2 2 2 2 2 2 2 2 2 2 2 2 2 2
left_child=1 2 19 5 17 7 -7 8 9 11 -9 12 13 -3 -15 16 -14 -5 -16 21 -21 24 -23 25 27 26 -24 -1 29 -22
right_child=-2 3 -4 4 -6 6 -8 10 -10 -11 -12 -13 15 14 18 -17 -18 -19 -20 20 28 22 23 -25 -26 -27 -28 -29 -30 -31
leaf_value=0.06674059995325049 0.0067154782940495802 -0.015308152975615217 -0.036286188793389511 0.019568176172868133 -0.0011766066147753174 0.064209300368675198 0.0058852033707222163 0.013321253430917149 -0.033114941846297173 0.046281201888498796 -0.049376436337502577 0.040754804650315966 -0.010138975081616555 -0.029745581510719696 0.022623317223731742 0.023155542518794845 0.030806251026062378 0.072679640318163541 -0.024470251915170479 -0.019473140450344317 0.064344364382327934 0.066501975148596709 -0.051022748973598153 -0.043562536252324743 -0.049472741515993672 0.05404340074049796 0.031115852776826072 -0.016659781926928095 -0.0058379195374052258 -0.0037436151270581228
leaf_weight=1.2747770770220115 189.06529397465056 36.38861951592844 6.6303453337168312 4.0779647986055334 7.1609907764941454 4.0946093472884959 54.302919436711818 3.0288379699341004 6.7590210391790597 4.1547325276769689 5.8287241891957819 3.7963113969890392 19.115612535562835 5.3891155821620513 15.093551327998286 15.915071167401036 5.9234947906807056 3.6326749754371122 2.8360093935043542 44.007347650956945 3.4887324101582617 3.9694465616485131 2.0393580266536429 3.7985331401723661 3.6213974017446162 4.2118295827385737 3.3840753847471206 2.3204623551137047 192.01284584775567 7.9170639262447366
leaf_count=92 3415 985 100 63 103 71 671 47 170 33 93 69 351 260 341 197 65 51 57 2910 294 192 243 258 258 153 156 147 7021 349
internal_value=0 -0.00235944 -0.0065633 0.00357233 0.0225526 0.00202673 0.00997466 -0.00170943 0.000304172 0.00238386 -0.027937 0.000637879 -0.000875077 -0.00745766 0.00479298 0.0087217 -0.000452574 0.0445903 0.0151743 -0.00583889 -0.0072065 0.00790537 0.0188108 0.00471889 -0.0183935 0.023753 0.000229511 0.0129118 -0.00455275 0.0170827
internal_weight=0 476.174 278.676 197.498 14.8716 182.627 58.3975 124.229 115.372 108.613 8.85756 104.458 100.661 59.7073 23.3187 40.9542 25.0391 7.71064 17.9296 272.046 247.426 24.6199 17.4032 13.4338 7.21664 9.63526 5.42343 3.59524 203.419 11.4058
internal_count=19215 15800 12173 3627 217 3410 742 2668 2528 2358 140 2325 2256 1643 658 613 416 114 398 12073 10574 1499 1002 810 497 552 399 239 7664 643
is_linear=0
shrinkage=0.05


Tree=172
num_leaves=31
num_cat=0
split_feature=10 9 0 8 0 0 8 8 8 4 5 3 6 7 5 6 0 0 8 8 8 0 8 6 3 8 5 10 5 3
split_gain=4.0914 3.16885 2.93866 2.75201 2.46967 3.8418 3.15123 2.91665 4.07394 3.08729 2.29999 2.45181 2.28347 2.76265 4.22728 4.13377 2.69535 2.62274 3.53976 2.44645 3.58621 4.77154 2.35112 2.34455 3.61166 2.18351 2.15985 2.47966 2.38381 2.11444
threshold=1.5000000000000002 1.0000000180025095e-35 623.01225069308225 0.38856892835609974 356.69108710262157 394.9827415049736 0.01893635806743028 0.057341221239804528 0.079945953587067256 219.33180378779406 104.46919254021928 324.83454637060066 8.5000000000000018 1.5000000000000002 3179.2170109759963 6.5000000000000009 81.077256582859192 101.32081514447016 0.10185444296182532 0.064459823863437613 0.12299984567704277 406.58467111620172 0.1067134756863716 1.5000000000000002 43.22203142762902 0.45491259551831259 290.229454476272 2.5000000000000004 92.319946293244797 602.67791809631092
decision_type=2 2 2 2 2 2 2 2 2 2 2 2 2 2 2 2 2 2 2 2 2 2 2 2 2 2 2 2 2 2
left_child=1 12 3 10 6 -6 -2 -8 -9 26 -3 -12 13 14 15 16 25 18 -18 -17 -21 -22 -20 -24 -25 -1 28 -28 -10 -19
right_child=4 2 -4 -5 5 -7 7 8 9 -11 11 -13 -14 -15 -16 19 17 29 22 20 21 -23 23 24 -26 -27 27 -29 -30 -31
leaf_value=-0.023029453819148796 -0.048787498218448411 0.011878348496175122 0.027469678250842972 0.030663117086551187 0.074775248612726553 0.016760525602775782 0.038395098191036953 -0.051104450464993359 0.024352454829005728 -0.03202313536610598 -0.0031264935443713394 0.028779198203875058 -0.059978479040000254 0.014428368882910764 -0.058081140018595483 -0.066020597689298299 -0.025700636808604679 -0.0026079755088642786 0.11727635142647624 0.033552947035238548 -0.067015488229533113 0.027276969587607988 0.087890700840858593 -0.015666148133395886 0.072102691402946367 0.041872205649030637 0.019361401964592621 0.07624771919138075 -0.023209892608450692 0.029751092165161769
leaf_weight=21.388701141477217 2.4095501225674516 41.356453774031252 13.066668361891059 8.5279859676957113 3.6522386171272982 13.05047800845932 7.4124282551347269 3.0768959280685513 4.8417154304916092 3.9077575996052465 127.19537547876826 6.3205208685249081 1.7629562846705074 21.62750958930701 3.5723267599241799 3.6768803379527517 2.6653722511546203 320.79621094351751 0.89872678057872679 2.4743130879505753 4.2964507767173927 1.9508721457095815 1.420358548115473 3.3215630590566434 1.8112514913809716 1.3795186895877112 12.636416759865822 2.2579547569621345 5.7786129810265265 5.128989240853115
leaf_count=1986 80 488 140 93 52 178 199 103 66 51 2821 56 61 251 162 130 405 10598 17 118 147 23 75 218 75 15 311 37 116 54
internal_value=0 -0.000636125 0.00456006 0.00292783 0.0131659 0.0294461 0.00674063 0.010093 0.00363784 0.0093626 0.00157527 -0.00161611 -0.00320004 -0.00294753 -0.00395024 -0.00342931 -0.0024485 -0.00132049 0.0237509 -0.0318138 -0.0173929 -0.0375705 0.0414385 0.0310378 0.0153054 -0.0190971 0.0157011 0.0279852 -0.00152663 -0.00209875
internal_weight=0 594.639 196.467 183.4 59.024 16.7027 42.3213 39.9118 32.4994 29.4225 174.872 133.516 398.172 396.409 374.782 371.209 358.811 336.042 10.1173 12.3985 8.72164 6.24732 7.4519 6.55317 5.13281 22.7682 25.5147 14.8944 10.6203 325.925
internal_count=19126 17933 3598 3458 1193 230 963 883 684 581 3365 2877 14335 14274 14023 13861 13443 11442 790 418 288 170 385 368 293 2001 530 348 182 10652
is_linear=0
shrinkage=0.05


Tree=173
num_leaves=31
num_cat=0
split_feature=6 1 3 4 7 5 8 3 8 11 11 8 8 9 5 4 3 0 5 6 4 9 6 4 8 4 8 5 5 5
split_gain=3.3478 3.17752 4.60618 3.34463 3.67752 4.13964 3.5345 3.52537 3.32461 3.43168 3.2954 3.39157 5.3547 3.67076 4.33799 3.23207 4.06016 3.80551 3.19039 4.45866 3.32743 3.13612 4.91074 2.99862 2.87601 2.82398 3.55174 7.21428 2.78734 2.76764
threshold=1.0000000180025095e-35 3.5000000000000004 225.53148304913233 413.23037711599858 1.0000000180025095e-35 98.558534733192815 0.53795192865857411 191.60606137195032 0.043994934275872179 1.0000000180025095e-35 1.0000000180025095e-35 0.062153794365713368 0.076289968847360168 1.0000000180025095e-35 1082.6743750519624 174.47722096801951 90.18340222458356 276.16491092255688 177.54697546624206 4.5000000000000009 370.07581632509863 1.0000000180025095e-35 5.5000000000000009 84.570624320229868 0.1376724363873362 158.28517812313302 0.015207617958900672 54.350451386058829 1874.4300845727814 335.40442184562716
decision_type=2 2 2 2 2 2 2 2 2 2 2 2 2 2 2 2 2 2 2 2 2 2 2 2 2 2 2 2 2 2
left_child=-1 3 -3 4 6 -6 10 -5 -7 18 25 23 -13 14 15 16 24 -17 -10 20 -20 22 -21 -12 -14 26 27 -2 -16 -27
right_child=1 2 -4 7 5 8 -8 -9 9 -11 11 12 13 -15 28 17 -18 -19 19 21 -22 -23 -24 -25 -26 29 -28 -29 -30 -31
leaf_value=0.011391008428058952 0.51223380344489167 0.0033005929899519782 0.074902389435311953 0.051529592440177331 0.023636195962355451 -0.026828346315464054 0.057229460668189396 0.0030961745470255014 -0.045295847004958784 0.018824270272100371 -0.028196134543590753 -0.057778890829069 -0.051003584238677506 0.017492966303428198 0.034674725262968546 0.017343659183719769 -0.062955550123837009 -0.029857945259161706 0.0047282125721981793 -0.056105777475274746 0.069195196487625399 -0.056650612233006041 0.03228664795754848 0.016804496717099392 -0.0084379653890120712 -0.0050363750797256489 -0.039374819167488639 -0.05028783485955346 -0.013646848015989643 -0.027574593877130096
leaf_weight=66.549591375223827 0.088818550808357766 240.41769250597281 2.2673029499128452 3.9500396124203681 17.909659200580791 12.35729099641321 1.9208664875477541 76.924544483888894 4.7185411623213431 19.606290624476969 4.3940243381075588 5.5874336680863044 5.2702789858449313 12.631944789085535 7.0484071141108853 10.185484821442516 6.9501090729609123 7.3525611562654367 22.232780011137951 2.6729295646946394 2.1996123092249027 5.0646866955794394 3.8124676640436519 23.50183785147965 16.064463779563084 35.718239332301891 17.078699487246922 0.15908968522853684 5.1758142057806253 22.017227579141036
leaf_count=959 21 8396 15 65 212 330 16 1039 103 187 89 66 83 130 74 77 50 78 544 109 21 58 104 226 152 891 3365 230 45 1556
internal_value=0 -0.000433678 0.00396954 -0.00346434 -0.0061211 0.00210508 -0.0102343 0.00546174 -0.0032017 0.00163952 -0.0109573 -0.00520185 -0.0106584 -0.00693335 -0.0122489 -0.0193087 -0.0297651 -0.0024449 -0.00663863 -0.00156934 0.0105321 -0.027168 -0.00414392 0.00971621 -0.0189529 -0.0189441 -0.0366474 0.151248 0.0142151 -0.0136312
internal_weight=0 595.279 242.685 352.594 271.72 90.5743 181.145 80.8746 72.6646 60.3073 179.224 104.162 76.2665 70.6791 58.0471 45.8229 28.2849 17.538 40.701 35.9825 24.4324 11.5501 6.4854 27.8959 21.3347 75.0621 17.3266 0.247908 12.2242 57.7355
internal_count=19291 18332 8411 9921 8817 1668 7149 1104 1456 1126 7133 1070 755 689 559 440 285 155 939 836 565 271 213 315 235 6063 3616 251 119 2447
is_linear=0
shrinkage=0.05


Tree=174
num_leaves=31
num_cat=0
split_feature=9 10 8 0 0 6 7 3 3 4 3 3 8 8 8 4 0 3 1 8 4 0 6 4 6 4 0 11 4 3
split_gain=5.41993 4.59044 2.80914 2.81609 3.73792 2.91811 2.63216 3.49972 3.17894 2.48694 2.4339 4.00351 2.3397 2.32768 2.29815 2.92993 3.37797 4.526 2.11971 2.37561 2.30546 3.28882 3.09594 2.86889 2.21079 2.18621 2.0834 2.58411 2.87299 3.78442
threshold=1.0000000180025095e-35 1.0000000180025095e-35 0.45491259551831259 153.44355172537254 143.98067065292562 2.5000000000000004 1.0000000180025095e-35 32.87765829981862 13.935926118418481 15.029314149268574 26.110229689101082 17.456985585725668 0.12512323614736928 0.10401577831321697 0.090748745497981634 424.90480886809797 274.33887720679633 52.442623190238074 2.5000000000000004 0.27485099038504707 291.68587120272457 406.58467111620172 4.5000000000000009 102.31234046560238 1.0000000180025095e-35 353.56221348967688 768.91860587039787 1.0000000180025095e-35 181.58315707072862 45.812678885466347
decision_type=2 2 2 2 2 2 2 2 2 2 2 2 2 2 2 2 2 2 2 2 2 2 2 2 2 2 2 2 2 2
left_child=1 2 3 4 5 6 -1 8 -8 -3 11 -7 14 -13 -2 16 17 -16 19 25 21 22 24 -24 -20 -14 27 -11 29 -29
right_child=12 9 -4 -5 -6 10 7 -9 -10 26 -12 13 18 -15 15 -17 -18 -19 20 -21 -22 -23 23 -25 -26 -27 -28 28 -30 -31
leaf_value=-0.010951372203391622 0.0051152763864851739 -0.05161864360831258 0.01638080267369553 -0.0062689686092043898 -0.064054035928261685 -0.040035615849974955 0.065708477843260268 0.099381836555173964 -0.0410199042680576 -0.00290754131060761 -0.0422495279514572 -0.029754755889567733 -0.020679575463356723 0.048447510724484458 -0.025846915970941388 0.035808545322694528 -0.041031896070808274 0.03290887240668379 0.043513846181582799 0.02218538591030185 0.054073932544159486 -0.0079775963289854031 0.025523212462205271 0.07991241547952127 0.0096402002936324966 0.011470145675083879 0.035768460386742161 0.019068762344416214 0.028089238271927761 -0.006617684236783202
leaf_weight=16.07964359626931 83.037188832473475 2.0855279591050921 11.551283877342938 200.66317599917238 4.3458749750425332 4.9083576044649835 1.1721263908839312 1.3613711668294852 1.7236871007480656 98.815119225444505 12.678501048445467 1.3566299132362472 13.646373204654088 3.1866137620672816 8.0735256128246018 2.8539260958787045 9.3562861850950849 5.5175021707545957 5.4521854862105092 9.0254355827346426 3.7808639723807564 13.741981713334097 7.5858044095220958 3.5634724802803248 41.336163423955441 8.6330673801712674 4.8075306247919789 24.892689883243293 16.14295689156279 33.823172247968614
leaf_count=1342 1716 166 111 6359 269 568 43 46 79 4164 967 209 251 222 221 35 134 131 45 113 52 131 124 50 776 80 52 254 202 271
internal_value=0 -0.00345423 -0.00772019 -0.00884514 -0.0198879 -0.0153681 -0.00169571 0.0332635 0.0021801 0.00266539 -0.0279327 -0.00872781 0.00622407 0.025096 0.0010653 -0.0119689 -0.0179109 -0.00199403 0.011483 0.000544775 0.0160207 0.0140136 0.0192295 0.0429068 0.0135875 -0.00822187 0.00329969 0.00240091 0.00940818 0.00427213
internal_weight=0 439.594 259.027 247.476 46.8128 42.4669 20.3368 4.25718 2.89581 180.567 22.1301 9.4516 215.604 4.54324 108.838 25.8012 22.9473 13.591 106.765 31.3049 75.4605 71.6796 57.9376 11.1493 46.7883 22.2794 178.481 173.674 74.8588 58.7159
internal_count=19183 15324 10215 10104 3745 3476 1510 168 122 5109 1966 999 3859 431 2237 521 486 352 1622 444 1178 1126 995 174 821 331 4943 4891 727 525
is_linear=0
shrinkage=0.05


Tree=175
num_leaves=31
num_cat=0
split_feature=10 9 0 0 11 3 8 6 0 8 7 6 7 6 3 7 4 3 6 2 6 0 8 1 8 3 0 0 1 0
split_gain=3.99995 3.56381 3.0894 2.90182 3.02128 6.54282 3.30053 2.56334 3.23727 2.92148 2.51458 2.5032 2.48398 2.62669 2.34671 2.89314 2.13737 3.97719 2.1337 3.26426 2.59244 2.31862 3.07627 2.09866 4.02876 3.41678 3.95954 2.08818 2.3966 3.19438
threshold=1.5000000000000002 1.0000000180025095e-35 705.37169474384621 911.89367059962524 1.0000000180025095e-35 44.476907718753957 0.057341221239804528 1.0000000180025095e-35 51.397601524520191 0.38856892835609974 1.0000000180025095e-35 5.5000000000000009 1.5000000000000002 6.5000000000000009 181.05684596586801 1.0000000180025095e-35 256.53611719696772 114.33374713338431 1.0000000180025095e-35 1.5000000000000002 5.5000000000000009 768.91860587039787 0.059676367426673073 3.5000000000000004 0.24049502789834709 74.06227762539153 360.41089205754668 535.87082324772916 1.5000000000000002 300.60824225321147
decision_type=2 2 2 2 2 2 2 2 2 2 2 2 2 2 2 2 2 2 2 2 2 2 2 2 2 2 2 2 2 2
left_child=1 3 10 4 5 -1 -7 -6 -9 14 -3 16 13 18 15 23 17 -12 19 -8 21 22 -20 24 -10 26 -25 28 -22 -30
right_child=-2 2 -4 -5 7 6 12 8 9 -11 11 -13 -14 -15 -16 -17 -18 -19 20 -21 27 -23 -24 25 -26 -27 -28 -29 29 -31
leaf_value=-0.041760451345249694 0.01259422560213151 0.00028494750464163888 0.039860574060361482 0.026089328311159361 0.024924624908672581 -0.022612392324894311 0.038036533226014316 -0.029225058423099162 -0.01958575675322119 0.039217303158592655 0.020959586663605659 -0.014569870982155004 0.019616971791022217 -0.040929347606826559 0.019586141213775568 0.0088315993966588176 0.043367075359201618 -0.025172553392964106 0.077122054829352416 -0.0021318672150664494 -0.076112400853089554 -0.037891040000826548 -0.0075613328053131361 -0.0029454612111056715 0.012320583012255431 0.016763497101639459 -0.054179483713966983 0.06176182109981037 -0.063257585799038007 0.054873664033868411
leaf_weight=13.835310395865234 61.154161504353397 142.04780429508537 6.060577180935069 8.1110223485156876 9.8983702133409661 25.729978294766624 7.1584232556633678 9.7588708586990816 47.352341062854975 4.705289634410291 27.256040916545317 6.7212734885979435 11.019294828176497 4.9186718788114367 13.216867536306379 43.211448268266395 7.0626935814507297 5.6385968665126702 1.0843589593423519 17.234986285329796 0.78174271158059072 6.311148681677877 97.478346400064765 38.557957794400863 12.506801431998609 20.773193769156933 4.1799071170389643 2.370230293541681 0.78741351171629537 2.0944066798547283
leaf_count=4439 1210 2885 76 65 96 2221 83 149 572 53 426 78 83 193 205 313 78 49 77 200 31 56 4527 567 89 151 23 22 125 81
internal_value=0 -0.00083132 0.00472183 -0.00351489 -0.00412284 -0.00864638 -0.00605754 0.000104755 -0.00115991 0.000324531 0.00359342 0.0136615 -0.0032411 -0.00503742 -0.000693284 -0.00230229 0.0184103 0.0130519 -0.00373262 0.00965584 -0.00667733 -0.00851093 -0.00662967 -0.00620203 -0.0129193 0.000129036 -0.00795632 0.0251927 0.00153336 0.0225961
internal_weight=0 597.863 194.787 403.076 394.965 190.804 176.969 204.161 194.263 184.504 188.726 46.6786 151.239 140.22 179.799 166.582 39.9573 32.8946 135.301 24.3934 110.908 104.874 98.5627 123.37 59.8591 63.5111 42.7379 6.03379 3.66356 2.88182
internal_count=19223 18013 3592 14421 14356 12138 7699 2218 2122 1973 3516 631 5478 5395 1920 1715 553 475 5202 283 4919 4660 4604 1402 661 741 590 259 237 206
is_linear=0
shrinkage=0.05


Tree=176
num_leaves=31
num_cat=0
split_feature=10 0 0 8 8 7 8 4 4 5 5 5 2 6 8 2 4 2 4 8 4 10 8 3 2 5 3 8 4 7
split_gain=3.61348 3.67656 4.37391 3.08241 3.04688 3.00366 2.9538 2.89487 5.26319 3.71918 4.54449 4.1261 5.83296 3.26701 3.63052 3.28835 4.02779 2.98996 2.81392 2.72998 2.58765 2.32682 2.26817 2.25965 3.74505 3.11314 3.05886 2.53416 2.31477 2.23823
threshold=1.5000000000000002 347.41593877228456 274.33887720679633 0.030954361195045858 0.18937277146118056 2.5000000000000004 0.057341221239804528 74.416810373179771 79.332797161588118 1005.4429992194281 1477.3113991700056 767.11035719565177 2.5000000000000004 3.5000000000000004 0.28140724848485321 1.5000000000000002 189.39947298566878 2.5000000000000004 513.19282286928512 0.0013537862809186298 71.463619781707749 1.0000000180025095e-35 0.15909574945980767 39.772206773051131 1.5000000000000002 482.37155025133239 25.28929721009462 0.19667434382226454 33.836612598807839 1.0000000180025095e-35
decision_type=2 2 2 2 2 2 2 2 2 2 2 2 2 2 2 2 2 2 2 2 2 2 2 2 2 2 2 2 2 2
left_child=4 2 3 -2 5 18 -5 20 -9 11 13 -10 -13 15 -15 -11 -17 -12 19 -1 23 22 -20 24 25 28 -27 -26 -6 -21
right_child=1 -3 -4 6 7 -7 -8 8 9 10 17 12 -14 14 -16 16 -18 -19 21 29 -22 -23 -24 -25 27 26 -28 -29 -30 -31
leaf_value=0.061743261074648004 -0.030569753697633331 0.030569215531104449 -0.027563474313718136 0.060131907458668754 -0.042018444319787275 0.056623692416555363 0.011457616951676007 0.066383325096351906 0.0045811767478241864 0.052325045920683377 -0.012372118023957678 -0.038732354377340406 0.035172217874937815 0.10523460838720072 0.029712244615005698 0.044849391748244191 -0.031552379435615605 0.029744489966835104 0.0061052064144470272 -0.0090348211728892205 -0.053074333910966991 0.024843291378380188 -0.032492028542157658 -0.027258728122067158 -0.066453950688159208 0.022580311000943577 0.10318470361432633 -0.0041303306950810888 0.028094255912968626 -0.00025814188409677754
leaf_weight=1.4823696761377494 3.7714301882951977 17.735037740087137 8.9593538905028236 3.5606463627482325 1.9748169673548526 2.0225685723125926 25.009575558040524 3.6021559823711859 106.37323250496411 5.049204412527617 12.541064957855271 12.389997787424361 3.4031777322816188 3.03203082474647 3.3490027786174323 2.913178176182555 4.2296117562218569 6.3466441216878584 22.000356028031096 229.73573587821011 2.8432314024103098 13.613450346747412 4.6025985404849044 8.7737091015587776 1.7177906226424955 2.808698178283521 2.0260565830394626 32.30381902497902 2.9146977240598062 106.23095180545351
leaf_count=77 122 249 136 107 71 16 592 97 1683 69 246 205 66 71 37 90 53 82 362 10707 71 157 52 263 67 99 64 902 79 2322
internal_value=0 0.0115279 0.00335139 0.0119155 -0.00143818 -0.00414556 0.0175238 0.00326446 0.00661548 0.00526675 0.0190492 0.00104053 -0.0228071 0.0366112 0.0655977 0.0214403 -0.00039201 0.0017799 -0.00447101 -0.00596095 -0.00661555 0.00803085 -0.000572532 -0.00410043 0.000544221 0.0279082 0.0563585 -0.00727712 -0.000223432 -0.00625968
internal_weight=0 59.036 41.301 32.3417 598.28 379.688 28.5702 218.592 163.229 159.627 37.4607 122.166 15.7932 18.573 6.38103 12.192 7.14279 18.8877 377.665 337.449 55.3628 40.2164 26.603 52.5196 43.7459 9.72427 4.83475 34.0216 4.88951 335.967
internal_count=19214 1206 957 821 18008 13693 699 4315 2699 2602 648 1954 271 320 108 212 143 328 13677 13106 1616 571 414 1545 1282 313 163 969 150 13029
is_linear=0
shrinkage=0.05


Tree=177
num_leaves=31
num_cat=0
split_feature=8 0 10 4 11 4 8 8 0 4 7 3 8 8 9 2 3 8 0 3 3 3 2 3 0 8 7 11 8 8
split_gain=4.44275 2.96909 2.81243 2.59379 4.93731 3.51118 2.83472 2.73923 4.49713 3.32713 3.11058 2.99827 2.78137 2.72612 2.33787 2.19705 2.9223 4.05889 2.78552 2.00077 2.61482 2.32468 2.30844 3.18659 1.93165 2.18915 1.85922 1.77752 1.74642 3.5947
threshold=0.38856892835609974 73.816650926967597 1.0000000180025095e-35 277.48010757076958 1.0000000180025095e-35 297.34001363167687 0.038141400133026818 0.24049502789834709 564.7452192029458 233.41425384681148 2.5000000000000004 90.999227298174148 0.26154883340560892 0.029301566595627118 1.0000000180025095e-35 2.5000000000000004 50.466285055954565 0.27803467119671971 286.48174375485581 138.69928892760478 119.50011932792685 111.70137292251714 3.5000000000000004 43.639712964415565 266.60721225781668 0.11176481948657557 1.0000000180025095e-35 1.0000000180025095e-35 0.17960047533826948 0.26799604066989879
decision_type=2 2 2 2 2 2 2 2 2 2 2 2 2 2 2 2 2 2 2 2 2 2 2 2 2 2 2 2 2 2
left_child=2 -2 3 4 7 24 13 8 10 -10 -1 15 -13 26 -14 18 17 -17 -9 20 21 22 28 -24 -5 -26 -7 -3 -6 -30
right_child=1 27 -4 5 19 6 -8 11 9 -11 -12 12 14 -15 -16 16 -18 -19 -20 -21 -22 -23 23 -25 25 -27 -28 -29 29 -31
leaf_value=-0.025766210071630047 -0.024563574287468234 0.016835726018870151 0.0034676339082807661 0.07182176393777133 -0.0010995371910461837 -0.020253238630259851 0.0045926488294934656 -0.047552954325337911 0.040430300507632737 -0.025141089692396718 0.051529192110080668 -0.021041359426466594 0.011430523231560453 -0.05663334390742987 0.066205828868924829 0.11617980707733307 -0.027321880891058137 0.0010096892912433519 0.013107986660665975 -0.020345170715490038 0.028776757774689656 -0.034934504557986398 -0.042147584328350779 0.0037534418179771705 0.0472611272030041 -0.014299896130709477 0.022749109101728199 0.051661516431279524 0.023520919959727198 -0.0091323235599855765
leaf_weight=63.75692410353804 4.0168903072481035 33.222964076790959 246.69562599563506 2.4542966959124879 86.23387456079945 8.3137152499984932 75.736292481073178 6.7827805749548187 5.021811298618557 3.146803277079016 1.328715095296501 3.1601081508561029 4.653923122037666 3.6511980738723642 3.3503861222416162 1.1363942539610428 3.2454849107307382 2.3408488418208435 2.6248209199984558 11.973829251248388 7.9618037873879066 4.7829117747023693 7.1512237555580205 8.0234341211616975 3.1370770441717468 2.6759748029289767 3.6028017835924393 4.1181391130667171 23.708745480515063 13.077619280666111
leaf_count=7798 70 380 6190 49 1010 170 1215 526 94 59 10 65 157 67 28 79 101 127 62 111 69 37 98 66 63 63 39 69 213 102
internal_value=0 0.0162825 -0.000651776 -0.00345108 -0.00604927 0.00342367 0.000598347 -0.0147618 -0.0197994 0.0151702 -0.0241882 -0.00124198 0.0186771 -0.0188338 0.034358 -0.0150287 0.00680034 0.0386483 -0.0306279 -0.000671949 0.0008887 -0.000664263 0.000521827 -0.0178779 0.0346263 0.0189222 -0.00725205 0.0206765 0.00279145 0.0119126
internal_weight=0 41.358 609.729 363.034 263.462 99.5714 91.304 100.549 73.2543 8.16861 65.0856 27.2947 11.1644 15.5677 8.00431 16.1303 6.72273 3.47724 9.4076 162.913 150.94 142.978 138.195 15.1747 8.26735 5.81305 11.9165 37.3411 123.02 36.7864
internal_count=19187 519 18668 12478 10812 1666 1491 9106 7961 153 7808 1145 250 276 185 895 307 206 588 1706 1595 1526 1489 164 175 126 209 449 1325 315
is_linear=0
shrinkage=0.05


Tree=178
num_leaves=31
num_cat=0
split_feature=7 5 11 0 4 8 0 1 0 8 4 4 6 0 4 11 6 6 1 5 3 3 8 4 3 6 4 4 6 4
split_gain=4.69619 4.12872 4.93292 4.20117 3.10711 3.46735 2.5344 2.44605 3.73403 2.57505 2.36619 2.69383 2.7377 2.32816 3.4115 2.28494 2.15477 4.70145 2.13653 2.6274 3.19396 3.33499 2.34338 2.07902 3.03526 3.61113 2.91739 8.44029 4.40547 2.87855
threshold=1.0000000180025095e-35 139.14043867487231 1.0000000180025095e-35 341.46250648926923 44.559743891329916 0.16046240855317714 47.780834517168685 6.5000000000000009 278.25168371783508 0.48630674657002987 165.60253246763207 153.89723268787932 3.5000000000000004 356.69108710262157 227.34351137575865 1.0000000180025095e-35 7.5000000000000009 1.0000000180025095e-35 1.5000000000000002 45.178836935987896 225.53148304913233 195.18299822325702 0.088173495344013808 353.56221348967688 191.60606137195032 1.5000000000000002 165.60253246763207 139.29727190319991 1.5000000000000002 908.50856108789264
decision_type=2 2 2 2 2 2 2 2 2 2 2 2 2 2 2 2 2 2 2 2 2 2 2 2 2 2 2 2 2 2
left_child=1 7 3 -3 5 6 -4 9 -9 10 11 12 -1 14 -5 18 17 -2 -12 -20 21 22 -21 26 -25 -26 27 -15 -29 -27
right_child=16 2 4 13 -6 -7 -8 8 -10 -11 15 -13 -14 23 -16 -17 -18 -19 19 20 -22 -23 -24 24 25 29 -28 28 -30 -31
leaf_value=0.0051349815383648842 0.07186495384832757 -0.02458786525767671 -0.0026908501503032541 0.088340806611861777 0.0025664090388688738 0.0016286690277356602 -0.050319247766015318 -0.00031836194932851334 0.080635451275357567 0.05012591194080817 -0.012692451083602188 -0.041311426974983162 -0.017848200775591194 -0.032697893224576953 -0.011931493108948969 0.039491206127600681 -0.028858977044179529 0.0064057097650499911 0.024534383049130595 -0.040190723745579637 0.02934288211883862 -0.063366160044377479 0.0095579691556950952 0.03344258394558261 0.019036397324777993 -0.0076569694043729644 -0.020913009887906949 0.13167524664900748 0.024657470897978272 -0.050284836452728236
leaf_weight=44.305951722024474 2.784551822114735 48.298681279469747 4.1431885923957479 1.5620079018117388 153.03444650419988 13.43513015960343 8.5713414697675017 3.1281682362896381 2.6153576208744198 2.8592384620569637 11.715391244564669 4.5796788196021216 18.312351990214665 5.1815065524424408 1.8563258965441489 5.699568291893228 4.1936293434991958 183.93736255062686 20.107244008919224 3.0931716027262182 6.4244850319810203 2.673585772747173 10.084528343926648 5.7555121483164831 11.197469089878721 26.105359906214293 41.061930211639265 1.4918473456928039 2.7059055756544694 4.6685204119421533
leaf_count=1158 48 8559 86 141 1568 102 207 87 32 22 141 84 556 329 77 117 76 3321 184 134 49 31 149 96 132 368 1078 32 161 63
internal_value=0 -0.00272878 -0.00575423 -0.0124477 -0.000155269 -0.0160832 -0.0347989 0.00461335 0.0365446 0.00320103 0.00214454 -0.00429366 -0.00158631 -0.00667567 0.0338879 0.00937947 0.00658583 0.00738189 0.00620703 0.0114312 -0.000396447 -0.0124497 -0.00211943 -0.00808815 -0.00060773 -0.00527703 -0.015166 0.00999395 0.0626907 -0.0141238
internal_weight=0 464.668 329.069 149.885 179.184 26.1497 12.7145 135.599 5.74353 129.855 126.996 67.198 62.6183 101.586 3.41833 59.798 190.916 186.722 54.0984 42.383 22.2758 15.8513 13.1777 98.1681 47.7269 41.9713 50.4412 9.37926 4.19775 30.7739
internal_count=19188 15743 12999 11036 1963 395 293 2744 119 2625 2603 1798 1714 2477 218 805 3445 3369 688 547 363 314 283 2259 659 563 1600 522 193 431
is_linear=0
shrinkage=0.05


Tree=179
num_leaves=31
num_cat=0
split_feature=9 3 11 5 6 3 8 3 1 5 8 4 8 3 4 4 5 4 8 3 5 8 6 5 6 4 3 11 4 3
split_gain=3.6333 3.37085 3.41373 4.10278 4.93467 4.19471 3.31984 3.26577 4.57207 2.94897 5.02332 3.71651 3.65181 2.92294 2.90634 2.72372 2.71995 2.64285 3.25938 2.96108 2.52365 2.81269 2.48306 2.41988 2.38848 2.37028 5.16366 2.70912 2.64857 2.70817
threshold=1.0000000180025095e-35 17.002990767713154 1.0000000180025095e-35 139.14043867487231 1.5000000000000002 79.542063345060583 0.32549435132716659 44.893626793215716 6.5000000000000009 131.8323138609675 0.43372464661974319 307.42535699390658 0.21604398821648463 72.685551424675623 82.872007246535063 803.9609033567441 170.73649233340004 591.13473102969556 0.057341221239804528 324.83454637060066 2808.4062165847231 0.38856892835609974 1.0000000180025095e-35 82.404682532486291 1.0000000180025095e-35 187.45557053876735 114.33374713338431 1.0000000180025095e-35 58.059579246520919 66.488620961762152
decision_type=2 2 2 2 2 2 2 2 2 2 2 2 2 2 2 2 2 2 2 2 2 2 2 2 2 2 2 2 2 2
left_child=1 -1 7 4 -4 23 16 -3 9 10 14 12 -11 -10 -9 17 -5 18 -13 -20 21 22 -2 -6 -18 26 27 28 -24 -30
right_child=20 2 3 6 5 -7 -8 8 13 11 -12 15 -14 -15 -16 -17 24 -19 19 -21 -22 -23 25 -25 -26 -27 -28 -29 29 -31
leaf_value=-0.024957250017275733 0.019927782321682554 -0.030241390091157408 0.05790683130946235 -0.036418060679446855 0.0110529030588168 0.040619629649660725 0.025195774626669273 -0.050769373814749635 0.13292987789095254 -0.035403680776703542 0.061336029206352553 -0.039558145575509074 -0.0098254911820994766 0.014244042454005261 0.00067382233782783995 -0.029150784286151483 0.027646521508923678 0.021489354506690726 0.0043065590234255052 -0.044331014921914443 0.047153645616856185 0.032077266492855305 -0.029457682510547381 -0.026113817909265105 -0.0032579283991876493 0.0073522267389084899 -0.048577905986785352 0.0074052544547448633 0.0096344279422211025 -0.014636502487605034
leaf_weight=18.128475097633782 18.121596704120748 14.401354994348365 6.3144047576934126 5.9310570026282212 10.514173837378626 7.2453947067260733 11.018300020135937 2.8580281662143525 0.94666110364778377 23.840618921531131 3.342913679778575 5.8626107890449921 33.65052274527261 1.1476484850863924 69.769906347530195 8.7820500175002945 6.5434167259372762 12.139854241686406 37.840730867028469 3.411405539722181 3.3467147033079518 8.2206154146697354 12.164418695465427 7.5060220067389301 140.38949498313013 76.113330042164307 6.1623379618395111 47.259848498273641 21.682178916584235 24.457807207596488
leaf_count=1502 177 3538 65 61 95 117 105 129 87 4433 20 259 1065 35 1180 120 66 169 655 46 69 106 844 60 1515 929 105 388 750 510
internal_value=0 -0.00385441 -0.00292913 0.00186887 0.0183709 0.00849006 -0.00131106 -0.00723121 -0.00560357 -0.00636745 0.00140782 -0.0110731 -0.0204323 0.0678919 -0.00135055 -0.00316458 -0.00322165 0.000686797 -0.00467331 0.000284404 0.00407041 0.00339721 0.00225249 -0.0044283 -0.00188165 0.000547292 -0.00408855 -0.00149147 -0.00870289 -0.00323107
internal_weight=0 431.585 413.457 195.462 31.58 25.2656 163.882 217.994 203.593 201.499 75.9708 125.528 57.4911 2.09431 72.6279 68.0367 152.864 59.2546 47.1147 41.2521 217.529 214.182 205.962 18.0202 146.933 187.84 111.727 105.564 58.3044 46.14
internal_count=19200 15322 13820 2084 337 272 1747 11736 8198 8076 1329 6747 5498 122 1309 1249 1642 1129 960 701 3878 3809 3703 155 1581 3526 2597 2492 2104 1260
is_linear=0
shrinkage=0.05


Tree=180
num_leaves=31
num_cat=0
split_feature=7 6 11 5 3 0 9 5 8 8 10 8 3 6 5 5 8 0 0 0 6 8 5 8 0 6 8 6 2 5
split_gain=4.21625 3.1801 2.86594 5.64652 3.43271 3.31459 5.30421 3.04359 2.8077 3.4825 3.01931 3.90562 3.04875 2.78593 2.59618 3.52839 3.70116 3.06343 3.29711 2.52698 2.42947 2.38517 2.23834 2.62732 2.57941 2.1187 2.10097 3.00129 2.41831 2.09649
threshold=1.5000000000000002 1.0000000180025095e-35 1.0000000180025095e-35 50.956593912618509 125.33941643828676 423.20321540993694 1.0000000180025095e-35 2.6375015025529094 0.20113311776375345 0.23038482980072347 1.0000000180025095e-35 0.22272344595763563 93.532649610421075 5.5000000000000009 443.78530923297018 677.41380987510456 0.054177642805760276 224.0334013792409 347.41593877228456 142.67428784417578 4.5000000000000009 0.036804134833205319 50.956593912618509 0.043994934275872179 363.57042018080693 3.5000000000000004 0.23546546827778939 4.5000000000000009 1.5000000000000002 88.948417799805199
decision_type=2 2 2 2 2 2 2 2 2 2 2 2 2 2 2 2 2 2 2 2 2 2 2 2 2 2 2 2 2 2
left_child=1 22 5 -4 -5 6 7 -3 -9 10 11 -10 -12 14 -8 21 -17 19 25 20 -18 -16 -1 -24 29 -19 28 -28 -7 -25
right_child=-2 2 3 4 -6 26 13 8 9 -11 12 -13 -14 -15 15 16 17 18 -20 -21 -22 -23 23 24 -26 -27 27 -29 -30 -31
leaf_value=0.035592129587245856 0.019115308480343114 0.04648961915661947 0.035776717271171835 -0.002391788762976031 0.013466641211422731 0.007887655089293873 0.0075247779211190559 -0.03313362897326274 -0.050378174533577437 -0.018558214350247609 -0.01920769732025571 0.094470655591191818 0.081533345205617669 -0.030887664115773168 0.026551055031605111 -0.065784455812962758 -0.020501474160062649 0.01656458985527123 -0.016995308873324858 -0.060321555066316028 0.090423946528926311 -0.054850027909252114 -0.017102521484075258 -0.037498006820158844 0.026565304318494139 0.06535775915726752 0.018394901122949905 -0.018570357072320017 -0.0087860073378415778 0.0067578585996464968
leaf_weight=7.4008471026318139 27.987497587455437 1.7218997827731062 11.777186755556611 199.61987283779308 41.159781462978572 33.011246680369368 54.070801740861498 28.738688992649259 2.1163264251372307 42.925934015351231 1.0715480981743897 0.59654997559846368 2.5106747582321987 7.4256931320705908 1.0642971395573138 2.0120352891390239 1.8632412783918 6.1932685677893442 4.6909991344436994 2.7500106709776446 0.67151530104456458 5.8263120025512762 9.873669066349974 2.9610512051731375 17.446774830576032 3.4720603319001384 28.198622846975923 6.8189836759120217 63.727862312225625 27.800838052178733
leaf_count=72 317 39 172 2039 518 499 1160 8239 301 1772 135 71 46 225 68 258 195 124 60 164 32 276 193 40 139 61 290 64 1194 488
internal_value=0 -0.000724877 -0.00195645 0.00197256 0.000319111 -0.00524789 -0.00986717 -0.0192633 -0.0207156 -0.0134651 0.0212644 -0.0185265 0.0513987 -0.00155198 0.00108482 -0.0111145 -0.00119769 0.00541859 0.0173993 -0.0271276 0.00888522 -0.0422771 0.00969511 0.00639532 0.0112079 0.0340925 0.000702414 0.0111967 -0.00309629 0.00249792
internal_weight=0 619.519 554.035 252.557 240.78 301.479 169.722 79.6816 77.9597 49.221 6.2951 2.71288 3.58222 90.0402 82.6145 28.5437 21.6531 19.6411 14.3563 5.28477 2.53476 6.89061 65.4832 58.0823 48.2087 9.66533 131.757 35.0176 96.7391 30.7619
internal_count=19251 18934 18002 2729 2557 15273 13226 10603 10564 2325 553 372 181 2623 2398 1238 894 636 245 391 227 344 932 860 667 185 2047 354 1693 528
is_linear=0
shrinkage=0.05


Tree=181
num_leaves=31
num_cat=0
split_feature=5 7 5 11 6 4 4 3 10 11 4 3 10 5 0 6 0 4 5 4 4 4 2 3 4 4 0 4 2 4
split_gain=4.28655 2.60578 2.25027 2.12136 2.09274 4.21078 2.32414 6.53074 2.59933 2.56241 3.42719 3.42165 3.99388 5.07326 3.91413 2.51733 4.0911 5.38032 2.50599 3.318 2.49202 3.00791 2.33066 6.60173 2.33027 3.6686 2.41504 2.14546 2.12969 2.76374
threshold=36.527792906342476 1.5000000000000002 157.52663092164616 1.0000000180025095e-35 6.5000000000000009 47.110646438513406 245.83366822610969 150.11752222297039 2.5000000000000004 1.0000000180025095e-35 147.84366976282482 86.402494138145116 1.0000000180025095e-35 215.90540525998088 705.37169474384621 1.0000000180025095e-35 180.77336965356952 195.91594260044511 722.09356995418352 165.60253246763207 319.52371977156025 353.56221348967688 3.5000000000000004 42.328303978140177 236.38235293681888 199.90569747306799 553.84129387782059 345.92171535095025 2.5000000000000004 191.66011654124097
decision_type=2 2 2 2 2 2 2 2 2 2 2 2 2 2 2 2 2 2 2 2 2 2 2 2 2 2 2 2 2 2
left_child=3 4 -3 -1 6 -6 7 8 9 10 -2 12 13 -12 15 -13 17 -17 19 -14 -8 27 -11 -24 25 -9 -27 -22 -18 -30
right_child=1 2 -4 -5 5 -7 20 24 -10 22 11 14 18 -15 -16 16 28 -19 -20 -21 21 -23 23 -25 -26 26 -28 -29 29 -31
leaf_value=0.0083781355189522407 -0.01629403750984465 0.045082468652953754 0.0065542108337182398 0.036786911292597778 0.045000378064272088 -0.028630869601984594 0.010967911725267085 -0.050236613582043267 0.03057119770692579 0.0014519285175940812 0.045730239426216859 0.013139534843861184 0.074628610882854898 -0.05450924897962886 0.056736038203453049 -0.059150441946860026 -0.031389345881014545 0.10096545927349539 0.10638741967459123 -0.030185779234058165 -0.0112640881393819 0.0015620931427255192 -0.047757374367776391 0.0090061548775403604 -0.070142480873009311 0.014439177159632832 -0.044768244400425178 -0.05262657905637369 -0.034253045208952226 0.020032061520616772
leaf_weight=51.972504255885724 72.650488146930002 4.4884856259450343 24.346426765667275 7.5223819450475267 2.2128982452268273 15.842476230129249 57.124585368961561 7.510067877447006 5.6663969499059013 193.59534151107073 2.5257409199111844 9.4872727957554144 1.8587284909153825 2.523311077922699 2.3706055125221601 0.79077582330501472 18.752965078936544 1.5590635166154241 1.7775585471244992 1.2715886274818329 13.986355007044041 105.6559114822885 9.2076163407182339 11.544438888318835 3.4380005097482345 6.1005211925948952 2.3998411038191989 4.0408346427429924 4.0071494484145642 5.6512616271502338
leaf_count=769 9538 46 272 134 121 467 1095 132 103 1908 87 109 54 342 21 78 979 87 79 74 270 1506 128 92 66 143 33 69 203 203
internal_value=0 -0.00210874 0.0125516 0.0119701 -0.00285886 -0.0196065 -0.00230453 -0.00460255 -0.00301447 -0.00357491 -0.00925739 0.000465977 0.0268556 -0.00436538 -0.00569932 -0.00937672 -0.0163211 0.0470827 0.0589747 0.0320512 0.00233056 -0.00165871 -0.000255072 -0.0161796 -0.0327934 -0.0247733 -0.00227639 -0.0205356 -0.0215651 -0.00249012
internal_weight=0 592.387 28.8349 59.4949 563.552 18.0554 545.496 364.689 345.24 339.574 125.227 52.576 9.95693 5.04905 42.6191 40.2485 30.7612 2.34984 4.90788 3.13032 180.808 123.683 214.347 20.7521 19.4484 16.0104 8.50036 18.0272 28.4114 9.65841
internal_count=19208 18305 318 903 17987 588 17399 14459 14085 13982 11854 2316 636 429 1680 1659 1550 165 207 128 2940 1845 2128 220 374 308 176 339 1385 406
is_linear=0
shrinkage=0.05


Tree=182
num_leaves=31
num_cat=0
split_feature=8 8 7 8 0 6 3 1 0 5 8 0 3 3 3 2 5 6 0 0 0 4 0 4 8 8 2 4 8 3
split_gain=5.67752 5.03969 4.30782 3.32699 2.91534 4.29109 2.5397 2.9653 2.429 2.31172 2.47612 2.18675 2.09737 2.15007 2.09351 1.9816 2.31872 2.29134 3.97636 3.01946 2.44136 4.60441 1.96177 1.93593 1.9248 2.22347 1.89957 3.70975 3.49171 3.33153
threshold=0.069252752197339548 0.062153794365713368 1.0000000180025095e-35 0.052553998704038429 528.34784060779043 4.5000000000000009 36.077580287379554 4.5000000000000009 911.89367059962524 20.77858595524712 0.24049502789834709 34.741367250185043 23.707934970885962 232.16224654115641 14.398003391244304 2.5000000000000004 76.412503577062253 2.5000000000000004 366.64528560403772 296.69162440998895 353.59070715564735 89.703841473934816 827.96897245814819 245.83366822610969 0.0071545152510154681 0.040308759528259748 1.5000000000000002 14.013217233633689 0.26799604066989879 12.571285564709997
decision_type=2 2 2 2 2 2 2 2 2 2 2 2 2 2 2 2 2 2 2 2 2 2 2 2 2 2 2 2 2 2
left_child=1 3 9 8 5 6 7 -3 15 10 -2 -4 -5 -14 -13 22 -17 20 19 24 21 -18 -1 -20 -19 -26 28 -28 -11 -29
right_child=2 4 11 12 -6 -7 -8 -9 -10 26 -12 14 13 -15 -16 16 17 18 23 -21 -22 -23 -24 -25 25 -27 27 29 -30 -31
leaf_value=-0.01338183397728681 0.0043368612543443832 0.046896791051864194 -0.034723325633751502 -0.03614504418103813 0.01371512965838162 0.0047681919406699011 -0.064918037027103512 -0.063783593366437061 -0.075932249985338901 0.0091957432262168605 0.042022349517566553 0.050831234601663403 0.0211435383138356 -0.027272561183519086 0.0097986595725942944 0.02596156650050982 -0.039090850568946872 -0.063673042967578461 0.063125368835076467 -0.062898920113573939 -0.043769472027006928 0.042344191174742682 0.033737248792849096 0.0073715967848759865 0.023783879590328721 -0.040522198276375224 -0.05617797645023645 0.045196545930330227 -0.010713103942296624 -0.0045708013169624062
leaf_weight=87.568363399630471 15.541201541433113 1.2173473707152944 2.6871449147729427 2.1417407930566723 2.9302328618359743 4.0304402405454303 10.534446817779097 1.2033583984739378 1.3347849715501059 76.734378806184395 6.0577495573088518 3.1925461479549986 20.091826426905758 2.588464159925933 118.14498127068509 7.6760446168191256 3.6551177167493751 0.9916744181173297 3.5581278695026404 2.2308354607812353 6.0883619275409728 3.3055116457253462 2.2661538161337367 2.7683448392781429 6.3417295851395448 1.7057695512630742 3.4330950705189016 3.4157383065612512 30.888842942047631 216.78055652655894
leaf_count=3505 219 87 85 129 47 130 373 73 9 2353 61 93 727 51 2015 162 314 82 82 82 112 174 15 42 391 143 249 210 558 6659
internal_value=0 -0.00867196 0.00187463 -0.00561697 -0.0323428 -0.0402884 -0.0543058 -0.0081236 -0.00883132 -0.000942806 0.0149063 0.00989027 0.0111516 0.0156179 0.0108783 -0.00813244 0.00138695 -0.00476848 0.00700507 -0.0108031 -0.020645 -0.000418417 -0.0121932 0.0387286 0.002054 0.0101534 -0.00197623 -0.00460291 0.00348172 -0.0037988
internal_weight=0 174.229 476.876 154.313 19.9158 16.9856 12.9552 2.42071 129.491 352.852 21.599 124.025 24.822 22.6803 121.338 128.156 38.3215 30.6455 17.5965 11.27 13.049 6.96063 89.8345 6.32647 9.03917 8.0475 331.253 223.629 107.623 220.196
internal_count=19232 6730 12502 6020 710 663 533 160 5113 10309 280 2193 907 778 2108 5104 1584 1422 822 698 600 488 3520 124 616 534 10029 7118 2911 6869
is_linear=0
shrinkage=0.05


Tree=183
num_leaves=31
num_cat=0
split_feature=5 10 4 8 8 5 0 8 10 4 0 8 8 5 1 5 4 4 3 3 2 8 6 8 3 8 2 5 3 3
split_gain=3.90889 4.07683 2.99542 2.75822 5.08249 2.71891 2.69968 2.61277 2.66417 3.76921 3.72621 2.84345 2.55229 4.55242 5.59487 3.96306 3.37332 5.30244 3.51645 4.16864 5.03863 3.81568 3.26128 3.2036 3.4346 3.1117 3.25284 6.4304 3.30445 2.95423
threshold=139.14043867487231 1.5000000000000002 24.059555676369566 0.32074097985257727 0.30195761175618901 3179.2170109759963 659.79922001898865 0.040925404874070488 1.0000000180025095e-35 122.96119678421546 394.9827415049736 0.011241338232082168 0.25570061027820162 992.98277732397457 6.5000000000000009 971.32479332082437 51.210544127722279 155.50351448904914 125.33941643828676 115.46572942985462 2.5000000000000004 0.31607229904803352 4.5000000000000009 0.20776517461908853 73.306356947750373 0.26799604066989879 2.5000000000000004 449.08263112118431 51.962925042016359 25.699227770033115
decision_type=2 2 2 2 2 2 2 2 2 2 2 2 2 2 2 2 2 2 2 2 2 2 2 2 2 2 2 2 2 2
left_child=3 2 5 4 6 -2 7 8 10 -10 11 -1 13 15 22 -4 29 25 19 20 21 -19 -15 24 -24 -18 27 -27 -28 -14
right_child=1 -3 12 -5 -6 -7 -8 -9 9 -11 -12 -13 16 14 -16 -17 17 18 -20 -21 -22 -23 23 -25 -26 26 28 -29 -30 -31
leaf_value=0.029683816314550051 -0.032218826716080777 0.010837952648993237 -0.0099751400347056936 0.021722343530066784 -0.054621306313723597 0.07048308331079417 0.029253249912481284 0.0052462656383696141 -0.032036208025136952 0.030947045748394953 -0.071156662966106496 -0.025430677417468375 0.0044301749961954554 -0.00054226872082780374 -0.073738426433988896 -0.066875976730697312 0.020926123449957135 0.075616170756517109 0.00043206816452487904 0.075459023914123319 -0.031564277645024487 0.010104485937090275 0.054135623963780626 0.077160197576807546 0.0016825499142905616 -0.00033101544802498239 -0.041782505232346223 -0.05733265745703129 0.021056572820536325 0.061370628283433738
leaf_weight=3.0691910991736284 14.104361849167613 42.443544190347893 216.03490068543033 20.987748274463229 3.8081399236107236 0.67528763337759379 9.7980754484888148 122.23187311424408 3.7431649639911466 6.5008920214895625 3.401706871285568 9.8528470762830676 4.7942415841971506 77.980961944973387 2.3723655232024603 3.1040548691016729 5.0590554180671452 3.6279553814674745 32.902021530317143 3.6892534095095462 3.9988115585874757 5.7381487725069746 4.1657620603655294 2.3544564484182038 12.442076990788335 8.6446339399844927 3.0014257123984844 11.569326969649408 6.9052862574753817 4.3400981071754359
leaf_count=83 1161 974 8210 207 61 27 103 2313 135 80 57 301 172 2872 140 110 101 93 382 43 58 76 268 48 263 179 104 312 119 124
internal_value=0 -0.00394193 -0.00540931 0.00466503 0.00246071 -0.0275263 0.00383133 0.00215736 -0.0120539 0.00793305 -0.0245969 -0.0123401 -0.0046173 -0.00675658 0.00212353 -0.0107811 0.00260941 -0.000488676 0.00998269 0.0284084 0.0154205 0.0354804 0.00398 0.0225775 0.0148394 -0.0153583 -0.0214526 -0.0329555 0.00201829 0.0314849
internal_weight=0 469.948 427.504 183.394 162.406 14.7796 158.598 148.8 26.5678 10.2441 16.3237 12.922 412.725 318.455 99.3156 219.139 94.2703 85.1359 49.9562 17.0542 13.3649 9.3661 96.9433 18.9623 16.6078 35.1797 30.1207 20.214 9.90671 9.13434
internal_count=19176 15836 14862 3340 3133 1188 3072 2969 656 215 441 384 13674 11911 3591 8320 1763 1467 652 270 227 169 3451 579 531 815 714 491 223 296
is_linear=0
shrinkage=0.05


Tree=184
num_leaves=31
num_cat=0
split_feature=9 5 1 0 2 4 6 11 0 8 3 8 8 3 3 10 8 1 1 8 8 8 8 8 1 3 4 0 3 4
split_gain=4.85749 2.7766 2.98728 4.36918 3.30967 3.88518 3.38142 3.14395 3.44591 3.08446 3.47466 3.23546 5.01317 2.68353 5.67399 2.67618 3.16521 2.52959 4.21969 3.65996 2.46738 2.44048 6.02459 5.23194 2.88395 3.12663 2.51013 4.10765 2.88081 2.9934
threshold=1.0000000180025095e-35 29.944589637884032 1.5000000000000002 217.58816980199177 1.5000000000000002 297.34001363167687 7.5000000000000009 1.0000000180025095e-35 659.79922001898865 0.051800994285479386 90.18340222458356 0.015830697274247341 0.012898390999965002 232.16224654115641 169.06560884661241 1.0000000180025095e-35 0.30654995453809053 5.5000000000000009 3.5000000000000004 0.036032206972596952 0.021648266887142106 0.26472829545199766 0.22527420489448663 0.38856892835609974 4.5000000000000009 50.925077109803134 119.48611114956293 100.08247864859138 64.751149007203296 143.44857799415368
decision_type=2 2 2 2 2 2 2 2 2 2 2 2 2 2 2 2 2 2 2 2 2 2 2 2 2 2 2 2 2 2
left_child=1 13 3 -3 5 9 -6 8 -5 10 11 12 -4 14 -1 16 -2 18 -13 -20 -17 22 26 24 25 -23 27 -11 -28 -30
right_child=15 2 4 7 6 -7 -8 -9 -10 21 -12 17 -14 -15 -16 20 -18 -19 19 -21 -22 23 -24 -25 -26 -27 28 -29 29 -31
leaf_value=0.0068314256551276244 -0.001929025618362177 -0.036802707855947303 -0.03445403741530615 -0.02245061496249243 -0.0055286822896505466 0.029283451708547226 -0.058188446738520243 0.022782877993902058 0.029854160010075972 0.028129083010895697 -0.064117440313357352 -0.05595925363808945 0.16096686702895308 -0.030517952949739236 0.074663950196727627 -0.011145800404912651 0.021066881994510695 -0.10476704428173809 -0.023926963867233184 0.086691820529931102 0.015459274244810799 0.034802038907817794 0.062324800082548371 0.036855413086972176 -0.057169707852397826 -0.029052054313708664 0.081202007861604392 -0.026590637280529322 -0.047228684574634611 0.019287821981838229
leaf_weight=29.212882952706423 118.65129351447104 17.316968700695725 0.63272103316557859 20.319217230222428 259.59657516156585 14.065045167342758 3.0846891706096349 7.4742661099880925 3.7264112848788491 4.9521516669192378 3.5934062989836093 2.464556487648224 0.6818273535463959 3.778499034466221 3.4465715182013801 9.8768844477017392 17.123304612003267 0.76197540231078154 1.4686663563261393 1.5233464118646223 74.055036212783307 2.8136638927389885 5.1933465582551426 4.4665633299155152 4.7051943470141842 6.016166267596418 1.6170642118668208 11.155112207590717 1.9284983062098024 13.75714048607915
leaf_count=533 2418 684 109 450 10365 220 136 87 29 331 148 184 30 36 31 145 205 65 121 80 1168 82 149 78 99 130 50 645 76 393
internal_value=0 -0.00382964 -0.00505292 -0.0166259 -0.00341221 0.00537051 -0.00614707 -0.00554078 -0.0143448 0.000404771 -0.0236617 -0.00436366 0.0669065 0.00937452 0.0139898 0.00530983 0.000971119 -0.0194296 -0.00751274 0.0323932 0.0123285 0.00513538 0.012225 -0.0100679 -0.0255526 -0.00870467 0.00443735 -0.00976715 0.0176605 0.0111098
internal_weight=0 429.753 393.315 48.8369 344.478 81.7964 262.681 31.5199 24.0456 67.7314 11.1265 7.53309 1.31455 36.438 32.6595 219.707 135.775 6.21854 5.45657 2.99201 83.9319 56.6049 38.6033 18.0016 13.535 8.82983 33.41 16.1073 17.3027 15.6856
internal_count=19277 15341 14741 1250 13491 2990 10501 566 479 2770 737 589 139 600 564 3936 2623 450 385 201 1313 2033 1644 389 311 212 1495 976 519 469
is_linear=0
shrinkage=0.05


Tree=185
num_leaves=31
num_cat=0
split_feature=6 8 5 4 6 5 5 3 3 0 4 3 6 0 3 8 4 4 11 0 0 3 4 0 4 4 7 10 8 10
split_gain=4.60649 3.50708 3.45656 3.33583 2.4045 4.80204 5.30206 5.38834 4.61772 4.09626 3.44884 4.82442 3.62126 3.51119 3.30001 3.18388 4.87446 6.6411 3.04282 3.46222 2.91318 2.75179 5.38589 2.94 2.4906 2.67899 2.44267 3.30925 2.3761 2.27426
threshold=1.0000000180025095e-35 0.0013537862809186298 153.79164663750586 413.23037711599858 2.5000000000000004 258.39266763499359 1239.5906084727276 78.807265292584546 305.7583663969686 623.01225069308225 69.847360165456905 76.742417240860192 1.5000000000000002 245.35016224553547 28.763331935129436 0.18756670303167688 64.151403444728984 319.52371977156025 1.0000000180025095e-35 911.89367059962524 104.91633815420063 109.4370736962389 183.54513191728572 375.93548737954421 33.836612598807839 45.217961410260976 1.0000000180025095e-35 1.0000000180025095e-35 0.23546546827778939 1.5000000000000002
decision_type=2 2 2 2 2 2 2 2 2 2 2 2 2 2 2 2 2 2 2 2 2 2 2 2 2 2 2 2 2 2
left_child=3 -2 -3 -1 5 10 8 14 15 -10 -4 12 -12 -14 20 18 24 21 19 -7 -8 22 -18 -23 -17 -26 27 -9 -13 -6
right_child=1 2 4 -5 29 6 7 26 9 -11 11 28 13 -15 -16 16 17 -19 -20 -21 -22 23 -24 -25 25 -27 -28 -29 -30 -31
leaf_value=0.0096930028098191276 0.072202589389040242 0.0047380040572158931 -0.065478436468097645 0.051205870506127453 -0.002359517550217093 -0.02891331072293974 -0.049526081474637322 -0.017347500990669874 -0.061691431870967643 0.0036146460965334674 -0.027839291714802591 -0.048719764705586054 0.016042086072737102 0.13898868429647854 -0.063733394322321418 0.014136781665599991 -0.0066639330909643302 0.055157644416495802 0.0043501516407349365 0.07535179282207588 0.053929373398443808 -0.070219754935445119 0.069798209673689451 -0.0042311523681730218 0.12268281753713411 0.04240589082797102 -0.042215621287387289 0.027681899853175252 0.0098306397415361835 0.013118296554707882
leaf_weight=60.186475680151489 1.6334649841883209 173.92956547227368 5.4338356405787662 5.2623669649474314 233.77984623471275 13.717769820985264 1.4548801930723123 9.9361759239400325 5.2648094511823711 4.4145033815875649 1.7484723441448284 8.4577618569601309 1.4065867620083738 0.98904184182174493 9.1708109688624955 2.4156785679952 13.396785582968741 5.7558382432907811 34.874045542324893 0.84524939954280931 1.2783454042364608 2.8435010536340988 2.7811710177629712 4.1533436867175624 1.859323457450955 2.3563679950748337 4.0234357684385023 6.9230146871414027 2.1792683408129951 26.415176426642574
leaf_count=906 68 3451 283 47 8335 2304 212 314 82 38 74 251 95 34 501 120 346 66 413 5 57 70 50 60 64 92 68 140 46 551
internal_value=0 -0.000958335 -0.00116374 0.0130308 -0.00368041 -0.00877616 -0.00518559 -0.0225146 0.00081536 -0.0319069 -0.0314164 -0.0188945 0.0268705 0.0668009 -0.0493615 0.00454162 0.0159513 0.0070887 -0.00366583 -0.0228617 -0.00113937 -0.00485 0.00648076 -0.0310488 0.0546163 0.0778119 -0.00721066 0.00114326 -0.0367242 -0.000788199
internal_weight=0 583.438 581.805 65.4488 407.875 147.68 127.465 32.7867 94.6784 9.67931 20.215 14.7811 4.1441 2.39563 11.904 84.9991 35.562 28.9306 49.4371 14.563 2.73323 23.1748 16.178 6.99684 6.63137 4.21569 20.8826 16.8592 10.637 260.195
internal_count=19143 18190 18122 953 14671 5785 5002 1292 3710 120 783 500 203 129 770 3590 868 592 2722 2309 269 526 396 130 276 156 522 454 297 8886
is_linear=0
shrinkage=0.05


Tree=186
num_leaves=31
num_cat=0
split_feature=8 5 9 11 3 3 6 0 2 3 5 4 4 6 1 8 9 8 4 4 0 4 0 4 4 3 10 8 5 5
split_gain=3.2716 2.71862 3.73654 3.18302 2.98747 4.80674 3.4733 2.91639 5.30707 3.56704 4.54266 2.85819 2.98928 5.67019 2.84491 2.75873 4.16868 2.84793 3.23773 2.86231 3.69686 2.91104 2.57122 2.5444 5.17061 3.05116 2.518 2.89728 3.75343 4.9817
threshold=0.35808616204851484 139.14043867487231 1.0000000180025095e-35 1.0000000180025095e-35 60.749790985322939 65.990752329922273 3.5000000000000004 140.07918735144406 3.5000000000000004 61.351219405450912 1362.5816690748222 101.41411478473661 109.08589985391536 4.5000000000000009 2.5000000000000004 0.10968162222283069 1.0000000180025095e-35 0.040925404874070488 209.65442366285052 122.96119678421546 336.08512346908458 81.069538123137946 183.58612095488255 167.27843093957443 185.38714374786821 83.299248187733198 1.5000000000000002 0.18937277146118056 199.25976317265409 751.071363688725
decision_type=2 2 2 2 2 2 2 2 2 2 2 2 2 2 2 2 2 2 2 2 2 2 2 2 2 2 2 2 2 2
left_child=1 2 14 4 -3 6 -6 8 9 10 -5 -7 13 -13 -1 17 22 19 -19 21 -21 -9 -17 25 -25 -24 27 -14 -29 -30
right_child=-2 3 -4 7 5 11 -8 15 -10 -11 -12 12 26 -15 -16 16 -18 18 -20 20 -22 -23 23 24 -26 -27 -28 28 29 -31
leaf_value=0.0096202817305713756 0.011283699963123235 -0.024866055109366389 0.015336694820163747 -0.007323895537837158 0.0060668560653881834 -0.055733485349429318 0.10884271586691803 -0.0024439437677086962 -0.064880227648344044 -0.036741755622513209 0.032322274894723807 -0.012939851223089591 -0.014017702123689219 0.17981683515424979 -0.0068498034988334847 0.030632667990777358 0.05286966430111735 -0.016785466722717846 0.010897668666761369 -0.021922007462235014 0.017628184748346844 0.044831479108584392 0.0028248143466107255 0.06196940718833685 0.0035624624227912254 -0.034715554862721161 0.011343377210130394 -0.039489052055935829 0.016472513691873428 -0.013821907793882874
leaf_weight=40.877287931434694 56.084611769212643 23.074171177264361 51.015615635958966 36.790919848368503 1.762937962994328 2.944272310465748 1.540286289717187 5.2239417200908056 3.9442708609858519 7.4979816235136232 8.9908113504061458 0.98365138539520447 97.507602570978634 0.62326039357867558 73.116869552090066 10.547643659170715 5.6593794156797221 37.804529407061636 14.657085725106297 11.4904782474041 12.162528525106607 8.6448492850176972 24.445451070554558 4.9001597976312068 16.714112195186317 6.951881105080246 17.45353048137622 5.5146502489515106 32.324519538611639 23.389822275028564
leaf_count=703 742 6468 670 529 302 398 169 55 65 75 111 141 4033 35 1829 100 114 355 162 97 100 72 189 33 213 51 328 90 576 446
internal_value=0 -0.00135474 0.00408961 -0.00347581 -0.00790664 -0.0057804 0.053991 0.000764473 -0.0089166 -0.00477364 0.000461988 -0.00687278 -0.00606366 0.0618232 -0.000943778 0.00424426 0.0117487 -0.00152845 -0.00905116 0.00898953 -0.00158504 0.0270243 0.00808728 0.00360145 0.0168039 -0.00548724 -0.00668281 -0.00866484 -0.000140361 0.0037544
internal_weight=0 588.555 165.01 423.545 207.119 184.045 3.30322 216.426 57.224 53.2797 45.7817 180.741 177.797 1.60691 113.994 159.202 69.2186 89.9834 52.4616 37.5218 23.653 13.8688 63.5592 53.0116 21.6143 31.3973 176.19 158.737 61.229 55.7143
internal_count=19251 18509 3202 15307 12986 6518 471 2321 780 715 640 6047 5649 176 2532 1541 700 841 517 324 197 127 586 486 246 240 5473 5145 1112 1022
is_linear=0
shrinkage=0.05


Tree=187
num_leaves=31
num_cat=0
split_feature=9 7 8 11 5 8 4 0 0 8 8 5 0 8 8 0 5 6 11 8 5 4 4 4 4 4 5 1 4 0
split_gain=4.51314 2.75022 3.70443 2.67603 3.36605 4.43096 3.14395 3.4626 3.13133 2.67179 2.49288 2.45773 4.70179 2.9131 2.40982 2.35419 2.42714 3.44164 3.22787 2.23898 4.56755 2.59326 2.19431 3.90608 6.98775 3.37383 3.04728 3.04287 3.21999 2.18791
threshold=1.0000000180025095e-35 1.0000000180025095e-35 0.38856892835609974 1.0000000180025095e-35 318.17616107178901 0.067624722480447014 24.780951969158227 134.55865334122498 68.163651022420638 0.38856892835609974 0.16666937735140785 48.189108096727203 100.08247864859138 0.042435979653471845 0.036032206972596952 911.89367059962524 29.944589637884032 1.0000000180025095e-35 1.0000000180025095e-35 0.058163839902943722 648.77327403390325 286.98061637840243 174.47722096801951 124.02569848779112 118.38923036130409 189.39947298566878 556.16536202203849 3.5000000000000004 58.635596182877343 768.91860587039787
decision_type=2 2 2 2 2 2 2 2 2 2 2 2 2 2 2 2 2 2 2 2 2 2 2 2 2 2 2 2 2 2
left_child=1 10 29 9 8 14 -7 -8 -5 11 15 -2 -13 -14 -6 16 -1 -18 -19 20 -15 -21 23 24 26 -24 27 -20 -29 -3
right_child=3 2 -4 4 5 6 7 -9 -10 -11 -12 12 13 19 -16 -17 17 18 22 21 -22 -23 25 -25 -26 -27 -28 28 -30 -31
leaf_value=0.0059134159648389431 0.015553121463076643 -0.00020644898066819875 0.039320999127940244 -0.011516332071034358 0.0064715200154366968 0.062249125918878739 -0.0089344254450452916 0.035897718382919858 0.043864069392727439 0.030769132312233879 -0.00109696018151423 -0.044207937381101022 -0.016645185213424823 0.064212881869746899 -0.031025093912547364 0.027499581677076307 0.0036957072754953101 -0.032455155855109753 -0.037186373394386719 -0.0035110846038229255 -0.018102357787724784 0.014589976959103674 0.032022959993848014 -0.038941076334820225 0.072775137752602193 -0.0099020578576045695 -0.040837675489946559 -0.022117770520091649 0.028100985587342378 0.040110430268154584
leaf_weight=18.005187145376112 24.315269368235022 123.73795432610495 6.5955664506182066 3.127396514639261 8.725240262225272 3.9866315089166191 8.8114372193813342 8.424771794350816 13.883783519384449 7.9100947577971956 142.58505280598911 6.2142043393687336 20.881588739459403 4.1920511081698342 8.4198207240551692 4.0146474866196504 23.446959633321967 26.873125190781138 5.1555369481211626 66.92822509285179 2.8181773280084599 28.092215602751821 5.7468451187014571 16.676533897407353 2.4185628667473784 29.082973862532526 8.4413311484968272 5.3121045564766955 7.9978055092506111 3.4591587078757575
leaf_count=347 225 2636 77 28 61 24 59 150 198 89 3753 619 559 95 59 29 475 6773 114 1394 71 283 43 163 31 266 320 141 93 38
internal_value=0 -0.00316386 0.00278451 0.00568633 0.0151698 0.00696179 0.022234 0.0129788 0.0336827 0.00243141 -0.00585475 0.000970567 -0.00177541 0.000369892 -0.0119428 -0.0102837 -0.0113007 -0.0136639 -0.017443 0.0038522 0.0311214 0.00184038 -0.0124521 -0.0196204 -0.0086333 -0.00298452 -0.0159508 -0.00457402 0.00805823 0.000889979
internal_weight=0 429.549 133.793 216.731 55.3791 38.3679 21.2228 17.2362 17.0112 161.352 295.757 153.442 129.126 122.912 17.1451 153.172 149.157 131.152 107.705 102.031 7.01023 95.0204 80.8317 46.0019 29.3253 34.8298 26.9068 18.4654 13.3099 127.197
internal_count=19213 15299 2751 3914 579 353 233 209 226 3335 12548 3246 3021 2402 120 8795 8766 8419 7944 1843 166 1677 1171 862 699 309 668 348 234 2674
is_linear=0
shrinkage=0.05


Tree=188
num_leaves=31
num_cat=0
split_feature=0 8 11 4 6 5 10 8 5 6 3 4 5 2 5 4 3 3 3 4 8 8 8 0 5 0 0 4 6 4
split_gain=3.65397 3.42683 3.09728 3.37354 3.05387 3.72923 3.1131 3.93857 3.04345 4.62793 2.99082 4.91895 4.02969 3.51512 5.10461 3.90292 3.43481 3.69655 3.58946 4.45575 3.67976 3.48072 4.55633 3.40772 3.36317 2.92282 2.90554 2.82021 2.81838 2.53515
threshold=659.79922001898865 0.48630674657002987 1.0000000180025095e-35 71.463619781707749 1.0000000180025095e-35 57.571739922173045 1.0000000180025095e-35 0.047767249101430771 143.22014379982554 2.5000000000000004 48.569196501516394 92.224227271376733 2098.8298831169977 1.5000000000000002 1107.837610865399 28.89479293399258 61.351219405450912 70.656536299915246 87.839290929711112 155.50351448904914 0.17960047533826948 0.10075527890738208 0.065201846691539764 276.16491092255688 603.0740612633814 418.87524731439106 232.74816325555886 93.111074463576173 7.5000000000000009 535.77843511707431
decision_type=2 2 2 2 2 2 2 2 2 2 2 2 2 2 2 2 2 2 2 2 2 2 2 2 2 2 2 2 2 2
left_child=1 2 3 -1 5 -5 7 -6 9 -4 11 12 13 15 -15 -10 26 -18 20 -20 -19 22 23 -21 -17 -25 27 -12 -9 -2
right_child=29 -3 8 4 6 -7 -8 28 10 -11 16 -13 -14 14 -16 24 17 18 19 21 -22 -23 -24 25 -26 -27 -28 -29 -30 -31
leaf_value=-0.019308067185362807 0.004639260056079975 0.024162300487289706 0.035726916786003732 0.050596476402605617 -0.035100256042334417 0.0036341940895560049 0.00041516465014597767 -0.0068013121344647435 -0.026561107897409442 0.0012386862825463829 0.010650161268573023 -0.051132181398030524 0.037153753593476668 -0.0065736664576637547 -0.046638899766275679 0.0005988497678280154 -0.020335361528753843 0.0086062791892403869 -0.029316160703936969 -0.024791145232858303 0.049098274477767448 0.018342387641696278 -0.035681527473727763 0.033539761998477156 0.050831931976587696 -0.0078157077575163186 0.00053954751979111437 0.054711212994446617 -0.072072248363037605 0.02886892505027043
leaf_weight=37.638552273150708 31.421419690945186 12.836405194830148 15.870793779031372 4.719628822291269 14.964793370432742 40.522695807449054 112.59922875819029 109.91361387458892 5.0693060153862488 25.127919875085354 6.5326530206948545 6.1222044592723242 5.3855063966475418 38.30504356266465 10.032117996597661 6.8657521058339608 18.056862370111048 22.319735699333254 12.252459173789246 6.9148706970736411 7.4947922602295867 24.233967172214761 9.5806914120912534 10.437227197922768 6.4738867597188801 7.2334174532443276 10.321267839521168 8.1782988901250047 1.6791316954404454 16.446130383061245
leaf_count=5726 357 141 194 41 1520 500 3225 4743 74 301 77 57 53 514 117 75 139 174 106 54 66 305 96 80 73 66 78 86 65 161
internal_value=0 -0.00139293 -0.00195383 -0.00524088 -0.00337917 0.00853325 -0.00563269 -0.0110135 0.00207402 0.0145892 -0.000239259 -0.00810307 -0.00445095 -0.00780789 -0.014889 0.0107853 0.00404738 0.000493054 0.00423652 -0.00190283 0.0187852 0.00384854 -0.00643189 0.00496635 0.0249776 0.016611 0.0208766 0.0351451 -0.00778344 0.012964
internal_weight=0 597.683 584.846 322.038 284.399 45.2423 239.157 126.558 262.809 40.9987 221.81 78.2538 72.1316 66.7461 48.3372 18.4089 143.556 118.524 100.467 70.6526 29.8145 58.4002 34.1662 24.5855 13.3396 17.6706 25.0322 14.711 111.593 47.8676
internal_count=19264 18746 18605 15820 10094 541 9553 6328 2785 495 2290 963 906 853 631 222 1327 1086 947 707 240 601 296 200 148 146 241 163 4808 518
is_linear=0
shrinkage=0.05


Tree=189
num_leaves=31
num_cat=0
split_feature=0 11 9 8 5 8 3 1 5 8 4 8 4 0 8 4 5 8 7 5 3 4 0 3 8 2 0 0 0 0
split_gain=2.72425 3.71412 3.27869 3.17099 3.16992 3.0628 3.00305 3.78335 3.17705 4.07493 4.11001 2.99742 4.25961 4.23478 2.83128 2.50275 3.45809 2.88376 2.46936 3.02614 2.44642 4.90483 3.12566 2.51974 2.42721 3.18526 5.69827 3.82001 4.31919 3.40049
threshold=553.84129387782059 1.0000000180025095e-35 1.0000000180025095e-35 0.042435979653471845 54.350451386058829 0.35808616204851484 44.476907718753957 6.5000000000000009 66.250456536174454 0.060460278955909365 91.376795818738529 0.058163839902943722 286.98061637840243 344.08874197906175 0.070767266557036065 67.24101471827737 79.562020119996063 0.078268859396129251 1.5000000000000002 2451.4873514627825 76.021771706944364 147.84366976282482 197.83884650614229 81.000267457557314 0.11393095219661491 2.5000000000000004 268.39041275448068 206.88054870263278 245.35016224553547 227.81652570205446
decision_type=2 2 2 2 2 2 2 2 2 2 2 2 2 2 2 2 2 2 2 2 2 2 2 2 2 2 2 2 2 2
left_child=1 2 6 -4 -3 20 -1 8 -8 -10 -11 12 13 -5 -13 16 -16 -17 19 -12 21 -6 -22 -24 -19 27 29 -26 -29 -27
right_child=-2 4 3 11 5 -7 7 -9 9 10 18 14 -14 -15 15 17 -18 24 -20 -21 22 -23 23 -25 25 26 -28 28 -30 -31
leaf_value=-0.030212983772833935 0.0087658248096605506 0.028141691520623225 -0.018650621327333142 0.025552977269235274 -0.0009911937292313253 0.032428618871013573 0.0030006483738661462 0.077986373495513961 -0.041851028702565428 -0.060607364306463518 -0.0083831255478766867 -0.033707303509386159 -0.027986749506965787 0.11572363871210339 0.011147187306084877 0.0493994657629757 -0.034093505590287031 -0.015805593761199492 0.016607005102913252 -0.06308032721052434 -0.014182930718257897 -0.046232767183915745 0.043993181047007814 0.0087974590355271443 0.029085304636818261 0.023416294249624131 0.0054291683415792795 -0.042396439339738141 0.0022932769571740699 0.093112933912164741
leaf_weight=15.900198420145896 82.981392907910049 12.338898654328657 17.76838195923483 3.938013238774146 137.9612427088432 8.0927675953134877 44.614761736331275 1.2880044699268172 10.935926239973922 3.7674005985318209 72.730859595023503 5.3221091062005135 2.0726426986511797 1.9452896884176878 7.6677691629156497 3.8647803181083864 9.4047167307580803 11.768187877314629 9.6272690165787917 2.6197922719002227 14.31001325836405 6.2628052225336424 5.4514568997547022 75.708103475626558 10.39219665492419 3.183059410366698 12.326708098524248 6.4543099566362789 33.308356792666018 3.8874241120647639
leaf_count=4676 1058 181 673 174 1547 102 647 98 2112 778 3832 198 20 30 83 75 638 250 65 128 141 50 45 726 235 73 125 85 369 41
internal_value=0 -0.000947442 -0.00479001 0.00101374 0.00340716 0.00217547 -0.00958096 -0.0073276 -0.00808912 -0.0130526 -0.00950384 0.00403795 0.0336525 0.0553675 0.00184784 0.00369835 -0.0137745 0.0072002 -0.00723822 -0.0102848 0.00115403 -0.00295577 0.00736264 0.0111615 0.00519466 0.0087479 0.0259537 0.00209363 -0.0049608 0.0617362
internal_weight=0 554.913 294.788 133.304 260.125 247.786 161.484 145.584 144.296 99.6812 88.7453 115.536 7.95595 5.8833 107.58 102.258 17.0725 85.185 84.9779 75.3507 239.694 144.224 95.4696 81.1596 81.3202 69.5521 19.3972 50.1549 39.7627 7.07048
internal_count=19255 18197 15405 3069 2792 2611 12336 7660 7562 6915 4803 2396 224 204 2172 1974 721 1253 4025 3960 2509 1597 912 771 1178 928 239 689 454 114
is_linear=0
shrinkage=0.05


Tree=190
num_leaves=31
num_cat=0
split_feature=9 11 0 8 8 0 0 5 1 10 8 5 6 8 5 8 6 10 0 3 3 4 4 5 5 0 3 6 6 5
split_gain=2.95115 3.25638 3.90508 4.18556 3.13893 2.81484 2.77323 2.61062 2.40958 2.85692 4.11392 2.89238 2.70036 2.3418 3.11564 2.51415 2.49499 4.59074 3.3995 3.31456 3.18586 3.2291 4.11037 3.12843 2.79119 2.62199 2.52005 2.48487 2.372 2.4299
threshold=1.0000000180025095e-35 1.0000000180025095e-35 300.60824225321147 0.18605031885911047 0.051800994285479386 150.81974793626418 440.7692224029837 262.14497811965447 2.5000000000000004 1.0000000180025095e-35 0.09165084372639315 851.98675350790995 2.5000000000000004 0.23546546827778939 609.30480145144145 0.29372320847312688 4.5000000000000009 1.0000000180025095e-35 369.51829910042409 119.50011932792685 140.32390261911272 143.44857799415368 140.68810546595418 5.7408136332813262 1381.4980631682222 535.87082324772916 118.04548757730275 2.5000000000000004 1.0000000180025095e-35 101.15873163407757
decision_type=2 2 2 2 2 2 2 2 2 2 2 2 2 2 2 2 2 2 2 2 2 2 2 2 2 2 2 2 2 2
left_child=1 2 3 7 5 -3 8 -1 -6 -10 -11 12 -12 16 15 -15 20 18 -18 -19 21 22 23 -4 -23 -20 -26 -17 -22 -30
right_child=-2 4 13 -5 6 -7 -8 -9 9 10 11 -13 -14 14 -16 27 17 19 25 -21 28 24 -24 -25 26 -27 -28 -29 29 -31
leaf_value=-0.021585005550585207 0.0047581601281297629 -0.034979514791151238 0.12421861573955995 -0.0071883006848858805 0.0136772726963581 -0.0034893603125659249 0.032019198910098849 -0.055852645687681501 -0.0063372270784823595 0.041995835027934837 0.034389000863931436 -0.022684195473686577 -0.0013042136415043644 0.036658344019584434 -0.0090261202141190145 -0.019039056754462529 0.047720670894047384 0.084673172938435459 -0.063610715472167428 0.016774099624206718 0.018919887895190311 -0.045115827496715222 0.14420852086103778 -0.020299661404290431 -0.032638293439163586 -0.006180625784975604 0.067725858116439483 0.019499472266005933 0.0066542188922810754 -0.016744689251842981
leaf_weight=17.783051893318774 216.65785897479509 8.6865740104112756 0.41499268915504472 46.333422645177052 43.746522003784776 38.76830089930445 9.2062151466961932 8.0848163455157174 69.365265790256672 8.2123439512215537 8.2451882315799647 8.4893843401223403 14.8294808906503 10.654036053863821 18.265698275528848 6.3963352006394443 1.9914097368164245 2.5679137981205695 2.9061723446939123 5.9899335894151591 9.3528060307726246 14.555935091149879 0.5086666780989616 3.8352461802569451 1.4149085719545831 6.2866961090476252 1.120961592037929 12.085659868491346 17.056003171717748 31.747805089660687
leaf_count=2130 3868 214 4 2373 439 361 192 4853 768 79 79 71 116 160 245 64 132 85 161 103 65 722 22 531 90 81 34 104 154 946
internal_value=0 -0.00240109 -0.00665934 -0.0161834 0.00205636 -0.00925361 0.00536748 -0.0322951 0.00376263 -0.000211387 0.0104713 0.00226929 0.0114499 -0.00198625 0.00716376 0.0173134 -0.0063344 0.00958464 -0.0115062 0.0371483 -0.0102625 -0.0265399 0.00988666 -0.00618892 -0.0366822 -0.0243362 0.0117269 0.00616188 -0.00414671 -0.00856722
internal_weight=0 428.902 219.352 72.2013 209.549 47.4549 162.094 25.8679 152.888 109.142 39.7764 31.5641 23.0747 147.151 47.4017 29.136 99.7495 19.7421 11.1843 8.55785 80.0073 21.8507 4.75891 4.25024 17.0918 9.19287 2.53587 18.482 58.1566 48.8038
internal_count=19246 15378 13059 9356 2319 575 1744 6983 1552 1113 345 266 195 3703 573 328 3130 562 374 188 2568 1403 557 535 846 242 124 168 1165 1100
is_linear=0
shrinkage=0.05


Tree=191
num_leaves=31
num_cat=0
split_feature=8 7 8 9 8 1 5 1 6 8 3 6 11 11 3 5 4 4 5 4 4 9 6 8 11 4 6 8 5 5
split_gain=4.18974 3.54591 2.89297 3.54628 3.18782 2.62848 2.12575 3.56236 3.48716 6.68429 4.40414 3.23301 2.66028 2.2136 3.70942 2.11711 2.01803 2.52744 4.74607 3.23285 2.88202 1.96073 2.52634 4.23104 2.93868 3.43702 2.67957 2.67473 2.51695 2.49342
threshold=0.14758346693390037 1.0000000180025095e-35 0.15497227056947024 1.0000000180025095e-35 0.48630674657002987 4.5000000000000009 104.46919254021928 3.5000000000000004 4.5000000000000009 0.038872729200254218 74.06227762539153 1.5000000000000002 1.0000000180025095e-35 1.0000000180025095e-35 248.32096810560475 471.1898925903435 69.847360165456905 79.332797161588118 60.687455866829616 74.416810373179771 72.071020342357301 1.0000000180025095e-35 1.5000000000000002 0.12081718857018432 1.0000000180025095e-35 362.11066727460343 5.5000000000000009 0.1331979402248796 1287.1498319806421 124.65441903741426
decision_type=2 2 2 2 2 2 2 2 2 2 2 2 2 2 2 2 2 2 2 2 2 2 2 2 2 2 2 2 2 2
left_child=1 21 3 -2 16 6 -3 11 9 -9 -10 -8 15 14 -13 -11 -4 18 -18 20 -20 22 23 29 -24 26 28 -25 -26 -1
right_child=2 5 4 -5 -6 -7 7 8 10 12 -12 13 -14 -15 -16 -17 17 -19 19 -21 -22 -23 24 27 25 -27 -28 -29 -30 -31
leaf_value=0.011402197735962188 0.0078099963821847669 0.024251100082073963 -0.0055341575321984117 0.060569976223859491 0.026753891359611367 -0.010229687928359422 0.037313976808052589 0.060109712079918769 0.094602796188297214 0.041675286868826475 0.0098789375059858096 -0.028357515399853862 -0.048792111301981758 0.0068506084071059074 0.013284365068275343 -0.031502942619134972 0.10232711483621991 0.0040089276235948544 0.029145473262182194 0.051212441130812969 -0.049701961367521891 -0.00056976386234638184 -0.027486677354669743 0.063992696498824733 -0.0050479541858154944 0.028586055462389622 -0.045561203040038176 0.0035268504218276646 -0.039660104882520697 -0.015661839150797129
leaf_weight=12.600755515901254 8.3569777648663131 17.711247414757963 55.105300796269148 5.1462838348234063 14.919622573070226 22.95175272335473 4.651209908333839 4.045840341306759 3.2232347344252039 2.2448095576546621 2.9265701921540312 18.008821280498527 3.8342808540910482 18.101347459945828 7.6068600369617334 1.7658668273652436 1.841262626927344 210.82184437786054 2.1422896540170768 3.2891190020163776 2.5248345886648167 93.018606578320032 30.077015322720399 3.7578629191702921 48.591227515367791 5.6728463470935813 5.4497634249273679 3.5630874862108612 5.8889651002828023 26.217354132648325
leaf_count=268 369 242 2097 91 161 592 101 94 86 87 34 724 30 166 78 108 21 3755 54 130 72 2083 5318 125 698 79 85 131 121 1305
internal_value=0 -0.00277283 0.00529397 0.0279176 0.00424288 0.00476809 0.00886016 0.0047554 0.0237172 0.00790819 0.0542844 -0.00231707 -0.0190134 -0.00653356 -0.0159915 0.00945553 0.0030248 0.00516262 0.0299876 0.0132465 -0.0135096 -0.00621104 -0.00991114 -0.000301121 -0.0145453 -0.00861208 -0.0121332 0.0345641 -0.00878931 -0.00687658
internal_weight=0 341.909 304.148 13.5033 290.644 107.072 84.1201 66.4088 18.0406 11.8908 6.1498 48.3682 7.84496 43.717 25.6157 4.01068 275.725 220.619 9.79751 7.95624 4.66712 234.837 141.819 46.1391 95.6798 65.6028 59.93 7.32095 54.4802 38.8181
internal_count=19305 12555 6750 460 6290 2342 1750 1508 439 319 120 1069 225 968 802 195 6129 4032 277 256 126 10213 8130 1829 6301 983 904 256 819 1573
is_linear=0
shrinkage=0.05


Tree=192
num_leaves=31
num_cat=0
split_feature=9 11 8 4 8 5 4 4 8 3 5 8 3 8 0 0 5 11 7 0 8 8 7 1 4 7 0 3 8 8
split_gain=4.66063 4.87712 4.05036 3.45306 3.02189 2.96035 2.77175 4.71857 2.86498 5.10891 3.45773 3.37253 3.58747 2.79588 2.73004 2.72888 2.69053 5.30641 3.57876 3.03214 3.71925 3.47115 3.41345 2.86648 3.19419 2.54275 2.51043 3.66315 2.42137 2.35412
threshold=1.0000000180025095e-35 1.0000000180025095e-35 0.19282326158691365 158.28517812313302 0.19102510471745657 3179.2170109759963 75.299871956000345 64.151403444728984 0.2203426283924346 305.7583663969686 1222.3565477382151 0.23282356440462168 126.8089870296313 0.23782356208121572 623.01225069308225 272.13470830073237 66.250456536174454 1.0000000180025095e-35 1.0000000180025095e-35 300.60824225321147 0.10864571602166521 0.18402512956117631 2.5000000000000004 3.5000000000000004 345.92171535095025 1.0000000180025095e-35 497.8888219283329 102.13656144070673 0.012008983106947544 0.25570061027820162
decision_type=2 2 2 2 2 2 2 2 2 2 2 2 2 2 2 2 2 2 2 2 2 2 2 2 2 2 2 2 2 2
left_child=2 -2 4 -3 5 14 7 29 9 10 26 12 -10 -13 16 -12 18 19 -1 -18 22 23 -21 24 25 -22 27 -8 -19 -4
right_child=1 3 6 -5 -6 -7 8 -9 11 -11 15 13 -14 -15 -16 -17 17 28 -20 20 21 -23 -24 -25 -26 -27 -28 -29 -30 -31
leaf_value=-0.0047008793910017829 0.0025745156676638607 0.015287252647362193 -0.019336486501811995 0.053651650109380278 -0.056570762212175385 -0.054398946124941928 0.038425839373448428 -0.041359005547244622 -0.062460631020473938 -0.050117994940689442 0.12342042897556474 0.051227929265380862 0.016203512061260771 0.0049918271614054106 0.0088061892804930219 0.036684351324749363 -0.04532950997666467 -0.031620110318748278 0.026839956154106583 -0.036503761789596169 0.0047959060597394616 -0.067943460430761882 0.075537545677454007 -0.034624402715915714 -0.0024887372620207033 0.076563306512319074 0.070604442524210775 -0.014718844463365474 -0.0025518786587057046 0.010484351312263938
leaf_weight=31.213036242552334 155.05791567763663 45.968376045115292 9.5218958447294444 6.7230761159444219 2.9125204485026179 3.0412305516074403 7.0038199089031021 8.1373854796693177 3.7122891230683299 2.0639269412495187 1.6738655028457281 3.388759643508819 2.3776256560813636 92.990192023542477 32.342973642284051 1.9789273830538148 11.993951652926624 7.600025661289691 12.633550578495486 17.799353968337531 2.0588545558566755 1.7281869240105141 0.70678743347525497 3.3799067523505064 8.1714395752642286 3.0813972149044275 2.288045239984057 6.037623621057719 124.91570895328186 21.700788633155753
leaf_count=779 3296 395 471 182 65 141 226 206 109 23 58 67 51 1504 396 49 6429 108 181 1521 201 55 4 271 149 39 41 127 1457 638
internal_value=0 0.00704037 -0.00209236 0.0201823 -0.00592283 -0.00535693 0.00410646 -0.00744804 0.00778849 0.0245912 0.0327143 0.00433736 -0.0317486 0.00661752 -0.00477799 0.0764305 -0.00672822 -0.00941438 0.00438701 -0.0234878 -0.0163934 -0.000487888 -0.0322247 0.00649622 0.016937 0.0478179 0.0222973 0.0138222 -0.004219 0.00138997
internal_weight=0 207.749 426.454 52.6915 263.579 260.666 162.875 39.3601 123.515 21.0462 18.9823 102.469 6.08991 96.379 257.625 3.65279 225.282 181.436 43.8466 48.9199 36.9259 18.4198 18.5061 16.6916 13.3117 5.14025 15.3295 13.0414 132.516 31.2227
internal_count=19239 3873 15366 577 11796 11731 3570 1315 2255 524 501 1731 160 1571 11590 107 11194 10234 960 8669 2240 715 1525 660 389 240 394 353 1565 1109
is_linear=0
shrinkage=0.05


Tree=193
num_leaves=31
num_cat=0
split_feature=7 6 0 8 8 11 3 4 3 5 6 4 4 5 2 4 0 6 0 1 8 3 3 3 5 3 3 8 5 6
split_gain=3.17814 4.04676 3.94338 2.91915 2.74072 2.66754 3.14463 2.91135 2.58786 4.1341 2.42376 2.76038 2.07986 2.17247 2.60582 3.68939 5.78885 3.08972 2.63064 2.44698 2.16904 2.07502 2.02382 2.60665 2.24052 2.00664 2.04722 1.94789 1.9336 3.1072
threshold=1.0000000180025095e-35 1.0000000180025095e-35 768.91860587039787 0.12188422700743069 0.12418471538261676 1.0000000180025095e-35 98.202557948100647 214.19151514721702 163.10398221339452 192.21693990671238 1.0000000180025095e-35 152.70239899685254 413.23037711599858 131.8323138609675 2.5000000000000004 78.594755956310621 110.3174665012403 3.5000000000000004 106.36905442227021 6.5000000000000009 0.29372320847312688 64.160316705215962 73.306356947750373 72.685551424675623 54.350451386058829 184.34917952936897 175.2407122815205 0.043231676413612564 878.87492720187743 3.5000000000000004
decision_type=2 2 2 2 2 2 2 2 2 2 2 2 2 2 2 2 2 2 2 2 2 2 2 2 2 2 2 2 2 2
left_child=3 -2 -3 5 -5 6 22 10 9 27 -8 -12 13 14 17 16 -16 18 -6 -15 -19 -17 23 24 -1 26 -10 -9 -7 -30
right_child=1 2 -4 4 12 28 7 8 25 -11 11 -13 -14 19 15 21 -18 20 -20 -21 -22 -23 -24 -25 -26 -27 -28 -29 29 -31
leaf_value=-0.0012217235350431349 0.065629548069586305 0.0042780645814083909 0.064476613006281547 0.042228183391285923 0.044993016273081977 -0.0053609099237411049 0.043108058574364151 0.024836735082859739 -0.0046316065818033754 -0.058451619127374059 -0.061719034564380215 0.015503177023921864 0.012642760085549147 -0.0024945570960864141 0.0073283624933281766 -0.025656881543058153 0.096223530521578518 -0.036832322226656659 0.003206925414604394 -0.037099641196821131 0.0053889651071392913 0.020492101313011248 -0.051868101607351863 0.14543194710102231 -0.042219495589206242 -0.0098300459497338843 0.059394807538525156 -0.027517122405543271 0.020122338324965967 -0.01189313540185913
leaf_weight=6.7200401371519547 2.8168352525681248 173.40177772381867 2.7637819289229801 4.1312268931360441 4.4568079441669424 77.830705527914688 4.7425509155727905 3.2074261656234722 2.8292117934761327 6.8452799325896194 1.5688192537782013 4.4110874966354459 34.216610485687852 155.39850482240581 3.7510606328723979 3.6882459003827517 3.578486902435543 7.6070267526520166 24.317720616993029 5.2821053290681439 5.0688078652601689 7.1728159290505573 6.9100202194167641 0.23787609497958406 6.6108107446780195 39.074919617472915 2.2345867713302141 3.982888057915261 21.842121704830788 11.60532489325851
leaf_count=330 47 3393 41 133 120 956 56 61 98 475 195 423 402 5158 89 54 75 163 352 232 55 102 979 22 3981 772 78 94 263 122
internal_value=0 0.00617318 0.00522249 -0.0016811 0.00182957 -0.00620683 -0.0126396 -0.00752634 -0.011939 -0.0306402 0.0164143 -0.00475595 0.00117389 -0.000607259 0.00754217 0.0233187 0.0507294 0.000618608 0.00967906 -0.00363214 -0.0199489 0.00482063 -0.0298422 -0.0186252 -0.0215526 -0.00599223 0.0236224 -0.00416333 -0.00104021 0.00901387
internal_weight=0 178.982 176.166 459.323 258.669 200.654 89.3755 68.8968 58.1743 14.0356 10.7225 5.97991 254.538 220.322 59.641 18.1906 7.32955 41.4504 28.7745 160.681 12.6758 10.8611 20.4787 13.5687 13.3309 44.1387 5.0638 7.19031 111.278 33.4474
internal_count=19321 3481 3434 15840 6935 8905 7564 2252 1578 630 674 618 6802 6400 1010 320 164 690 472 5390 218 156 5312 4333 4311 948 176 155 1341 385
is_linear=0
shrinkage=0.05


Tree=194
num_leaves=31
num_cat=0
split_feature=11 4 3 4 10 5 5 4 6 5 0 0 5 0 8 9 8 5 9 4 3 4 8 2 8 8 8 7 6 8
split_gain=4.75059 3.19271 5.32429 4.57532 2.61419 2.54807 4.39755 2.42599 2.54321 3.3543 3.0112 2.86305 2.73009 2.81054 2.41317 2.66494 3.28726 2.38324 2.2958 2.85472 2.9587 3.66248 4.22004 2.95152 4.8034 2.98903 2.49985 3.18889 2.64442 2.16175
threshold=1.0000000180025095e-35 127.19406226566473 66.488620961762152 134.40259699268708 1.0000000180025095e-35 3179.2170109759963 3466.5220761822734 413.23037711599858 5.5000000000000009 231.64167141874216 827.96897245814819 296.69162440998895 20.77858595524712 300.60824225321147 0.53795192865857411 1.0000000180025095e-35 0.12512323614736928 48.189108096727203 1.0000000180025095e-35 147.84366976282482 136.8252694636634 252.98999883371349 0.24662626164387905 2.5000000000000004 0.10768351881947016 0.11393095219661491 0.1049536274522157 2.5000000000000004 1.5000000000000002 0.15778243681848847
decision_type=2 2 2 2 2 2 2 2 2 2 2 2 2 2 2 2 2 2 2 2 2 2 2 2 2 2 2 2 2 2
left_child=1 5 3 4 -3 14 -7 8 10 11 12 -10 13 -4 15 -1 -17 -2 26 -20 21 22 23 24 -21 -25 27 28 -14 -18
right_child=17 2 7 -5 -6 6 -8 -9 9 -11 -12 -13 18 -15 -16 16 29 -19 19 20 -22 -23 -24 25 -26 -27 -28 -29 -30 -31
leaf_value=-0.023341815313200984 0.029377921301184353 0.11927549152934723 0.045227830291048203 0.0034151268886216586 0.035642419996755215 0.19854106364588814 -0.05178475905271495 0.005779163363068357 -0.037012684996394977 -0.045528236022534481 0.031985048135345966 0.025829961961009781 -0.0098669249141065552 0.00010782157974131668 0.033036705709764171 -0.02282125248851033 0.032663947657811894 0.0049505806875120208 -0.03120255038350439 0.014223344848282485 -0.0075954740597619815 0.050009925922342519 0.036687039345107232 -0.011310167827408282 -0.047297607703608725 0.05418683389192637 -0.0064321645496321096 0.079333793199672042 -0.045584350300716323 -0.0020650333666725482
leaf_weight=36.985370507245534 10.405580249615012 2.0037497658195202 5.4190438063815227 3.9978464770247228 1.7507893147121647 0.38251449381641478 0.3240931928739883 83.015672949433792 3.033707933536788 8.3134396299719793 6.0358894709497681 4.5021160800824873 9.4223310758025089 9.5052104140631837 2.9349711351096621 18.599598928471096 5.2889926487696348 247.13336793170311 6.290351106261368 5.6910345182986983 29.041907472768798 5.8837908662389955 8.246356822550295 3.6074135393137103 7.1702899073716253 3.3684507091529667 66.123251863929909 0.69526560604572196 11.515580442079225 29.32605342019815
leaf_count=7534 176 106 57 242 60 33 79 1049 65 310 46 68 402 78 36 1113 189 2713 122 155 329 66 69 71 109 36 1853 3 1482 621
internal_value=0 -0.00286559 -0.000228738 0.0406396 0.0802763 -0.0108635 0.0837264 -0.00137301 -0.00443566 -0.0236284 -0.00272688 0.000531304 -0.00394515 0.016491 -0.0115811 -0.0130329 -0.00586805 0.00593754 -0.0058871 0.000915641 0.00412207 0.0141405 0.0066255 -0.00587113 -0.0200751 0.0203165 -0.0112591 -0.0260129 -0.029511 0.00324137
internal_weight=0 378.475 284.633 7.75239 3.75454 93.8416 0.706608 276.881 193.865 15.8493 178.016 7.53582 171.98 14.9243 93.135 90.2 53.2146 257.539 157.056 69.2996 63.0092 33.9673 28.0835 19.8372 12.8613 6.97586 87.7564 21.6332 20.9379 34.615
internal_count=19272 16383 6778 408 166 9605 112 6370 5321 443 4878 133 4832 135 9493 9457 1923 2889 4697 957 835 506 440 371 264 107 3740 1887 1884 810
is_linear=0
shrinkage=0.05


Tree=195
num_leaves=31
num_cat=0
split_feature=5 10 0 2 4 1 4 6 0 11 6 0 1 5 11 10 0 0 0 0 4 0 5 4 0 6 9 4 3 3
split_gain=4.93713 4.35922 3.94077 3.09455 2.95076 2.77787 4.62097 2.63664 2.76362 2.47642 2.32427 3.80814 2.41682 2.42164 2.54935 2.3887 2.24731 2.2319 2.44394 5.49309 2.37269 4.22299 2.96349 2.13212 3.07731 5.19122 3.39303 2.6722 2.52207 2.07861
threshold=48.189108096727203 1.0000000180025095e-35 735.24135926382678 2.5000000000000004 803.9609033567441 6.5000000000000009 64.151403444728984 4.5000000000000009 300.60824225321147 1.0000000180025095e-35 5.5000000000000009 298.51485135275499 5.5000000000000009 1874.4300845727814 1.0000000180025095e-35 1.5000000000000002 520.5606197932367 324.0488061421803 250.79172367274779 197.83884650614229 68.01730353967146 86.200033558975363 500.97465569806553 122.96119678421546 208.24842146225927 3.5000000000000004 1.0000000180025095e-35 151.06518559835305 58.156984426515002 195.18299822325702
decision_type=2 2 2 2 2 2 2 2 2 2 2 2 2 2 2 2 2 2 2 2 2 2 2 2 2 2 2 2 2 2
left_child=16 4 3 10 -2 7 -7 -5 9 -9 12 15 13 14 23 -12 -1 18 19 20 21 -16 -22 28 25 26 27 -25 -3 -15
right_child=1 2 -4 5 -6 6 -8 8 -10 -11 11 -13 -14 29 17 -17 -18 -19 -20 -21 22 -23 -24 24 -26 -27 -28 -29 -30 -31
leaf_value=0.0091962876544110905 -0.0040966865800378905 -0.0051192319916215819 0.040116848911496417 0.0041349776428937215 -0.03399439628078512 -0.0091270643339215179 0.11162403412565843 0.0207250916145921 0.0043306640342972514 0.079214136519246858 -0.072705403181307984 0.011626267104714257 -0.021778742459264963 -0.03639121482768156 -0.0050866175037228047 -0.006339383783251335 0.036853425164287384 0.043493114786850168 -0.016029849653623269 0.059404989833636707 0.014220796508692174 0.052833980203913611 -0.032650793337209986 0.041672024418527236 -0.0013354562327383948 0.1095084585160403 0.054966438920011809 -0.054843588880816224 -0.053833489657039241 0.013135416380116985
leaf_weight=71.564002857659943 326.62819412368117 8.8828714849078079 7.3919147425331166 44.415882419096306 8.4666649298742396 1.4299622043763514 1.7767481770715674 3.5742218162049522 5.9428981647943147 3.6658932464197278 3.9071361775786482 4.3937683626427315 10.913827188931462 6.8284055947297002 6.8419686746783572 2.0763853607058991 8.1850210779812169 5.6388350774068376 7.4031421877443782 5.9042044146917751 6.9347124840132874 5.8272332008928061 6.5645897863432765 1.0665981146012193 53.230423032291583 1.7089023030421229 2.4180834364378825 2.1889580664574169 3.7908499108234528 3.0714706918224692
leaf_count=1130 11872 1007 85 1414 126 85 28 195 90 33 200 79 342 239 79 52 85 88 60 55 70 53 62 72 964 90 36 149 266 38
internal_value=0 -0.00127285 0.00423424 0.00297358 -0.0048521 0.0124847 0.0577777 0.00996307 0.0295989 0.0503399 -0.000892449 -0.02372 0.000809152 0.00273057 0.00471688 -0.0496752 0.0120349 0.0140679 0.00986475 0.0158418 0.00601301 0.0215541 -0.00857244 -0.00103955 0.00286016 0.0331119 0.0101012 -0.0232228 -0.0196902 -0.0210254
internal_weight=0 552.885 217.79 210.398 335.095 60.8056 3.20671 57.5989 13.183 7.24012 149.592 10.3773 139.215 128.301 118.401 5.98352 79.749 45.1147 39.4759 32.0727 26.1685 12.6692 13.4993 73.2867 60.613 7.38254 5.67364 3.25556 12.6737 9.89988
internal_count=19144 17929 5931 5846 11998 1845 113 1732 318 228 4001 331 3670 3328 3051 252 1215 467 379 319 264 132 132 2584 1311 347 257 221 1273 277
is_linear=0
shrinkage=0.05


Tree=196
num_leaves=31
num_cat=0
split_feature=7 1 4 5 8 4 11 9 5 5 5 10 5 10 8 5 5 8 1 4 4 5 0 0 4 4 0 0 0 1
split_gain=4.04167 3.90522 3.89633 3.45802 3.43684 3.31178 3.27065 3.18457 2.61843 4.64242 3.50249 2.98915 4.22718 2.85095 2.61321 2.58289 4.78223 2.54185 3.26684 3.91667 3.41102 4.23419 2.47412 2.94872 2.98588 2.31328 3.1737 3.55528 3.61697 2.46246
threshold=1.0000000180025095e-35 3.5000000000000004 319.52371977156025 412.5274396504704 0.0071545152510154681 513.19282286928512 1.0000000180025095e-35 1.0000000180025095e-35 1005.4429992194281 1362.5816690748222 157.52663092164616 1.5000000000000002 684.82502767005576 1.0000000180025095e-35 0.34306480269317402 888.04823346073033 869.29975435984056 0.026258917672967941 2.5000000000000004 370.07581632509863 129.5317187858308 1191.9233001207804 258.78119617649185 222.5596493178343 84.570624320229868 72.071020342357301 298.51485135275499 431.38583286199776 497.8888219283329 4.5000000000000009
decision_type=2 2 2 2 2 2 2 2 2 2 2 2 2 2 2 2 2 2 2 2 2 2 2 2 2 2 2 2 2 2
left_child=1 8 4 -4 -3 -2 7 -6 10 17 -1 15 -13 -11 22 16 -12 -10 -19 20 21 -20 23 24 -8 -9 29 -28 -29 -27
right_child=5 2 3 -5 6 -7 14 25 9 13 11 12 -14 -15 -16 -17 -18 18 19 -21 -22 -23 -24 -25 -26 26 27 28 -30 -31
leaf_value=-0.002062531547701404 0.0030782178943734675 -0.050576287041413953 0.003851834521638071 0.06488376777657498 -0.016731734976561691 0.029555946419573983 -0.001753161308977331 -0.017800951391163715 -0.050730597902587229 -0.021204112758550428 -0.016818457640595651 -0.0095925652287717142 0.057817501192038726 0.007404283159251024 0.043922912479520598 -0.042485388828327697 0.076618623164354902 0.0081897932945786903 0.1250659261379484 0.12856026003424828 0.0041857209413452036 -0.012035508770168839 0.014552008276048373 -0.032957948766412483 0.040041936365486475 0.0083762014738885116 -0.029069246881145629 0.047010871719401034 -0.0059240592860938038 0.057406012328386519
leaf_weight=78.545420907161315 169.9358109223831 3.3056052864849326 4.8389702741987985 4.460008796537295 39.402261826733593 12.69176022580359 40.97999769996386 10.032064762111984 1.1467161215332478 20.229132343178208 106.85842597786541 8.6586101092689187 3.1796645161230108 15.291242594139474 4.5801146714948109 9.7535302256655978 1.3871817542894849 10.705077051512491 1.6867850511116551 1.3418052080087361 3.7509355337824672 0.84539859523647454 40.283747327746823 6.6797695695422581 4.7707735700532785 5.1769831776618975 7.4561512422515106 5.1396406474523237 8.6716770066414011 5.0676746290992014
leaf_count=1581 3337 196 53 54 4647 146 524 649 98 833 4079 221 62 441 45 340 64 346 113 13 138 67 345 79 54 167 167 64 83 99
internal_value=0 -0.00388917 0.0015572 0.0331242 -5.96882e-05 0.0049183 0.000877179 -0.00654837 -0.00783563 0.00186858 -0.0103968 -0.0154386 0.00851323 -0.00888842 0.00705504 -0.0178416 -0.015621 0.0214865 0.0260044 0.0510153 0.034455 0.079293 0.00523376 -0.00192569 0.00260512 0.00310996 0.00976707 -0.0012459 0.0137748 0.0326295
internal_weight=0 454.225 190.845 9.29898 181.546 182.628 178.241 80.9465 263.38 54.9971 208.383 129.837 11.8383 35.5204 97.2944 117.999 108.246 19.4767 18.33 7.62492 6.28312 2.53218 92.7143 52.4305 45.7508 41.5442 31.5121 21.2675 13.8113 10.2447
internal_count=19105 15622 7226 107 7119 3483 6923 5876 8396 2049 6347 4766 283 1274 1047 4483 4143 775 677 331 318 180 1002 657 578 1229 580 314 147 266
is_linear=0
shrinkage=0.05


Tree=197
num_leaves=31
num_cat=0
split_feature=10 8 4 3 6 8 11 5 5 8 7 5 5 5 6 0 5 5 8 8 4 4 5 0 0 4 3 8 5 8
split_gain=3.80425 3.34316 5.0827 3.06602 3.34896 2.73144 2.53408 2.848 4.38368 3.0051 3.22901 2.60223 2.48327 2.34006 3.20312 4.93109 3.03935 3.26007 2.93099 2.62513 2.42018 3.26638 2.98712 2.39858 2.12557 3.86581 2.87252 2.11508 2.11199 2.16147
threshold=1.0000000180025095e-35 0.008815068996038752 249.55925691351732 157.72043721118683 1.0000000180025095e-35 0.30654995453809053 1.0000000180025095e-35 1710.5488506333932 1207.3699340141209 0.24049502789834709 2.5000000000000004 50.956593912618509 160.74231115795581 743.67332509552568 3.5000000000000004 212.90641591218397 310.09731382715103 266.25869207804629 0.035308089384947984 0.066823748389320883 81.069538123137946 97.649245314183176 101.15873163407757 231.12470763428826 200.53621350971275 93.111074463576173 47.742924978797802 0.066823748389320883 153.79164663750586 0.050171021918386544
decision_type=2 2 2 2 2 2 2 2 2 2 2 2 2 2 2 2 2 2 2 2 2 2 2 2 2 2 2 2 2 2
left_child=3 2 -2 6 -5 28 7 8 9 10 12 27 -1 16 -15 -16 17 20 -18 -20 22 -22 -13 -21 25 -10 -27 -8 29 -6
right_child=1 -3 -4 4 5 -7 11 -9 24 -11 -12 13 -14 14 15 -17 18 -19 19 23 21 -23 -24 -25 -26 26 -28 -29 -30 -31
leaf_value=-0.012495726000557643 -0.059835513049152557 0.0065518917545313643 0.037058254897924615 0.039182655777845132 -0.020508233395184271 0.024571042887513588 0.0012685443395585444 -0.046212344086961232 0.0060251640752665009 -0.0015567557309926925 0.059629104266440781 0.010131332137628927 -0.033563350124215394 -0.0042093775863702989 0.038739035706735647 -0.0074361091282985556 0.012392353004157242 0.033190541425190061 -0.052953599519064212 -0.029893933083139607 0.039800568285476116 -0.0036464107965890231 -0.031363984365282906 0.0013592943008367948 0.01432233999797116 0.29002004399025533 0.079422585971618831 0.051462322133039341 -0.0056266259243691339 0.019414447528621717
leaf_weight=35.657551042684645 4.4177214869923764 240.39466762674419 1.9512547911435829 6.7075818423181763 4.135090187337485 12.3332631746307 4.2516699309926462 5.405022279948752 0.78376923478935878 41.590036128676729 1.2763298721984018 6.4560130555182722 23.01545663599245 36.529244279488921 13.790494360961022 9.956054463516919 6.471045142505317 6.5580402266932643 6.4690661658532944 15.22545677830931 5.4780479539185789 20.570630838628858 13.214106239844112 10.286931908223776 6.8113996270330972 0.28471818986872677 0.37541721641173353 4.1447962512029335 59.519508970319293 18.825656713044737
leaf_count=1617 188 6051 34 66 76 122 46 817 360 1139 11 49 4893 384 163 84 89 80 80 208 41 191 136 105 415 17 96 65 1241 208
internal_value=0 0.00560461 -0.0301503 -0.0023846 0.00503988 0.00262445 -0.00512946 -0.0107795 -0.00903517 -0.0118839 -0.0190484 -0.00104618 -0.0207598 -0.00255261 0.00508381 0.0193795 -0.00762585 0.000222782 -0.0182962 -0.0245056 -0.00450621 0.00549051 -0.0177446 -0.0172922 0.0260037 0.0811085 0.170254 0.026046 -0.00065722 0.0122246
internal_weight=0 246.764 6.36898 376.122 101.521 94.8135 274.601 115.2 109.795 101.539 59.9493 159.402 58.673 151.005 60.2758 23.7465 90.7293 52.2768 38.4525 31.9815 45.7188 26.0487 19.6701 25.5124 8.2553 1.4439 0.660135 8.39647 82.4803 22.9607
internal_count=19072 6273 222 12799 1713 1647 11086 9365 8548 7660 6521 1721 6510 1610 631 247 979 497 482 393 417 232 185 313 888 473 113 111 1525 284
is_linear=0
shrinkage=0.05


Tree=198
num_leaves=31
num_cat=0
split_feature=7 4 4 5 10 9 6 0 6 6 4 11 1 0 5 6 4 5 3 4 6 4 3 5 11 0 1 4 4 4
split_gain=3.80705 2.60654 2.55635 2.56278 2.54333 1.96364 4.20177 3.06392 3.18611 2.37575 2.4679 2.20871 3.82897 5.14969 3.14468 2.39536 2.09721 2.47914 1.79732 2.28546 2.49448 1.81441 1.98601 1.93988 3.39227 1.74452 2.5038 1.70265 2.2045 2.0767
threshold=1.5000000000000002 14.013217233633689 16.013112795385876 482.37155025133239 1.0000000180025095e-35 1.0000000180025095e-35 6.5000000000000009 147.29836231194011 4.5000000000000009 5.5000000000000009 24.780951969158227 1.0000000180025095e-35 2.5000000000000004 911.89367059962524 131.8323138609675 1.0000000180025095e-35 33.836612598807839 15.098442361495461 16.543850586891953 19.480107844321832 2.5000000000000004 33.836612598807839 25.699227770033115 700.2758467285164 1.0000000180025095e-35 528.34784060779043 7.5000000000000009 77.644487335899868 62.768335843661987 95.853230003565855
decision_type=2 2 2 2 2 2 2 2 2 2 2 2 2 2 2 2 2 2 2 2 2 2 2 2 2 2 2 2 2 2
left_child=1 -1 3 -3 5 6 7 8 -4 10 -7 12 15 14 -14 -9 -12 -18 19 20 -6 -20 23 24 -23 26 -16 28 -13 -29
right_child=-2 2 4 -5 18 9 -8 11 -10 -11 16 27 13 -15 25 -17 17 -19 21 -21 -22 22 -24 -25 -26 -27 -28 29 -30 -31
leaf_value=-0.02854362020736664 0.018351006911095497 0.01152240592188101 -0.012028038214049068 0.1117499107428043 0.084917043208434365 0.03491328047300471 -0.040852970610394383 0.030778920323428102 -0.055886360212530933 0.025865021450909822 -0.040142563219929345 0.0023207203046897705 -0.0064561864689110585 0.041214054691931894 -0.049511155373122478 -0.0014908221031979751 0.038832458289910672 -0.0017366705255729442 0.029699773324611968 -0.038888538304589382 -0.029335322562864093 -0.061027315084534073 0.0044516143570278487 -0.077884942576048194 0.023113126496223262 -0.020352894614458467 0.10325322880897965 0.031848067835163023 -0.04390213767312829 0.0036067932130472314
leaf_weight=8.169276051790801 28.049329659086652 1.756246380056836 29.947045623564918 1.0014830911750321 0.91440293320920218 4.8573865079088128 8.2301349703557189 6.8333138168090946 4.8053782475835751 9.6229555828613211 3.4028202950721598 6.9549511226359737 20.656164084080956 3.5722654485143712 12.145660683694587 36.296919662738219 3.905895856965798 104.93688107593334 6.8888179354544254 5.0715372872946318 1.0004097026831003 1.9661905902830756 217.77843598995969 1.3190938664411076 3.0656358762644231 13.903041062905684 0.2742793812867611 7.1386053203605107 4.1002376237884164 73.859834077069536
leaf_count=596 317 74 2571 82 41 112 322 80 482 194 128 93 619 20 2779 1452 40 1973 274 245 67 174 5150 105 30 325 50 86 54 739
internal_value=0 -0.000492181 -0.000107817 0.0479205 -0.000331003 -0.00300947 -0.00577577 -0.00446644 -0.0180925 0.00198319 2.07007e-05 -0.0019169 -0.00732177 -0.0166588 -0.0210594 0.00362182 -0.00148926 -0.00028082 0.00366911 -0.0213164 0.0252249 0.00442471 0.00364786 -0.0239135 -0.00976482 -0.0325188 -0.0461375 0.00358355 -0.0148228 0.00609577
internal_weight=0 604.375 596.206 2.75773 593.448 355.444 228.718 220.488 34.7524 126.726 117.103 185.735 93.6816 50.5514 46.9791 43.1302 112.246 108.843 238.005 6.98635 1.91481 231.018 224.129 6.35092 5.03183 26.323 12.4199 92.0536 11.0552 80.9984
internal_count=19274 18957 18361 156 18205 12119 9672 9350 3053 2447 2253 6297 5325 3793 3773 1532 2141 2013 6086 353 108 5733 5459 309 204 3154 2829 972 147 825
is_linear=0
shrinkage=0.05


Tree=199
num_leaves=31
num_cat=0
split_feature=9 0 7 5 5 5 4 3 0 6 8 0 8 8 4 6 0 0 3 2 7 8 0 3 4 1 8 4 4 4
split_gain=4.1142 3.26804 3.3482 3.10968 3.055 2.65847 2.64387 5.13537 3.69528 3.44652 3.51137 3.72195 3.51529 3.40556 3.22009 2.70129 3.60085 3.69466 2.62096 2.41612 2.352 2.30297 2.37404 3.31321 3.44941 4.15627 3.90867 3.02196 3.44109 3.62199
threshold=1.0000000180025095e-35 22.453479342932898 1.0000000180025095e-35 48.189108096727203 29.944589637884032 15.098442361495461 127.19406226566473 67.018680526331664 214.26605214577887 2.5000000000000004 0.31607229904803352 171.00193170271589 0.09254409457536103 0.19486903047719648 91.376795818738529 4.5000000000000009 318.78149770147076 410.74290287154946 82.512686276823246 2.5000000000000004 1.0000000180025095e-35 0.53795192865857411 82.339387244063758 26.110229689101082 47.110646438513406 5.5000000000000009 0.38856892835609974 25.402703732331318 34.409300540024802 56.713167195429143
decision_type=2 2 2 2 2 2 2 2 2 2 2 2 2 2 2 2 2 2 2 2 2 2 2 2 2 2 2 2 2 2
left_child=1 -1 21 4 5 -2 8 -8 9 -5 11 13 -13 -11 19 -9 20 -18 -16 -10 -17 22 -3 27 25 26 -25 -24 -29 -30
right_child=3 2 -4 6 -6 -7 7 15 14 10 -12 12 -14 -15 18 16 17 -19 -20 -21 -22 -23 23 24 -26 -27 -28 28 29 -31
leaf_value=-0.063291245711445232 0.027135098581116898 -0.0268635548991779 0.0030857571411065741 -0.026802596956953972 0.042074592871254229 -0.015049529986714367 0.055986550206984634 0.0089876560243554084 0.00088602160195447766 0.010991412093299749 0.041702601931770035 -0.082133298415680719 0.002526135134411044 -0.036412938391055513 -0.016379884301990263 -0.012413904500665521 0.042794827591432411 -0.014591199045408142 0.030364435317313983 0.055778178578185914 -0.065608671245139083 0.029234939265963069 -0.061165732907248388 -0.088527666054424789 -0.006209437338208109 0.034797558753454735 0.048007371175990333 0.073847417427472348 -0.028673291367280682 0.090576113497284644
leaf_weight=2.3077516541816285 7.6929117287509161 14.527015046005543 128.51632230945688 22.473731933714589 10.269315474899484 7.2587717426940799 5.1790487899561404 82.952080089657102 3.1281242151453643 17.919839862472156 4.1424014135263851 2.917571533995214 2.1150732019450516 4.8045216845348468 10.081548644637222 4.5966272859368491 4.3890953381778655 7.7703585237031803 4.2684144484228446 5.5816009554546326 3.7923699896782637 4.4105364084243766 0.86850431714265042 3.7040618117025579 256.35461393095466 1.2357354151172328 0.6105875908397137 3.3401652217216906 2.4733973696420439 0.85751997744955577
leaf_count=239 79 1698 2690 694 116 85 90 1125 121 592 70 69 77 122 183 86 56 91 87 93 36 45 137 378 9319 91 7 253 388 45
internal_value=0 -0.00395491 -0.00362645 0.00460109 0.021077 0.00665522 0.00236836 0.00739862 -0.00469178 -0.011805 -0.0012389 -0.00764741 -0.0465534 0.000968898 0.0120807 0.00496734 -0.0112623 0.00612295 -0.00247573 0.0360635 -0.0364614 -0.00661772 -0.00717457 -0.00611304 -0.00705377 -0.0460506 -0.0692059 0.0265651 0.0379868 0.00202658
internal_weight=0 419.206 416.898 211.333 25.221 14.9517 186.112 108.68 77.4328 54.3731 31.8994 27.757 5.03264 22.7244 23.0597 103.501 20.5485 12.1595 14.35 8.70973 8.389 288.382 283.972 269.445 261.905 5.55038 4.31465 7.53959 6.67108 3.33092
internal_count=19162 15290 15051 3872 280 164 3592 1484 2108 1624 930 860 146 714 484 1394 269 147 270 214 122 12361 12316 10618 9795 476 385 823 686 433
is_linear=0
shrinkage=0.05


Tree=200
num_leaves=31
num_cat=0
split_feature=7 11 0 5 3 0 8 9 4 4 8 8 6 3 4 5 4 6 5 8 6 4 6 11 3 1 0 5 5 6
split_gain=3.63644 4.24465 3.00636 2.87937 2.57894 2.26643 3.77239 2.81372 3.23925 2.53459 2.21144 2.3992 2.19717 2.21224 2.15856 2.48691 5.23172 3.97087 3.03763 2.64545 3.18997 4.11625 2.64779 2.496 3.02852 2.56893 2.36877 2.28625 2.15023 2.12304
threshold=1.0000000180025095e-35 1.0000000180025095e-35 768.91860587039787 104.46919254021928 150.11752222297039 356.69108710262157 0.18937277146118056 1.0000000180025095e-35 135.47297050694061 91.376795818738529 0.034501397690183018 0.027810352698447727 2.5000000000000004 29.564461079363806 424.90480886809797 258.39266763499359 319.52371977156025 2.5000000000000004 207.06372551566486 0.24049502789834709 1.5000000000000002 179.85180817048021 4.5000000000000009 1.0000000180025095e-35 191.60606137195032 2.5000000000000004 196.32490489832685 729.15694050370564 227.95329400478107 2.5000000000000004
decision_type=2 2 2 2 2 2 2 2 2 2 2 2 2 2 2 2 2 2 2 2 2 2 2 2 2 2 2 2 2 2
left_child=1 -1 3 4 29 7 -7 10 9 12 11 -3 -9 -14 15 16 17 -5 26 20 21 -17 -21 24 25 -22 -19 -16 -20 -2
right_child=2 5 -4 14 -6 6 -8 8 -10 -11 -12 -13 13 -15 27 19 -18 18 28 22 23 -23 -24 -25 -26 -27 -28 -29 -30 -31
leaf_value=-0.007892650648962881 0.029692736519005575 -0.012123330348405684 0.050765817541141546 -0.042912207312466692 0.046241216049216272 0.0069241996338035242 0.054740288445979439 -0.0055380269505048334 0.041001984221354738 -0.01672602869143696 -0.002243593079519136 -0.063077335430276674 0.0084381362475430665 0.045050846804441241 0.033112849113196771 -0.0046105634907010829 -0.075401667149415874 -0.0054029599584251332 -0.069335470204144892 0.026617122259351034 -0.048274148994857012 0.074037465231257579 -0.014462000811089804 0.0038138308021464745 0.027485468264160123 -0.012750917618366589 0.040876803992971111 -0.0053974708768687327 0.0010202082755013384 0.0015340723996050895
leaf_weight=245.72181384363648 9.8706770865246671 9.7528833711985481 3.5092536648735395 5.5975857101439095 6.080718472832813 32.295692617073655 4.7288249911507583 10.770252297632398 7.1235342323780051 10.442239518277345 112.40444858092815 3.0272875722730523 10.171727618202569 6.9413049705326548 9.8040461631026137 3.7158724470209554 3.1957094150129697 5.0215194253541977 1.8838239590404544 17.178290230105635 6.3939138654823209 3.0123583153472282 5.0834704738808787 36.105197381461039 3.7609533580252892 24.945452146785101 6.1525887081807014 6.3503037039190522 2.5642087733285734 20.798135534394532
leaf_count=13488 114 188 55 131 66 346 107 82 86 71 1303 53 70 57 91 151 28 136 38 243 341 44 87 289 49 1050 103 73 79 295
internal_value=0 -0.00344519 0.00493766 0.00403169 0.0164947 0.00181749 0.0130313 -0.00061572 0.0100402 0.00428537 -0.00448442 -0.024193 0.0121541 0.0232888 0.000777977 -0.00145133 -0.0157605 -0.00677848 0.00616864 0.00203549 -0.00230673 0.0306017 0.0172367 -0.00541626 -0.0149106 -0.0199984 0.0200792 0.0179744 -0.0287767 0.0105969
internal_weight=0 453.38 181.024 177.515 36.7495 207.658 37.0245 170.634 45.4491 38.3255 125.185 12.7802 27.8833 17.113 140.765 124.611 24.4154 21.2197 15.6221 100.196 77.9337 6.72823 22.2618 71.2055 35.1003 31.3394 11.1741 16.1543 4.44803 30.6688
internal_count=19314 15851 3463 3408 475 2363 453 1910 366 280 1544 241 209 127 2933 2769 515 487 356 2254 1924 195 330 1729 1440 1391 239 164 117 409
is_linear=0
shrinkage=0.05


Tree=201
num_leaves=31
num_cat=0
split_feature=6 11 4 3 2 8 8 8 10 4 1 8 6 6 4 6 9 7 4 0 8 1 7 8 10 6 8 8 4 10
split_gain=3.27405 2.58351 3.22869 3.94465 3.27098 2.52038 2.49209 2.561 6.69971 2.28959 3.64709 4.09225 2.59982 2.53435 2.50185 3.51982 2.2647 3.33353 2.08076 2.03798 2.29308 2.15155 1.9597 1.90782 1.84064 2.35667 3.67516 2.25924 1.82985 1.75809
threshold=1.0000000180025095e-35 1.0000000180025095e-35 124.02569848779112 65.990752329922273 3.5000000000000004 0.48630674657002987 0.076289968847360168 0.080857112005280923 1.0000000180025095e-35 401.96339663173177 1.5000000000000002 0.18937277146118056 3.5000000000000004 1.5000000000000002 513.19282286928512 3.5000000000000004 1.0000000180025095e-35 1.0000000180025095e-35 468.65412103367095 590.73200103323086 0.28140724848485321 1.5000000000000002 1.0000000180025095e-35 0.095585063359161768 1.0000000180025095e-35 6.5000000000000009 0.11087785298531251 0.20354962111322653 119.48611114956293 2.5000000000000004
decision_type=2 2 2 2 2 2 2 2 2 2 2 2 2 2 2 2 2 2 2 2 2 2 2 2 2 2 2 2 2 2
left_child=19 2 4 16 6 9 -2 8 -8 29 12 13 -11 -12 15 -15 17 -4 22 20 21 -1 -3 -16 25 27 -27 -9 -29 -5
right_child=1 18 3 5 -6 -7 7 24 -10 10 11 -13 -14 14 23 -17 -18 -19 -20 -21 -22 -23 -24 -25 -26 26 -28 28 -30 -31
leaf_value=0.039798823623125396 -0.041103416111882389 -0.00018589713806262145 -0.050370165822898418 -0.0074923384821223007 0.013218315956541785 0.037939166972460671 0.24451438648652807 -0.051003967613500102 -0.058361966560208325 -0.019505288557583347 0.03488393500372821 0.035304191831440755 0.0081691858025219628 -0.042392890088249431 -0.0086222351123836621 0.010872417923045254 0.058091564675121304 0.043291082999030651 0.036524721390605606 0.048749365056356235 0.032886658677078413 0.0017648025211773725 0.010723199877615795 0.029800684379483168 -0.0050364486947416607 0.16489440548895773 -0.051652037600004266 -0.013316899073241767 -0.085316135824713424 0.030116352966214156
leaf_weight=4.0442766203195779 9.7306907906277029 188.24472641607281 1.5926928754633976 151.17728296427958 9.7964116172515769 3.7910249787382773 0.33432218897360044 7.0463504986182732 0.40229010698385537 21.047101693373406 5.1491554024396491 14.226115580182521 14.220111536968032 7.1819000315736066 6.0601005455246177 5.4589413874200545 4.2512695761397481 2.3542651504394598 4.4975541444728142 3.3943578740581861 8.5191141096875054 46.135148165165447 52.689963625045493 6.9196308455429971 24.243098591439775 0.40769972134876198 0.37722811962885316 15.954270315167378 0.93413846025941971 3.1726732109673312
leaf_count=51 3061 2116 318 4992 1014 37 98 1942 41 344 57 119 199 111 80 62 78 61 131 44 88 768 507 63 1546 27 85 1074 25 37
internal_value=0 -0.00101934 -0.00400976 -0.00133124 -0.0135513 -0.00250392 -0.017964 -0.0134335 0.0791029 -0.00315742 0.00369223 0.0131282 -0.00834665 0.00287527 -0.00355775 -0.0193903 0.0327702 0.00549651 0.00282882 0.0110804 0.00890213 0.0048302 0.00219981 0.0118614 -0.0148257 -0.0244262 0.0608244 -0.0272219 -0.0172993 -0.00671929
internal_weight=0 561.261 315.829 246.602 69.2265 238.404 59.4301 49.6994 0.736612 234.613 80.2631 44.9958 35.2672 30.7697 25.6206 12.6408 8.19823 3.94696 245.432 62.0929 58.6985 50.1794 240.935 12.9797 48.9628 24.7197 0.784928 23.9348 16.8884 154.35
internal_count=19176 18225 15471 6558 8913 6101 7899 4838 139 6064 1035 492 543 373 316 173 457 379 2754 951 907 819 2623 143 4699 3153 112 3041 1099 5029
is_linear=0
shrinkage=0.05


Tree=202
num_leaves=31
num_cat=0
split_feature=9 5 5 0 5 5 5 3 5 7 2 8 3 10 8 7 0 5 3 8 0 8 3 8 0 0 8 6 8 5
split_gain=3.13693 3.79627 3.27512 3.92724 2.63597 2.91127 3.79108 2.7768 4.7 3.45293 3.06176 2.69173 2.65573 5.20364 4.57681 3.22982 2.64263 2.58389 2.51449 2.59087 2.47665 2.37072 2.3114 2.29782 3.16041 2.27709 2.56023 3.63086 3.314 2.06088
threshold=1.0000000180025095e-35 2808.4062165847231 1456.2475306957538 253.02402919446965 3179.2170109759963 1525.878940579423 1874.4300845727814 68.296316874705454 1107.837610865399 1.0000000180025095e-35 5.5000000000000009 0.20354962111322653 65.990752329922273 1.0000000180025095e-35 0.10968162222283069 1.0000000180025095e-35 659.79922001898865 2098.8298831169977 64.160316705215962 0.019651884435810851 22.453479342932898 0.22272344595763563 61.351219405450912 0.32549435132716659 135.988274271542 171.00193170271589 0.043231676413612564 3.5000000000000004 0.17464724615369837 48.189108096727203
decision_type=2 2 2 2 2 2 2 2 2 2 2 2 2 2 2 2 2 2 2 2 2 2 2 2 2 2 2 2 2 2
left_child=4 2 29 17 5 7 12 8 10 -10 18 -6 14 -14 15 -7 -8 -4 19 22 -21 -16 -1 24 -9 26 -26 28 -28 -2
right_child=1 -3 3 -5 11 6 16 23 9 -11 -12 -13 13 -15 21 -17 -18 -19 -20 20 -22 -23 -24 -25 25 -27 27 -29 -30 -31
leaf_value=-0.052816760620947659 0.019792867336867279 0.060890030755460733 -0.057083955999180425 0.0045481181489313727 -0.076464195253248948 -0.058312729141544201 -0.0085990452013584746 -0.044795552714848919 -0.062937444894058392 -0.0025990572605594114 0.08516922881875294 0.0045426941602950263 -0.01104871591848567 0.056670775978072907 0.13562157270999817 0.062634711191943471 0.049114858941580262 -0.0051767323932715645 -0.032983958399662443 -0.056136290315941334 -0.0026303854384604787 0.043026512017499172 0.06850378799142641 0.012083794318208871 0.098621588534759455 -0.0026079135533919814 -0.021568186785087415 -0.0272123474111063 0.082253894469893493 0.0040696661349429895
leaf_weight=4.2832307469361686 24.005681986513082 2.9646275212871833 6.2445833002566378 12.741831277555319 2.424123208031232 1.0681432288838579 20.298018530396806 4.3265866317378814 6.8009459794156992 3.6401225470617646 0.89631106451270071 1.7773590516299007 7.2713764320942555 4.6513510197692085 1.7785096093502946 1.1422737463144583 2.1982199642807236 3.8916125608375296 8.997611669918113 2.2105676148348712 99.921235115652962 1.1307700940524226 0.43221278680721287 30.865855355310487 1.0318200053588942 208.15067591842671 1.1430469676924988 2.9351398299259017 2.3464653719565831 158.06839160789968
leaf_count=523 266 65 171 173 137 159 859 199 649 143 28 47 218 117 109 37 25 75 331 177 5541 63 24 341 89 5206 107 94 72 3110
internal_value=0 0.00471479 0.00390221 -0.0139286 -0.00278952 -0.00239297 0.0105162 -0.00374333 -0.0097614 -0.0419014 -0.00688687 -0.0421957 0.0283043 0.0153703 0.0584248 0.00418909 -0.00295953 -0.0371551 -0.00759912 -0.00546147 -0.00378848 0.099632 -0.0416966 -0.000691524 -0.00248443 -0.00163538 0.0255134 0.013772 0.0482453 0.0061427
internal_weight=0 207.917 204.952 22.878 421.722 417.52 39.5387 377.982 127.182 10.4411 116.741 4.20148 17.0424 11.9227 5.1197 2.21042 22.4962 10.1362 115.845 106.847 102.132 2.90928 4.71544 250.8 219.934 215.607 7.45647 6.42465 3.48951 182.074
internal_count=19155 3860 3795 419 15295 15111 1587 13524 7416 792 6624 184 703 335 368 196 884 246 6596 6265 5718 172 547 6108 5767 5568 362 273 179 3376
is_linear=0
shrinkage=0.05


Tree=203
num_leaves=31
num_cat=0
split_feature=6 11 5 9 4 10 0 0 4 0 3 3 0 5 0 8 5 0 5 8 6 0 8 6 8 5 9 4 5 3
split_gain=3.78714 3.6018 3.95075 2.70768 3.07799 2.37242 2.29939 2.94293 2.285 4.73361 3.26106 3.0581 4.59671 2.65825 2.577 2.68402 3.97858 2.5445 3.14512 3.00683 2.25453 2.54162 2.07773 2.03286 1.96784 3.48492 1.96068 3.1688 3.07384 2.40935
threshold=1.0000000180025095e-35 1.0000000180025095e-35 95.575446342287478 1.0000000180025095e-35 178.25804837161283 1.5000000000000002 81.077256582859192 98.732277390995264 202.5222388822545 827.96897245814819 125.33941643828676 125.33941643828676 298.51485135275499 331.74856976611983 106.36905442227021 0.10768351881947016 262.14497811965447 168.56804899919183 318.17616107178901 0.34306480269317402 6.5000000000000009 344.08874197906175 0.16666937735140785 6.5000000000000009 0.066032522230732443 298.08594692810499 1.0000000180025095e-35 147.84366976282482 561.30541040748778 91.869891813611972
decision_type=2 2 2 2 2 2 2 2 2 2 2 2 2 2 2 2 2 2 2 2 2 2 2 2 2 2 2 2 2 2
left_child=-1 2 -2 5 24 6 -3 22 9 10 13 12 14 17 -10 16 -16 18 -4 -19 26 -22 -8 -9 25 -5 -15 29 -29 -28
right_child=1 3 8 4 -6 -7 7 23 11 -11 -12 -13 -14 20 15 -17 -18 19 -20 -21 21 -23 -24 -25 -26 -27 27 28 -30 -31
leaf_value=0.012906617638876419 0.0045697650328333931 -0.017057525189019963 -0.032650615070386621 0.027258655185334942 0.051039435613183907 0.021930574201782908 0.0083287231500664121 0.0020101135246830592 0.057182766847570302 0.14815437242835905 -0.052012548447087005 -0.0066090974855571999 0.029432248430423413 -0.038253473091937468 0.12268798517291629 -0.060797544445743271 -0.070237514786075941 -0.0023252390378180345 0.15069932797293523 0.042359352725628178 -0.0020350378218983913 0.12043681370145756 0.065788403793347688 -0.025621799433654998 0.019800851571430564 -0.015671555807228798 -0.020311253348370521 -0.036901748654155082 0.0310241358450003 -0.079352773755956577
leaf_weight=63.201480689283926 101.85960605846776 17.244697732036002 6.753683869646923 7.2258219318464425 5.227642126963473 13.644635599106548 3.312336041009984 151.97807478590403 0.81245850145205878 0.44498953223228355 5.6249471695628008 119.84588117598469 14.327334183661149 13.955130554073547 0.55470959398371611 3.4783483316423371 0.5156455483083846 15.306001266988462 0.24228272310574528 4.9927698087412855 1.7478373675148753 0.55913854473328672 2.9965508552268147 6.9610491818748406 25.881668206304312 13.670967955142258 15.268007317557936 2.3591731335618515 5.664591999957338 1.9484303598874237
leaf_count=934 1917 307 1489 67 135 120 83 1599 19 2 295 2441 401 5564 34 150 113 1324 70 60 220 20 27 69 258 89 1168 54 121 54
internal_value=0 6.95995e-08 -0.00353798 0.00450934 0.0146524 0.00181988 0.000316246 0.00212931 -0.00738987 -0.0144367 -0.0154089 -0.0036089 0.0146536 -0.0124161 -0.0248412 -0.0394918 0.0297458 -0.00029675 -0.0263009 0.00866557 -0.0203866 0.0276483 0.0356205 0.00079992 0.0105861 -0.000826881 -0.0232139 -0.0148986 0.0110523 -0.0269931
internal_weight=0 564.404 316.261 248.143 52.0061 196.137 182.493 165.248 214.401 74.867 74.422 139.534 19.6885 68.797 5.36116 4.5487 1.07036 27.2947 6.99597 20.2988 41.5023 2.30698 6.30889 158.939 46.7785 20.8968 39.1953 25.2402 8.02377 17.2164
internal_count=19204 18270 15516 2754 549 2205 2085 1778 13599 10441 10439 3158 717 10144 316 297 147 2943 1559 1384 7201 240 110 1668 414 156 6961 1397 175 1222
is_linear=0
shrinkage=0.05


Tree=204
num_leaves=31
num_cat=0
split_feature=10 7 5 1 1 8 11 8 5 1 5 4 2 3 0 3 3 3 8 11 5 0 8 8 9 8 0 0 4 5
split_gain=3.43316 1.97966 3.1386 2.71418 2.20018 3.79669 3.06631 2.78189 2.56454 2.19626 4.22912 2.41377 5.11155 4.10655 3.19424 2.89824 4.42941 4.81262 2.48805 2.70338 2.57428 2.7292 3.54096 2.47088 2.87433 2.4004 2.35082 2.34614 2.30087 2.23879
threshold=1.0000000180025095e-35 1.0000000180025095e-35 20.77858595524712 3.5000000000000004 4.5000000000000009 0.24662626164387905 1.0000000180025095e-35 0.15001891189974478 522.38826844025732 5.5000000000000009 60.687455866829616 61.347212218961005 1.5000000000000002 34.109983005406001 171.00193170271589 49.120426894051612 44.476907718753957 40.735069003684941 0.53795192865857411 1.0000000180025095e-35 2226.7373054749592 341.46250648926923 0.20113311776375345 0.074617027837676667 1.0000000180025095e-35 0.057341221239804528 142.67428784417578 350.31167903817521 468.65412103367095 227.95329400478107
decision_type=2 2 2 2 2 2 2 2 2 2 2 2 2 2 2 2 2 2 2 2 2 2 2 2 2 2 2 2 2 2
left_child=1 2 3 -1 6 -6 -3 8 -8 11 -11 12 -4 -13 23 16 17 -15 19 20 21 22 -17 24 -14 -26 -24 -23 -29 -30
right_child=-2 4 9 -5 5 -7 7 -9 -10 10 -12 13 14 15 -16 18 -18 -19 -20 -21 -22 27 26 -25 25 -27 -28 28 29 -31
leaf_value=-0.0014375395066479504 0.0045989241953535934 -0.00033088713685791842 0.012019117368511167 0.039892761833302932 -0.02443704081079881 0.026440323876219252 0.028946697168793962 0.049779794027731541 -0.0044005196287085369 0.064630272775349926 -0.00014275807876687298 0.055723815632373802 -0.061068956543870435 -0.033488043480078528 -0.080595572257892489 -0.045181539754828082 -0.065466446942006498 0.054826647400081342 0.039806660809980465 0.00069326598264633896 -0.053317771587028134 0.04328924740248271 0.056191077040245244 -0.036358494548751973 -0.0021875429621651616 0.084326391686037019 -0.014163501776739315 -0.013439236929962224 0.032627706122866848 -0.0029692195897585926
leaf_weight=9.4280239142244699 251.09287255707022 61.572772653031279 8.4196369130550028 6.8645155331469132 15.338496655764176 4.8188962271669871 11.023503732518298 5.9750023822416543 12.087080431636421 2.9053057950222891 19.001743942611938 2.6501542416590373 1.2142786049335033 4.7101931509459956 3.1236343026030218 11.078394595824649 5.2036835749895545 2.2938541873882059 2.99890805594623 80.410683759720996 3.573077047498372 2.4609304959594729 1.2847393866686641 14.419094372446123 2.287191074341536 1.2345397805620448 15.661083161568966 41.805850765580544 5.9592503013554987 17.067480831523426
leaf_count=171 6399 1479 571 128 455 79 107 94 101 52 1065 212 501 294 144 2318 268 201 27 854 196 83 97 1072 104 35 554 1266 71 229
internal_value=0 -0.00294801 -0.00528675 0.0159761 0.00266705 -0.0122741 0.00598914 0.0193683 0.0115057 -0.00667377 0.00844742 -0.00812758 -0.0211694 -0.00609692 -0.033712 -0.00693922 -0.0305247 -0.00456462 -0.00535982 -0.00611525 -0.0116514 -0.0100895 -0.0232001 -0.0260667 0.00526735 0.0281398 -0.0088296 -0.00462968 -0.0064486 0.00624316
internal_weight=0 376.872 266.056 16.2925 110.816 20.1574 90.6584 29.0856 23.1106 249.764 21.907 227.857 30.6984 197.158 22.2787 194.508 12.2077 7.00405 182.3 179.301 98.8908 95.3177 28.0242 19.1551 4.73601 3.52173 16.9458 67.2935 64.8326 23.0267
internal_count=19227 12828 10513 299 2315 534 1781 302 208 10214 1117 9097 2427 6670 1856 6458 763 495 5695 5668 4814 4618 2969 1712 640 139 651 1649 1566 300
is_linear=0
shrinkage=0.05


Tree=205
num_leaves=31
num_cat=0
split_feature=0 8 10 8 0 7 6 0 8 4 11 8 5 4 5 5 5 5 3 4 1 7 0 5 0 0 5 4 5 4
split_gain=2.97516 3.09218 2.85101 2.65003 2.70617 2.6428 2.67023 2.76207 2.69297 2.6433 2.05665 3.52267 3.43932 3.34614 3.11289 3.4505 4.92107 2.9923 2.85923 2.47313 2.19045 2.62274 2.30117 3.45467 3.40804 2.19507 2.49782 2.17557 2.0837 2.06385
threshold=363.57042018080693 0.19102510471745657 2.5000000000000004 0.18605031885911047 369.51829910042409 1.5000000000000002 6.5000000000000009 171.00193170271589 0.10968162222283069 62.039797383406999 1.0000000180025095e-35 0.23282356440462168 460.76159589843809 62.768335843661987 82.404682532486291 1045.3639886817125 1207.3699340141209 15.098442361495461 30.061116019695156 69.847360165456905 4.5000000000000009 1.0000000180025095e-35 134.55865334122498 196.27424095149334 167.06923778442396 76.920725141684656 522.38826844025732 48.451553160377664 927.59982943455964 178.25804837161283
decision_type=2 2 2 2 2 2 2 2 2 2 2 2 2 2 2 2 2 2 2 2 2 2 2 2 2 2 2 2 2 2
left_child=2 3 5 4 -2 6 10 8 -8 -7 13 14 19 -1 -12 20 -17 -15 -19 -13 21 22 23 -16 -24 -25 -27 -14 -29 -26
right_child=1 -3 -4 -5 -6 9 7 -9 -10 -11 11 12 27 17 15 16 -18 18 -20 -21 -22 -23 24 25 29 26 -28 28 -30 -31
leaf_value=-0.025334191445823065 0.041239489601026594 0.013851131862656513 0.029081853022322818 -0.041049100184006641 0.00079994890858979322 0.04457240668720281 0.060329366295317648 -0.041431286634651336 -0.030829008584689611 0.0038667117331301509 0.01681744959206647 0.01194446743587751 0.024644139816854455 0.019192283657552198 -0.059449099103837881 0.041655453731879788 -0.0015422472956943072 0.0762038044365701 -0.007590828276945967 0.050094516830314066 -0.023223900797275029 0.0091455537728005274 0.025702984612234969 0.012057358757248629 -0.021274176938637288 -0.0040756992677388687 -0.063075724625098917 -0.025071470052006242 0.011539714628008796 0.0010656700270000837
leaf_weight=22.501424998921721 4.2595042321336214 66.530840681574773 7.0763273552292949 3.6697565565700634 143.81947737521841 5.3880117323715266 1.5427496317315665 8.8682250397687294 1.7061599238732013 15.350844285916535 17.734730209689587 8.7292574865277874 6.6891930773854282 12.129623387008904 5.4708764574024853 8.2240142491646093 33.241721203085035 1.0268408442134376 118.53224868691541 8.275313090067355 24.061436624033377 21.158045206218958 7.465258094482123 5.4501132129225862 22.448026980739087 4.099745187908411 3.1894928888650611 9.0534352809190732 6.8095666789449742 19.16502208262682
leaf_count=4695 124 863 117 49 2745 109 132 245 105 151 197 68 46 157 69 84 345 101 7473 100 318 164 88 114 240 78 55 72 61 150
internal_value=0 0.00486347 -0.00237689 0.000923025 0.0019632 -0.00293578 -0.00389029 -0.0269823 0.0124577 0.0144422 -0.00312465 7.97567e-05 0.0135315 -0.0075152 -0.00301914 -0.00530392 0.00702527 -0.00447049 -0.00687115 0.0305103 -0.00984794 -0.00620908 -0.0110372 -0.0262168 -0.00540484 -0.0119453 -0.0298919 0.000729283 -0.00935526 -0.0109855
internal_weight=0 218.28 405.388 151.749 148.079 398.311 377.573 12.1171 3.24891 20.7389 365.455 211.265 39.5568 154.19 171.708 153.974 41.4657 131.689 119.559 17.0046 112.508 88.4466 67.2885 18.2102 49.0783 12.7394 7.28924 22.5522 15.863 41.613
internal_count=19315 3781 15534 2918 2869 15417 15157 482 237 260 14675 2249 347 12426 1902 1705 429 7731 7574 168 1276 958 794 316 478 247 133 179 133 390
is_linear=0
shrinkage=0.05


Tree=206
num_leaves=31
num_cat=0
split_feature=6 9 4 4 6 11 2 8 11 4 5 0 1 7 4 5 8 5 1 4 6 5 5 5 8 5 8 7 6 8
split_gain=4.68164 3.19715 3.02832 3.02496 2.98178 2.96729 2.78816 2.0603 2.83743 3.7046 2.7019 4.31681 3.38105 4.35581 4.51621 3.85658 8.85984 3.95361 2.68024 2.95173 5.07693 4.16332 4.29454 3.50812 2.95508 2.57835 4.47443 2.87468 3.93033 4.13924
threshold=1.0000000180025095e-35 1.0000000180025095e-35 187.45557053876735 172.46687954774572 8.5000000000000018 1.0000000180025095e-35 3.5000000000000004 0.095585063359161768 1.0000000180025095e-35 116.3265454837621 1554.0014780104525 232.74816325555886 4.5000000000000009 1.0000000180025095e-35 178.25804837161283 494.58070687665804 0.25570061027820162 692.168503015596 1.5000000000000002 252.98999883371349 5.5000000000000009 851.98675350790995 327.39262444594067 146.89441876424289 0.19282326158691365 290.229454476272 0.32074097985257727 1.5000000000000002 2.5000000000000004 0.16372543332077547
decision_type=2 2 2 2 2 2 2 2 2 2 2 2 2 2 2 2 2 2 2 2 2 2 2 2 2 2 2 2 2 2
left_child=6 4 3 -3 7 -4 -1 -2 9 -9 12 -12 13 14 15 16 -10 -17 -11 25 21 22 23 -21 -24 26 27 28 29 -20
right_child=1 2 5 -5 -6 -7 -8 8 10 18 11 -13 -14 -15 -16 17 -18 -19 19 20 -22 -23 24 -25 -26 -27 -28 -29 -30 -31
leaf_value=0.016990581022294077 -0.0085068799059370738 0.0016691556613902708 0.0098530447774711725 -0.030988308410508134 -0.065947197831390109 0.050346373778730691 -0.022766128891335044 -0.025394804387789949 -0.028368953307385505 -0.018564068439301064 0.0025080026499090143 0.060242495032307365 0.017588519130213979 0.024645219447110494 0.01170707441355379 -0.07650363431652131 0.035416810014721377 -0.02170000960839329 -0.044004413714629508 0.014660494923385899 0.056787814912818584 -0.0202624620833372 0.0044126742179681636 -0.027227100595588073 0.054091216461098005 -0.02523145668078149 0.031362215523263466 0.04377272106703705 -0.040942603052036002 0.040615733192697803
leaf_weight=56.064816220809007 120.13781081068737 108.26792962136096 67.584272263105959 7.587726848316378 1.9002354159129016 4.8486830182373515 4.7864744645776218 19.770403400016221 15.025325032765979 19.94768358500005 7.7800308892037702 5.5453853132203221 26.908076076069847 11.656461842358111 18.357576389797032 4.5398495582630884 8.5372259179130179 11.962318761739878 2.2560589877684878 14.022381706046874 5.1148505151213604 12.605593827043775 4.6956673766544546 7.7673813518485977 8.2576186191290599 14.684220363902567 8.259761054418048 1.9637799374759204 9.3567385488495329 4.0206073020672193
leaf_count=866 6773 2631 794 113 61 136 80 3647 164 464 88 52 261 143 233 58 66 118 102 126 67 234 131 120 95 1167 72 11 292 106
internal_value=0 -0.000747925 0.00454414 -0.000469677 -0.00347734 0.0125637 0.0138634 -0.00315048 -0.000502683 -0.00542804 0.00542328 0.0265343 0.00252275 -0.00326203 -0.00883011 -0.0182402 -0.00525798 -0.0367768 -0.00193319 0.00163381 0.00946406 0.0043519 0.0132826 -0.000271146 0.0360824 -0.00849916 0.00100316 -0.0132468 -0.0204092 0.0102002
internal_weight=0 553.362 188.289 115.856 365.073 72.433 60.8513 363.173 243.035 132.723 110.312 13.3254 96.9868 70.0788 58.4223 40.0647 23.5626 16.5022 112.952 93.0047 52.4635 47.3486 34.743 21.7898 12.9533 40.5412 25.8569 17.5972 15.6334 6.27667
internal_count=19271 18325 3674 2744 14651 930 946 14590 7817 6634 1183 140 1043 782 639 406 230 176 2987 2523 773 706 472 246 226 1750 583 511 500 208
is_linear=0
shrinkage=0.05


Tree=207
num_leaves=31
num_cat=0
split_feature=7 0 5 8 10 0 6 0 4 4 8 4 0 1 4 4 2 1 9 4 4 2 0 3 8 5 0 8 4 4
split_gain=5.28489 3.5352 4.7693 3.10588 2.67774 2.93775 2.77283 2.39 2.34815 5.60299 5.08065 3.93043 2.64626 2.33331 2.31491 2.75109 2.25431 2.23993 3.25094 2.22413 4.83877 2.10305 8.58167 3.21102 3.08433 3.44827 3.66584 3.94142 2.58321 4.25296
threshold=1.5000000000000002 173.68140686059152 3179.2170109759963 0.013726451959960475 1.0000000180025095e-35 176.29293640864094 1.0000000180025095e-35 286.48174375485581 76.922498833604479 101.41411478473661 0.30195761175618901 75.299871956000345 157.37033059327041 4.5000000000000009 75.299871956000345 66.431020338877474 2.5000000000000004 2.5000000000000004 1.0000000180025095e-35 82.872007246535063 88.012693333711681 2.5000000000000004 206.88054870263278 49.610177114887868 0.042435979653471845 135.64076674203423 313.61660946715818 0.30195761175618901 158.28517812313302 136.59083997565554
decision_type=2 2 2 2 2 2 2 2 2 2 2 2 2 2 2 2 2 2 2 2 2 2 2 2 2 2 2 2 2 2
left_child=1 8 3 7 5 -5 13 -3 11 12 16 -1 19 17 15 -8 -11 -7 -19 -10 -21 28 23 -23 -24 -26 27 -27 29 -16
right_child=-2 2 -4 4 -6 6 14 -9 9 10 -12 -13 -14 -15 21 -17 -18 18 -20 20 -22 22 24 -25 25 26 -28 -29 -30 -31
leaf_value=-0.0050264018210237349 0.021216782378681291 -0.04516559536632625 -0.058648794230572732 0.046284089931345272 0.007080939359501888 0.026428207727755788 -0.0082867012104890954 -0.0069994080195120078 -0.063436564922580471 -0.018434759802047933 0.035694981197138535 0.071775373862166578 -0.082894613116499816 0.042456803077229092 -0.0063993665069747539 -0.055142593007407849 0.044109649594578026 -0.027620914517236375 0.028874605256840064 0.023507129078094574 -0.047104021227689093 0.16395004412644809 0.029447246558214651 0.046824311306836459 0.018493395721240143 -0.051407296804075797 -0.0013639664968225465 0.040474786022334522 -0.0015944388416655794 -0.045258092146808947
leaf_weight=95.01705130877599 26.979434018023312 5.768099930406609 3.3489219074472194 3.2350084920108193 166.93612834620581 7.8397289790446001 10.324377910823385 14.199549143871989 3.8634410213417167 23.837569129853371 6.2432751995511344 1.6955820448274597 3.0044573213890535 5.6452606118400572 25.886928492895095 4.497266770740679 1.5333825142952253 7.4604540623840858 3.8658317601075396 4.0461471799717383 6.0599931891265442 1.0587858203216449 8.7030283482599753 1.3081419177688074 13.549088787403887 7.9927838035073346 25.295976874738699 1.3667423097649587 117.92096951290296 9.6721966060213145
leaf_count=5713 322 290 123 89 3342 91 466 331 211 1109 109 78 178 80 1047 227 75 121 34 176 304 63 231 97 222 396 628 37 2554 321
internal_value=0 -0.00141203 0.000795187 0.00124504 0.00215561 -0.00106091 -0.00166776 -0.0180246 -0.00818519 -0.0171528 -0.00471146 -0.0036799 -0.0403247 0.0142044 -0.0033982 -0.022504 -0.0146547 0.0058828 -0.00833814 -0.0311692 -0.0188338 -0.00206719 0.00593202 0.0992176 0.00205205 -0.00289398 -0.0112557 -0.03799 -0.00515652 -0.0169691
internal_weight=0 591.176 445.875 442.526 422.559 255.623 252.388 19.9676 145.301 48.5883 31.6142 96.7126 16.974 24.8113 227.576 14.8216 25.371 19.166 11.3263 13.9696 10.1061 212.755 59.2745 2.36693 56.9076 48.2046 34.6555 9.35953 153.48 35.5591
internal_count=19065 18743 10790 10667 10046 6704 6615 621 7953 2162 1293 5791 869 326 6289 693 1184 246 155 691 480 5596 1674 160 1514 1283 1061 433 3922 1368
is_linear=0
shrinkage=0.05


Tree=208
num_leaves=31
num_cat=0
split_feature=6 5 8 11 4 4 8 0 5 2 7 0 0 0 2 5 3 6 8 8 2 8 8 5 4 8 0 0 4 0
split_gain=2.40251 2.56818 2.48063 3.66129 3.28626 3.27241 3.174 2.49106 2.33766 2.7295 2.24401 3.3217 9.91593 3.23771 4.9628 2.75643 2.85314 3.65186 2.81065 3.33104 2.58614 2.47772 2.73959 2.65926 2.4725 2.35987 2.35458 2.27778 2.89133 2.64082
threshold=1.0000000180025095e-35 8.8600072709364674 0.095585063359161768 1.0000000180025095e-35 413.23037711599858 302.69158581843345 0.10401577831321697 911.89367059962524 101.15873163407757 2.5000000000000004 1.0000000180025095e-35 113.08287443855083 123.25562229313566 117.78797054134327 1.5000000000000002 851.98675350790995 68.89713042828798 5.5000000000000009 0.053304800904674141 0.062153794365713368 2.5000000000000004 0.088173495344013808 0.023213852789568921 63.294302916361566 70.828595530721728 0.050914573234691084 827.96897245814819 497.8888219283329 330.89220876817257 387.54349178883723
decision_type=2 2 2 2 2 2 2 2 2 2 2 2 2 2 2 2 2 2 2 2 2 2 2 2 2 2 2 2 2 2
left_child=-1 -2 10 4 6 8 -4 -8 9 -5 11 -3 13 25 -15 16 17 -12 -17 -20 26 22 23 -22 -24 -13 -14 29 -29 -26
right_child=1 2 3 5 -6 -7 7 -9 -10 -11 15 12 20 14 -16 18 -18 -19 19 -21 21 -23 24 -25 27 -27 -28 28 -30 -31
leaf_value=0.0080432268654876682 0.019582975146089001 -0.037134213579595218 -0.058820339096870539 0.045584441757666599 0.0068368113078486857 0.046099430464871 -0.0074858710304581662 0.056336387000475642 0.0024983949203293554 -0.0055230871318159638 -0.021601062063371753 -0.029748203744355925 -0.019020717455437805 0.23693564401235423 0.048851178261040656 -0.034277092397634983 0.015149294117080356 0.035671375362568862 0.048494542356739119 -0.018143050665574093 0.03721090469949552 -0.052909483451355425 -0.03004319313925001 -0.033401817521740117 0.017384711208964756 0.092648810436540913 0.01483007621899831 -0.046147684096114562 0.02787849723158253 0.06692415672951435
leaf_weight=62.103439049969893 13.059377745143136 11.482558075658742 2.9955330015800419 6.9684621957130712 49.690934916725382 4.905745251919142 161.62805204038887 1.5435023875907052 121.24822915869299 4.1793166229035705 13.899328130370124 0.78397319589566838 69.01377873727688 0.65372690858202964 0.75666632943466539 10.13198443791771 31.182334176264703 3.4802240232966133 2.8733770456601615 5.3992187666008249 1.6500535244413201 2.0390689331470631 2.8319006486490279 6.946134416924906 9.83632258596481 0.79130240435188171 5.5502031929790965 2.544712950999382 2.7386833519558422 3.7028398069087407
leaf_count=948 211 1641 434 96 520 157 7223 11 1181 51 502 52 3373 35 72 271 489 111 47 178 29 99 254 340 577 51 40 69 39 129
internal_value=0 -0.0023272 -0.00285566 -0.00038451 -0.00444478 0.00599882 -0.00781845 -0.00688215 0.00451295 0.0264242 -0.00749062 -0.011546 -0.008871 0.0810025 0.13603 -0.00014359 0.00610138 -0.0101324 -0.0166214 0.00500264 -0.0113822 0.000438216 0.00403416 -0.0198476 0.0135145 0.031735 -0.016501 0.0200679 -0.00777572 0.0309333
internal_weight=0 554.508 541.448 353.16 215.858 137.302 166.167 163.172 132.396 11.1478 188.288 121.322 109.839 2.98567 1.41039 66.9665 48.5619 17.3796 18.4046 8.2726 106.854 32.2897 30.2506 8.59619 21.6545 1.57528 74.564 18.8226 5.2834 13.5392
internal_count=19230 18282 18071 9673 8188 1485 7668 7234 1328 147 8398 6800 5159 210 107 1598 1102 613 496 225 4949 1536 1437 369 1068 103 3413 814 108 706
is_linear=0
shrinkage=0.05


Tree=209
num_leaves=31
num_cat=0
split_feature=10 9 2 0 8 7 4 6 3 1 6 3 3 8 8 4 0 6 6 7 3 4 11 2 0 4 7 4 8 3
split_gain=3.00638 3.1902 2.70249 2.46313 2.54143 2.3332 2.16352 3.55764 2.36274 2.11765 4.78245 2.96577 5.93498 2.17729 2.19656 3.44378 6.85398 4.32416 4.93766 3.75928 2.99359 3.01194 2.95127 2.89767 2.25746 2.92418 2.22567 2.14837 1.93679 2.02491
threshold=1.0000000180025095e-35 1.0000000180025095e-35 4.5000000000000009 138.52634162139319 0.066823748389320883 1.0000000180025095e-35 239.37429057146636 3.5000000000000004 103.18211343735601 2.5000000000000004 1.0000000180025095e-35 81.677430362701855 77.380196741975553 0.38856892835609974 0.26799604066989879 135.47297050694061 208.24842146225927 3.5000000000000004 4.5000000000000009 1.0000000180025095e-35 40.252393502615185 122.96119678421546 1.0000000180025095e-35 1.5000000000000002 147.29836231194011 93.991093506451406 1.0000000180025095e-35 134.40259699268708 0.12985840016300579 99.183585630718667
decision_type=2 2 2 2 2 2 2 2 2 2 2 2 2 2 2 2 2 2 2 2 2 2 2 2 2 2 2 2 2 2
left_child=1 3 -2 -1 -5 -3 8 -8 -7 10 -6 12 13 14 15 16 17 24 19 -19 -18 -22 -17 -16 -11 -26 -20 -13 29 -29
right_child=2 5 -4 4 9 6 7 -9 -10 11 -12 27 -14 -15 23 22 20 18 26 -21 21 -23 -24 -25 25 -27 -28 28 -30 -31
leaf_value=-0.017524990002504834 0.0051269150106429111 -0.00022561261647915248 -0.039875445586742386 -0.01372887318021725 0.050584329136856121 0.0155765566225068 0.065722654724737595 0.0052355839267989347 -0.022945042582440761 0.068387333687282323 0.002145766460177936 -0.045971425477069026 0.071686818767056557 0.029632132134280204 -0.069281664469982226 -0.025504151353633122 0.056448199480214949 0.16793443014410847 -0.069332817560894586 0.042216682824733495 -0.053875072274170543 0.022756741348940686 0.058459908025577802 -0.0060957112192901938 -0.039560129973923358 0.03406905064262418 0.049967284793677763 -0.072201488576315961 -0.0036096909408949527 -0.018026024042731494
leaf_weight=39.147566783602088 238.89100756158587 94.759893022739561 3.3833011047827304 49.079428655790252 5.631108791101723 17.602326115942564 4.7926149500999582 4.9332481551682577 5.1438043925445518 0.95513824930822533 53.598317943527945 4.6365542908315538 3.0360206193072363 5.1343050998402751 2.8006290088524102 1.4076034976824292 0.82498048931301937 1.244213258483797 0.7408978875755563 1.1389783661143154 8.695113451794894 1.5040287762458309 4.0801725648343563 5.1528975908877328 3.9431629939463164 2.0492950839034165 0.82769893320801202 2.0245928315343908 32.421125650769682 11.648517150257247
leaf_count=3373 6232 2126 100 2331 68 320 50 51 52 72 1305 167 108 85 65 163 71 92 104 22 490 73 31 185 348 101 26 98 642 325
internal_value=0 -0.00267046 0.00449847 -0.00604358 -0.0038248 0.00373799 0.0153046 0.0350418 0.00686529 -0.000658014 0.00675096 -0.00531324 0.0042604 -0.000794233 -0.00521157 0.00150072 -0.00736607 0.0207502 0.0625083 0.107851 -0.0351642 -0.0425745 0.0369233 -0.028345 -0.00300178 -0.0143805 -0.00638193 -0.0135289 -0.0102656 -0.0260478
internal_weight=0 368.954 242.274 241.722 202.575 127.232 32.472 9.72586 22.7461 153.495 59.2294 94.2659 43.5351 40.4991 35.3648 27.4113 21.9235 10.8994 3.95179 2.38319 11.0241 10.1991 5.48778 7.95353 6.9476 5.99246 1.5686 50.7308 46.0942 13.6731
internal_count=19276 12944 6332 10345 6972 2599 473 101 372 4641 1373 3268 2036 1928 1843 1593 1399 765 244 114 634 563 194 250 521 449 130 1232 1065 423
is_linear=0
shrinkage=0.05


Tree=210
num_leaves=31
num_cat=0
split_feature=7 4 3 5 3 0 9 4 4 5 4 3 8 3 6 8 8 5 8 0 3 4 0 0 5 5 3 6 0 0
split_gain=2.95603 2.35909 5.05866 3.39949 3.01658 3.93855 2.62414 2.59442 3.24462 2.40441 2.34422 3.31031 2.49132 2.26583 3.72261 4.00674 2.06587 3.29413 1.77484 1.75731 2.77464 3.29979 2.09393 3.4776 3.29434 5.33931 3.27954 2.85199 3.48723 2.74093
threshold=1.0000000180025095e-35 413.23037711599858 195.18299822325702 2547.4159726516659 305.7583663969686 414.50548069464452 1.0000000180025095e-35 67.24101471827737 41.130990422422236 2163.4793247001744 391.34893849888459 280.98564738252611 0.020916004264648656 602.67791809631092 2.5000000000000004 0.097762074891255948 0.012898390999965002 107.51752735086231 0.097762074891255948 196.32490489832685 98.202557948100647 172.46687954774572 280.27556682458766 313.61660946715818 869.29975435984056 735.37545378128721 126.8089870296313 3.5000000000000004 227.81652570205446 266.60721225781668
decision_type=2 2 2 2 2 2 2 2 2 2 2 2 2 2 2 2 2 2 2 2 2 2 2 2 2 2 2 2 2 2
left_child=1 3 -3 6 5 -4 9 8 -5 10 11 12 16 14 -6 -16 17 -1 -9 20 21 -14 24 -24 25 26 29 -26 -29 -21
right_child=-2 2 4 7 13 -7 -8 18 -10 -11 -12 -13 19 -15 15 -17 -18 -19 -20 22 -22 -23 23 -25 27 -27 -28 28 -30 -31
leaf_value=0.041421755930287865 0.0055543619002483974 0.062566149462865372 -0.011032550771462113 -0.065533546790718267 -0.034214836240205014 0.027520986403915593 0.0026170760350678057 -0.092401163436350062 0.065269903066590473 0.028514981522780321 -0.042015802950261694 0.060181847134957681 -0.011618772149414204 0.022084740660897984 -0.030065175217746806 0.021242068624658935 -0.050301486558276244 -0.034386826485235181 -0.03341375463269472 -0.0093253136283303392 -0.045098353797095633 0.041118931523497437 -0.028499871409412087 -0.0023683306931589149 0.016804706816037178 -0.059481680053943067 0.040097857649081706 0.14254217679405071 0.021837960221207181 0.032331586403931876
leaf_weight=2.1457233460532716 173.8657782500959 3.7920773850928517 9.9224543953896518 0.79583608254324545 11.837975729489701 19.930213785264641 132.32899382093456 1.9794126452616181 1.1726870056081677 4.8863159510583491 4.6640843490167745 1.8623673281399522 59.584785211278358 5.5578055027872315 5.983999042480721 10.450621136464177 5.8073161659049219 4.3141014930733945 3.5843950213238713 20.893504722575024 5.8147090101047061 3.1214706130413097 15.042745620710773 82.875189040780242 6.6989223215641669 3.4293244954096727 5.8223362648568573 1.1617179332315575 1.2339753567794103 4.8690159305042462
leaf_count=85 3429 75 172 93 172 256 2887 116 68 227 88 39 4945 57 113 118 464 528 138 993 241 125 598 2230 373 137 131 61 82 142
internal_value=0 -0.00214244 0.00646276 -0.00369457 0.00312203 0.0147065 -0.00301132 -0.0369449 0.0123886 -0.00619113 -0.00693057 -0.00620223 -0.0067571 -0.00710039 -0.0128376 0.00256062 -0.0286607 -0.00920592 -0.0543995 -0.00548092 -0.0120574 -0.00899353 -0.0023081 -0.00638282 0.00673744 -0.000226601 0.00620702 0.0335489 0.0803698 -0.00145232
internal_weight=0 441.564 67.4751 374.089 63.6831 29.8527 366.557 7.53233 1.96852 234.228 229.341 224.677 222.815 33.8304 28.2726 16.4346 12.2671 6.45982 5.56381 210.548 68.521 62.7063 142.027 97.9179 44.1088 35.0142 31.5849 9.09462 2.39569 25.7625
internal_count=19183 15754 963 14791 888 428 14376 415 161 11489 11262 11174 11135 460 403 231 1077 613 254 10058 5311 5070 4747 2828 1919 1403 1266 516 143 1135
is_linear=0
shrinkage=0.05


Tree=211
num_leaves=31
num_cat=0
split_feature=10 8 8 8 9 0 8 2 7 4 3 0 8 8 4 4 11 4 3 7 1 1 9 4 8 8 3 6 4 0
split_gain=5.54778 3.97805 2.94912 2.22455 3.27349 2.04484 2.02531 2.43138 2.84073 1.85197 2.63855 3.71544 4.08754 1.75046 1.64662 1.59043 2.48161 3.23559 3.46517 3.13958 2.47233 2.22664 2.91085 4.30697 2.2102 2.10831 2.10533 2.0485 1.88238 2.6686
threshold=1.5000000000000002 0.30654995453809053 0.30195761175618901 0.33668849324947742 1.0000000180025095e-35 156.21492020976953 0.38856892835609974 2.5000000000000004 1.0000000180025095e-35 224.48087646357445 69.371156155012713 110.3174665012403 0.48630674657002987 0.32549435132716659 93.991093506451406 277.48010757076958 1.0000000180025095e-35 70.828595530721728 33.6216220278667 1.0000000180025095e-35 3.5000000000000004 2.5000000000000004 1.0000000180025095e-35 535.77843511707431 0.01045295758264273 0.29818974227332889 32.87765829981862 1.0000000180025095e-35 264.11624661860316 827.96897245814819
decision_type=2 2 2 2 2 2 2 2 2 2 2 2 2 2 2 2 2 2 2 2 2 2 2 2 2 2 2 2 2 2
left_child=1 2 15 4 5 -3 7 8 14 10 11 -8 -13 -7 -5 16 17 25 26 27 21 -17 23 -23 -20 -1 -19 -18 29 -26
right_child=-2 3 -4 6 -6 13 9 -9 -10 -11 -12 12 -14 -15 -16 20 19 18 24 -21 -22 22 -24 -25 28 -27 -28 -29 -30 -31
leaf_value=-0.03137322771750075 0.014422133840730307 -0.030049045943355557 -0.054701268276421258 -0.059704355565925619 0.054832303791034445 0.0042058396160747774 -0.015715734327291706 0.018044543621247546 0.017933536823826618 0.029516970665691446 -0.01710793177982017 0.061046103741683094 -0.0021449624977738515 0.044584123169858048 -0.01894833628462235 0.0025811865635832227 0.015966602290312271 0.022003223083816331 -0.054228530836154615 0.0097429608011436446 0.021125534590141003 -0.032883616729514994 0.013851980503794107 0.032813128601816337 -0.0065583907662749635 0.097307656874599219 0.17253610845074918 -0.0065802879480431819 -0.035067970444696957 0.060051845483878333
leaf_weight=19.202296599156401 56.027056791906944 2.6059666526562095 2.8255665430915533 3.4258949794457356 5.6996350237168363 7.337226887146242 5.8778216568171109 6.3812168897275106 4.0685969945043317 9.7319178072502819 9.4512689399998617 5.9734715280355868 4.4772358741611242 4.2323451698175631 8.9596601362572965 91.690234628971666 10.802975574741138 0.52850716191460279 2.5383398466510689 46.151856559037697 13.914584354846737 17.252642124483835 7.0947753186337641 2.9164522887440389 111.47456237852384 0.32367326633538951 0.41439231042022584 149.29334439325612 5.7167539767688131 1.5241933837532986
leaf_count=4883 1198 112 69 117 90 132 110 112 54 104 102 113 49 74 137 1654 97 79 321 413 181 311 74 30 6565 27 41 1715 163 12
internal_value=0 -0.00207734 -0.00376924 0.008384 0.0228311 0.00996419 0.00346279 -0.00815406 -0.0183144 0.0109329 0.00391732 0.0160871 0.0339741 0.0189769 -0.0302216 -0.00346994 -0.00524686 -0.0103406 -0.00732067 -0.00174669 0.00118363 -0.00114906 -0.0136941 -0.0233839 -0.00806315 -0.0292401 0.0881605 -0.00505887 -0.00707606 -0.00565991
internal_weight=0 561.887 483.665 78.2223 19.8752 14.1755 58.3471 22.8354 16.4542 35.5117 25.7798 16.3285 10.4507 11.5696 12.3856 480.84 347.971 141.723 122.197 206.248 132.869 118.954 27.2639 20.1691 121.254 19.526 0.942899 160.096 118.716 112.999
internal_count=19139 17941 16635 1306 408 318 898 420 308 478 374 272 162 206 254 16566 14316 12091 7181 2225 2250 2069 415 341 7061 4910 120 1812 6740 6577
is_linear=0
shrinkage=0.05


Tree=212
num_leaves=31
num_cat=0
split_feature=11 0 4 7 5 6 3 3 5 5 8 0 9 8 6 4 3 5 8 0 8 0 8 2 0 3 4 6 1 8
split_gain=3.23494 3.39187 2.54515 2.4358 2.85562 2.69597 2.8065 4.15328 3.36469 2.74568 2.28663 2.2548 2.16698 2.76261 2.79624 3.40818 3.79007 2.8763 3.27214 2.70787 2.62901 2.59056 2.45621 2.48317 2.42631 4.58861 2.18079 3.41786 2.11452 5.74115
threshold=1.0000000180025095e-35 34.741367250185043 380.79465458720659 1.0000000180025095e-35 2358.4341417416895 1.0000000180025095e-35 204.41304169419453 195.18299822325702 1045.3639886817125 1503.8146286017343 0.0043432043412107114 911.89367059962524 1.0000000180025095e-35 0.021648266887142106 1.0000000180025095e-35 143.44857799415368 398.29968040386956 82.404682532486291 0.12632562031172712 490.73192420107256 0.20546667961270573 606.53340188639982 0.28140724848485321 1.5000000000000002 490.73192420107256 166.12870473428788 245.83366822610969 1.5000000000000002 1.5000000000000002 0.09254409457536103
decision_type=2 2 2 2 2 2 2 2 2 2 2 2 2 2 2 2 2 2 2 2 2 2 2 2 2 2 2 2 2 2
left_child=1 -1 10 4 11 -5 7 8 -7 -10 -2 12 13 -3 19 -16 17 20 -19 22 24 -18 23 -15 25 -17 -20 -28 29 -12
right_child=2 3 -4 5 -6 6 -8 -9 9 -11 28 -13 -14 14 15 16 21 18 26 -21 -22 -23 -24 -25 -26 -27 27 -29 -30 -31
leaf_value=-0.056227113595983848 0.038007609141675863 -0.047930709980185629 0.032823010939269502 0.057776882477684866 -0.040202004488506957 0.0040562121296752107 0.017187323316790525 -0.071512493110189465 -0.043372654392182998 -0.0025801978833426028 -0.053577458681907719 0.027492805011919558 -0.0004429912683192222 0.012441814126172158 -0.036442211518456891 -0.061051552876887884 -0.068882189034834132 -0.047260867004317184 -0.030829166258502929 0.032683655088932083 0.031898550199672394 -0.0092138117750004446 0.021085784663934681 -0.029565892828280527 0.017925910854250719 0.0096877548895520464 -0.03994738049906324 0.0067685432469328276 0.00361478336900605 0.010051559876004056
leaf_weight=3.0132907660554329 4.6033108402043572 4.6885541550873304 7.4151769075542679 2.1933949273079625 5.9164336087851543 74.969741665496258 23.736283046891913 2.1041904608719042 7.4424395768001004 9.2544202949502488 5.9977409797720602 5.2113797515630713 103.09632778828382 5.4310562279424692 13.401926975551758 3.9440718823461847 4.1930864658206692 6.0675276851034132 7.8700490659539346 6.650958541315048 7.9345060070045283 3.2128640627488494 6.920786620816215 9.986921883246394 7.6838033907115451 5.4743708784226328 4.7022877029958208 23.393806403590133 229.1515271900571 8.6692528394050878
leaf_count=584 49 1022 212 34 447 1891 250 23 259 305 61 41 2515 109 5270 144 88 1437 693 45 59 29 60 279 61 48 100 504 2500 79
internal_value=0 -0.00340255 0.00395751 -0.00295477 -0.00590378 0.00285405 0.00182886 -0.00205884 -0.000464547 -0.020763 0.0030959 -0.00502099 -0.00577522 -0.0102977 -0.0087879 -0.01323 -0.00905302 -0.00530494 -0.0132961 0.00467779 0.00811132 -0.0429967 -0.00366045 -0.0147685 -0.00292466 -0.0199351 -0.00756626 -0.00105004 0.00243677 -0.0159681
internal_weight=0 358.494 255.837 355.481 235.781 119.7 117.507 93.7708 91.6666 16.6969 248.422 229.864 224.653 121.557 116.868 87.8783 74.4764 67.0704 42.0337 28.9897 25.0368 7.40595 22.3388 15.418 17.1022 9.41844 35.9661 28.0961 243.819 14.667
internal_count=19198 16297 2901 15713 12951 2762 2728 2478 2455 564 2689 12504 12463 9948 8926 8433 3163 3046 2734 493 312 117 448 388 253 192 1297 604 2640 140
is_linear=0
shrinkage=0.05


Tree=213
num_leaves=31
num_cat=0
split_feature=10 11 6 0 5 5 9 6 0 4 6 4 8 0 5 4 3 6 8 8 8 3 1 10 10 5 5 3 3 5
split_gain=2.8636 2.80246 2.78778 2.53877 3.26327 3.94474 3.04001 2.84977 2.59963 3.2272 4.06126 2.41758 3.77401 3.05849 2.24239 2.13023 2.07674 2.1262 2.05208 4.51283 3.77052 4.75772 3.26213 2.97155 2.03573 1.95679 1.91662 2.14036 2.75594 2.15163
threshold=2.5000000000000004 1.0000000180025095e-35 1.0000000180025095e-35 705.37169474384621 372.73431005541153 143.22014379982554 1.0000000180025095e-35 5.5000000000000009 96.245895573229134 39.831645925484011 2.5000000000000004 174.47722096801951 0.090748745497981634 294.9088829333943 82.404682532486291 72.071020342357301 181.05684596586801 6.5000000000000009 0.058163839902943722 0.036032206972596952 0.063800661283657342 191.60606137195032 4.5000000000000009 1.0000000180025095e-35 1.0000000180025095e-35 692.168503015596 54.350451386058829 118.04548757730275 60.749790985322939 24.109264533933764
decision_type=2 2 2 2 2 2 2 2 2 2 2 2 2 2 2 2 2 2 2 2 2 2 2 2 2 2 2 2 2 2
left_child=1 3 -3 6 5 -5 8 26 -1 10 -10 14 13 -13 -4 -11 17 -9 19 22 21 -20 23 -17 25 -6 27 28 29 -8
right_child=-2 2 11 4 24 -7 7 16 9 15 -12 12 -14 -15 -16 18 -18 -19 20 -21 -22 -23 -24 -25 -26 -27 -28 -29 -30 -31
leaf_value=-0.041100344778908872 0.029307649916028723 0.028249855342260502 0.015524824655616451 0.0194958799040553 0.034412370765238995 -0.033447085077433027 0.0043805281344853992 -0.056686939245113976 0.10518416116957188 -0.034339102934356491 -0.051732341886656465 -0.019474348507148822 0.024825586008627422 0.011781695783147509 -0.0025432559978428066 -0.043912442893318276 0.016064592711276342 -0.0041717717896589688 -0.0036071920921568351 -0.048974234401314855 -0.0067623032941632223 0.10696738896940186 0.064407115086415348 0.010004409406696321 0.048856677544992753 -0.0032837733369876949 -0.00019153806793492664 0.042995213517728059 -0.016510257611120169 0.049834843419922337
leaf_weight=6.1665333808196001 8.1268563477788103 10.878940899681764 19.269495908170938 6.6143365274183434 6.0156427375040975 7.5168060092255473 6.228187603876 5.0122208948596363 1.3248230460740149 7.7806092019236521 0.59868795423244581 12.78821557946503 27.166210505762137 20.17321493185591 157.77840878989082 4.3572811539015692 2.4435201215092084 3.1316727270022966 2.333834162222046 8.9681534903647826 135.16851076385865 1.6681388600554781 1.5963833599380439 6.1799710338818841 5.440974031109362 8.0487927689682675 109.15124261166784 5.4569732088129959 7.2714340751990667 4.4734940370544791
leaf_count=2520 131 127 211 65 51 78 57 138 244 1827 297 109 423 222 1734 756 18 105 196 935 5310 27 232 400 57 72 2695 48 61 64
internal_value=0 -0.000572422 0.00350029 -0.00343475 0.00963081 -0.00866617 -0.00481109 0.000600303 -0.00920946 -0.0080525 0.0563443 0.00236506 0.0110274 -0.000344872 -0.000576767 -0.00878958 -0.0243627 -0.0364926 -0.00754924 -0.0220788 -0.0053462 0.0424835 -0.00219996 -0.0122909 0.0228865 0.0128396 0.00259375 0.0155693 0.00724223 0.0233812
internal_weight=0 601.003 248.054 352.948 33.6366 14.1311 319.312 143.169 176.143 169.976 1.92351 237.176 60.1276 32.9614 177.048 168.053 10.5874 8.14389 160.272 21.1018 139.17 4.00197 12.1336 10.5373 19.5054 14.0644 132.581 23.4301 17.9731 10.7017
internal_count=19210 19079 2826 16253 323 143 15930 3186 12744 10224 541 2699 754 331 1945 9683 261 243 7856 2323 5533 223 1388 1156 180 123 2925 230 182 121
is_linear=0
shrinkage=0.05


Tree=214
num_leaves=31
num_cat=0
split_feature=10 8 6 0 0 11 5 6 1 8 2 4 8 8 0 5 7 8 4 0 0 1 8 8 5 8 0 4 4 6
split_gain=3.66749 1.98955 1.92341 2.30064 1.89467 2.11345 2.80617 2.54851 2.49842 2.01696 2.00725 3.58324 3.24632 2.95798 3.401 2.9075 2.8961 3.84537 3.80289 2.69703 2.52039 2.354 4.24721 2.23073 1.85045 1.84518 3.33562 3.0685 6.37567 3.27658
threshold=1.0000000180025095e-35 0.45491259551831259 1.0000000180025095e-35 564.7452192029458 659.79922001898865 1.0000000180025095e-35 82.404682532486291 7.5000000000000009 3.5000000000000004 0.17960047533826948 2.5000000000000004 88.892252479758824 0.01893635806743028 0.076289968847360168 169.8443720162235 743.67332509552568 1.0000000180025095e-35 0.13431405863357737 167.27843093957443 276.16491092255688 108.98055262133784 3.5000000000000004 0.08529615500454267 0.062153794365713368 118.07011633124738 0.33149551807396044 117.78797054134327 50.487510437497974 48.451553160377664 1.5000000000000002
decision_type=2 2 2 2 2 2 2 2 2 2 2 2 2 2 2 2 2 2 2 2 2 2 2 2 2 2 2 2 2 2
left_child=1 2 3 24 5 7 8 25 -7 -6 12 15 -8 14 20 -12 18 -18 -15 -20 -14 23 -23 -13 -1 26 -4 28 29 -28
right_child=-2 -3 4 -5 9 6 10 -9 -10 -11 11 21 13 16 -16 -17 17 -19 19 -21 -22 22 -24 -25 -26 -27 27 -29 -30 -31
leaf_value=0.023756288119469404 0.0036775765823737604 0.014678287376132118 -0.048858378461152568 0.047327862163595164 -0.0027201056005778761 -0.0032816805910376823 0.027525591803187522 -0.062118663166658594 0.038022610863223921 0.024732592826694572 -0.050729868468659067 0.0067433798595898159 -0.025335239020403556 -0.014026720872993738 -0.02959927308320754 -0.0092986882546497503 -0.0029582615397403256 0.051975248421769461 0.03422178478350895 -0.0033108946585154449 0.030704350832291113 -0.018934348955826699 0.03430540668136791 -0.038332295204578405 -0.0045847160006959684 0.0037447155339364515 0.16955711642906438 -0.012431203785052799 0.26129756404987842 -0.051701592300352123
leaf_weight=7.5870332936756339 247.44031621023896 13.458611330017446 6.33603558476534 3.1087288937997064 22.601740482903551 7.3534678160212916 8.6151455178041925 2.5065965405119632 7.2913017855025828 9.5040742235723865 9.5926159681985173 4.5845457836985606 3.3263334435177985 33.786636504461057 19.557017339393497 7.5810927866841658 6.8530162535607797 5.9529972828458995 8.7948634992353636 10.501568458741529 5.0562998382374644 6.929906806908547 8.1534975536633265 6.839577971259132 23.910916866443586 17.728925046991208 0.21920569478970608 99.899611895878479 0.31426162774732802 0.70697217347333208
leaf_count=88 6342 146 2570 34 237 102 107 127 92 96 169 36 84 356 174 104 54 76 77 112 69 55 77 76 472 430 75 6269 70 374
internal_value=0 -0.00419168 -0.00490668 0.00629198 -0.00611555 -0.00739787 -0.00358352 -0.0121996 0.0172828 0.00540654 -0.00567476 -0.0146491 -0.00184817 -0.0045452 -0.0181783 -0.0324407 0.00123581 0.0225781 -0.00391291 0.0137956 0.00846714 -0.00312234 0.00984498 -0.0202432 0.00224189 -0.0112002 -0.0136654 -0.0114607 0.0666958 0.000665421
internal_weight=0 368.653 355.194 34.6067 320.587 288.481 160.77 127.712 14.6448 32.1058 146.125 43.6812 102.444 93.8287 27.9397 17.1737 65.8891 12.806 53.0831 19.2964 8.38263 26.5075 15.0834 11.4241 31.498 125.205 107.476 101.14 1.24044 0.926178
internal_count=19150 12808 12662 594 12068 11735 1820 9915 194 333 1626 517 1109 1002 327 273 675 130 545 189 153 244 132 112 560 9788 9358 6788 519 449
is_linear=0
shrinkage=0.05


Tree=215
num_leaves=31
num_cat=0
split_feature=9 1 0 4 1 5 8 8 0 3 4 4 8 4 8 8 8 5 8 3 11 5 5 8 5 4 7 1 4 5
split_gain=2.31974 2.99288 3.40443 2.77523 2.63995 2.95635 2.59273 3.24816 2.97893 3.4766 3.23304 2.52815 2.41798 2.07436 1.97058 4.99695 3.68529 2.77194 2.52124 3.57283 1.96805 1.89453 3.51982 2.30731 1.84649 1.83799 1.78898 2.73779 2.1667 2.07862
threshold=1.0000000180025095e-35 1.5000000000000002 217.58816980199177 437.92023169105488 2.5000000000000004 824.68965562051255 0.12512323614736928 0.11952934942227321 38.548324247180339 108.12304754935253 207.22187637607288 307.42535699390658 0.12299984567704277 353.56221348967688 0.1049536274522157 0.07727848693863279 0.24049502789834709 45.178836935987896 0.17635285338983411 175.2407122815205 1.0000000180025095e-35 1304.0745804014975 1020.7847071253899 0.18105322478456753 537.7997964587255 176.35983139652714 1.0000000180025095e-35 4.5000000000000009 136.59083997565554 544.07444768563539
decision_type=2 2 2 2 2 2 2 2 2 2 2 2 2 2 2 2 2 2 2 2 2 2 2 2 2 2 2 2 2 2
left_child=1 2 12 4 5 14 7 8 -6 10 -10 24 -1 25 15 20 17 -16 19 -19 -2 22 -8 -23 -11 -14 29 -28 -29 -3
right_child=3 26 -4 -5 6 -7 21 -9 9 11 -12 -13 13 -15 16 -17 -18 18 -20 -21 -22 23 -24 -25 -26 -27 27 28 -30 -31
leaf_value=-0.058285934029625341 -0.014593362628601798 -0.0058574136803867796 -0.0041123259436818679 0.023005094442819576 0.053548503830993577 -0.025255711307139009 0.013630765165790508 -0.054885315941263037 -0.004188024190380414 0.011665864538480356 -0.070774921296930346 -0.0097055515437330722 -0.042368959415910519 -0.068194522013139844 0.019476627103323499 0.067429420970036236 0.017599056437107578 -0.047235847782907903 -0.065537866848612375 0.035007685039628554 0.029374660461818792 0.030251355896543704 0.059537930635637795 -0.021955930059472436 0.05120664770018124 0.0072193209999057498 0.009550587797405299 -0.017879618840723303 0.017691914197131588 0.0035128185184751478
leaf_weight=5.6380382733914329 8.0885451592621376 155.12377005176313 34.966317173661082 19.246449044789188 2.7040570259268852 15.038071019225752 52.064181488909526 2.5939792773860963 46.96883822880045 5.6783921057358402 1.8965531700523559 5.1641339943744233 2.6905801280445285 1.7041630307794537 2.6871418904047486 3.4786771643557577 8.0460229931632039 3.3855724030581751 4.4937193659425247 2.1649708626791835 3.7135729572037226 3.0279685918649175 4.5394682217156506 7.0293020818498917 6.1506105683511123 6.116881322581321 85.686974214782822 18.344147859839726 5.5839840397820799 95.69729245416238
leaf_count=378 186 6111 612 211 78 293 872 52 1258 81 32 44 133 42 28 66 95 103 78 23 37 71 93 99 67 132 1821 564 94 5415
internal_value=0 -0.00155935 -0.0128817 0.00491764 0.0030749 -0.0066323 0.00667388 3.60689e-05 0.00211395 2.12123e-06 -0.00677238 0.0194829 -0.0318688 -0.0176996 0.00113459 0.0147644 -0.00888944 -0.0256297 -0.037697 -0.015157 -0.000758688 0.0137593 0.0173124 -0.00623775 0.0322255 -0.00792934 4.6358e-05 0.00537486 -0.00957847 -0.00228233
internal_weight=0 411.552 51.116 208.16 188.914 51.0963 137.817 71.1566 68.5626 65.8585 48.8654 16.9931 16.1497 10.5116 36.0582 15.2808 20.7774 12.7314 10.0443 5.55054 11.8021 66.6609 56.6036 10.0573 11.829 8.80746 360.436 109.615 23.9281 250.821
internal_count=19169 15302 1297 3867 3656 909 2747 1612 1560 1482 1290 192 685 307 616 289 327 232 204 126 223 1135 965 170 148 265 14005 2479 658 11526
is_linear=0
shrinkage=0.05


Tree=216
num_leaves=31
num_cat=0
split_feature=10 8 11 3 3 4 2 4 4 5 0 4 8 1 1 5 3 4 0 7 5 1 9 1 8 5 4 0 5 4
split_gain=4.13939 2.0976 2.73249 2.49167 2.3982 6.06957 3.60042 2.80046 3.96343 2.47067 2.82826 2.40871 2.30777 4.1162 5.00958 2.98368 2.27643 2.73541 3.7181 3.67831 2.19797 2.19063 2.17142 2.77755 2.61994 2.4434 2.48161 2.01473 1.99766 1.90361
threshold=1.5000000000000002 0.20113311776375345 1.0000000180025095e-35 86.402494138145116 61.351219405450912 156.91533456208222 1.5000000000000002 57.332200433447888 71.463619781707749 1304.0745804014975 253.02402919446965 90.519574343936853 0.21155394099938538 2.5000000000000004 3.5000000000000004 98.558534733192815 70.054406919100302 132.03287727855795 247.09723781949518 1.0000000180025095e-35 888.04823346073033 5.5000000000000009 1.0000000180025095e-35 3.5000000000000004 0.038141400133026818 199.25976317265409 286.98061637840243 172.36495044243279 449.08263112118431 193.78348393922951
decision_type=2 2 2 2 2 2 2 2 2 2 2 2 2 2 2 2 2 2 2 2 2 2 2 2 2 2 2 2 2 2
left_child=1 2 3 16 6 9 20 -8 27 10 -6 28 13 -3 -15 -16 17 -1 19 -19 -4 -5 23 25 -24 -7 -27 -9 -10 -18
right_child=-2 12 4 21 5 22 7 8 11 -11 -12 -13 -14 14 15 -17 29 18 -20 -21 -22 -23 24 -25 -26 26 -28 -29 -30 -31
leaf_value=-0.015624214400685024 0.01428487108143328 -0.012030400383115675 0.015787859019622007 -0.0045581112442674666 0.0038183359222737413 0.022298387796559845 -0.0087046154057138416 0.018391200921008422 -0.037159790969279002 -0.046224152535755472 -0.026687682645081496 0.016165385499272402 0.0026301837134220869 0.084862885738098276 0.065201867812480219 -0.016813223194599703 -0.040693964842100236 -0.01263183412278733 -0.032110092873134696 0.12062509848850421 0.051043553244188383 0.029970300375283483 -0.011038117593013395 0.022166014069241406 0.0612938404472416 -0.019272531673053289 0.0092496537405695016 0.065464722721101071 0.0057253046265978019 0.050506768499833557
leaf_weight=26.324343741238412 55.134797612656257 5.1843180047653723 15.788278605381494 140.12394613055221 13.772299930918964 7.6360718365758649 30.6697494587861 4.8872797638177854 5.454519322607668 6.847405759850516 16.947027985705063 12.866195918293668 175.15435228013666 4.0883707176108128 1.6561177152616435 3.3563077901271754 11.104525945160272 0.82388081061799279 1.4372758679382966 1.3941660145064816 6.1400951254181555 4.749319500027922 1.9116327064111818 14.663853035075588 3.6275072540156543 21.319943679496646 11.87329774815589 4.2493576966226101 5.4076493319589645 0.60324686406966144
leaf_count=6355 1205 114 189 4109 146 98 466 60 56 60 156 146 3527 89 23 126 1041 161 121 29 79 85 21 112 103 177 163 59 60 54
internal_value=0 -7.37926e-05 -0.00226146 -0.00652584 0.0020608 -0.00325273 0.00819104 0.00216191 0.0123026 -0.0190649 -0.013011 0.00152807 0.00420621 0.0235303 0.0437877 0.0102848 -0.0172979 -0.00999624 0.0305344 0.0711276 0.0256597 -0.00342618 0.00647999 0.00350036 0.0363311 -0.00320342 -0.00907008 0.0402846 -0.0158098 -0.0359948
internal_weight=0 560.062 370.623 186.561 184.062 98.599 85.4631 63.5348 32.865 37.5667 30.7193 23.7284 189.439 14.2851 9.1008 5.01243 41.6874 29.9797 3.65532 2.21805 21.9284 144.873 61.0323 55.4932 5.53914 40.8293 33.1932 9.13664 10.8622 11.7078
internal_count=19190 17985 14106 11955 2151 1036 1115 847 381 362 302 262 3879 352 238 149 7761 6666 311 190 268 4194 674 550 124 438 340 119 116 1095
is_linear=0
shrinkage=0.05


Tree=217
num_leaves=31
num_cat=0
split_feature=7 6 1 4 8 0 0 0 0 5 1 8 5 5 4 4 4 5 4 4 3 3 2 0 8 5 5 5 6 3
split_gain=3.46174 3.57072 3.31965 2.8042 2.48264 2.17312 2.2966 3.63088 2.59264 2.49299 3.16402 2.44443 2.13676 2.1699 1.92818 3.6167 2.24646 2.27922 1.91727 3.38942 2.66789 2.46322 2.19115 2.03495 1.85934 2.08467 2.089 1.83651 2.70351 1.78519
threshold=1.0000000180025095e-35 1.0000000180025095e-35 1.5000000000000002 286.98061637840243 0.27803467119671971 606.53340188639982 250.79172367274779 280.27556682458766 229.63514369195812 196.27424095149334 3.5000000000000004 0.073808761000655379 20.77858595524712 50.956593912618509 199.90569747306799 142.11262331634757 130.76942604470887 2667.991468283572 88.012693333711681 128.37255618492597 34.109983005406001 32.158651738849024 2.5000000000000004 288.5425920913936 0.31607229904803352 1874.4300845727814 1399.9951051678825 971.32479332082437 1.5000000000000002 214.08525604784614
decision_type=2 2 2 2 2 2 2 2 2 2 2 2 2 2 2 2 2 2 2 2 2 2 2 2 2 2 2 2 2 2
left_child=4 -2 3 -3 -1 6 8 11 14 -10 -11 -8 -6 -14 15 16 17 24 20 23 21 -15 -22 -20 25 26 -4 28 -21 -7
right_child=1 2 5 -5 12 29 7 -9 9 10 -12 -13 13 18 -16 -17 -18 -19 19 27 22 -23 -24 -25 -26 -27 -28 -29 -30 -31
leaf_value=-0.0045063418781382892 0.064898119989706612 -0.051663938120515208 0.0015229156906432027 -0.004860687993269875 0.039766546108534813 0.011238517002300925 -0.055370142374666587 0.0041877694138949765 0.077282576759649238 -0.020625882618796543 0.053768032830916426 -0.0067248921623455221 -0.026226830530856768 -0.0012407380162161872 -0.039588964127934473 0.048579936871596084 -0.040335530664123209 0.063894935889565033 0.049298034618850219 -0.034231466445274486 -0.041628104066887779 0.061528566477571538 0.011540123496851983 0.0012898244789893236 0.031036547408911264 -0.056715693677541361 0.045656604139480986 0.020405401293233833 0.0044307833056265707 0.055138861773443307
leaf_weight=352.97013184200841 2.5107575075235209 4.0576857543492251 37.205864814437518 15.146810468577312 4.1879085949622086 5.2480589866172505 4.5080532308929815 62.925383396097459 2.7568880255566892 2.6529695114586502 3.0985007025883533 6.045948114595376 5.8389128727139896 9.9244710456405318 1.9984959314460855 5.5937550921225911 2.4625392700545481 1.795543200438259 7.666862885176668 5.4402451700880183 6.9581340301519941 1.8551162923249638 2.6857566857652273 3.0997317304136232 6.6649278685217714 1.4308661319082592 2.8894893668330033 12.617524125234921 26.777738370525185 4.1445184245239943
leaf_count=14137 44 113 1262 176 40 66 83 889 37 50 67 108 72 359 37 106 52 40 169 74 178 33 77 57 102 66 96 161 355 58
internal_value=0 0.00570466 0.00483363 -0.0147497 -0.0026412 0.00731734 0.00577698 -0.000364087 0.0123597 0.0381907 0.0194525 -0.0275033 0.00492135 0.0031603 0.00869921 0.0103618 0.00628585 0.0085826 0.00538799 0.0102846 -0.00732052 0.00864453 -0.0268211 0.0354763 0.00652173 0.00258711 0.00470343 0.00423514 -0.00209762 0.0306097
internal_weight=0 173.137 170.626 19.2045 440.023 151.422 142.029 73.4794 68.5498 8.50836 5.75147 10.554 87.0524 82.8645 60.0415 58.043 52.4492 49.9867 77.0256 55.6021 21.4235 11.7796 9.64389 10.7666 48.1911 41.5262 40.0954 44.8355 32.218 9.39258
internal_count=19164 3452 3408 289 15712 3119 2995 1080 1915 154 117 191 1575 1535 1761 1724 1618 1566 1463 816 647 392 255 226 1526 1424 1358 590 429 124
is_linear=0
shrinkage=0.05


Tree=218
num_leaves=31
num_cat=0
split_feature=9 4 8 6 3 3 1 8 5 8 0 3 0 2 11 4 0 2 4 0 0 1 8 5 6 8 0 3 5 1
split_gain=3.30139 2.75144 2.32489 2.04305 2.00857 2.92811 3.15847 3.19572 5.73877 2.27451 1.77834 3.47175 1.8039 3.00782 2.11647 1.97172 1.743 1.73846 1.72864 2.23112 1.82639 1.72435 2.9362 4.06128 2.74624 2.69932 2.37872 4.35909 2.42262 2.50478
threshold=1.0000000180025095e-35 1102.0709310376853 0.26472829545199766 7.5000000000000009 17.002990767713154 12.571285564709997 4.5000000000000009 0.27095723533142363 832.7898640457837 0.095585063359161768 69.744278740386861 18.277992167069382 98.732277390995264 2.5000000000000004 1.0000000180025095e-35 53.750831048721501 96.245895573229134 1.5000000000000002 155.50351448904914 284.40856270461086 282.21264593016116 2.5000000000000004 0.15376381295566086 897.02785905826056 3.5000000000000004 0.076289968847360168 47.780834517168685 17.456985585725668 1117.7664113194737 3.5000000000000004
decision_type=2 2 2 2 2 2 2 2 2 2 2 2 2 2 2 2 2 2 2 2 2 2 2 2 2 2 2 2 2 2
left_child=1 3 21 4 5 6 -1 8 9 -8 11 -6 13 14 16 -15 -12 -5 19 -4 -20 22 23 25 -25 -2 28 -28 29 -23
right_child=2 -3 18 17 10 -7 7 -9 -10 -11 12 -13 -14 15 -16 -17 -18 -19 20 -21 -22 26 -24 24 -26 -27 27 -29 -30 -31
leaf_value=-0.03295383849596515 0.0010017003190399307 0.043407686279170687 0.017471079883469364 0.013929399776718508 0.091878186865809591 -0.045957044286975259 -0.056873908200213298 -0.039989404664651625 0.17316324935815963 0.042080695014043171 -0.054153127023907691 -0.036428623354703364 -0.00038414514713697016 -0.045065000529103262 0.04258163498621173 0.05284971216639537 0.050121828851457564 -0.052273268094206564 0.0074420582520407846 -0.025758333372707966 0.045220994506411323 0.057362091340195431 -0.021231603929668025 0.0014006385024215254 -0.045127238643769052 0.030898256283212001 -0.037912921800419955 0.0086406916092274504 0.081914614696977875 -0.019438780807852898
leaf_weight=4.3899978920708218 17.258832786814313 3.4708621539175502 15.545250616036357 1.3850487028248597 0.57609368690827878 5.9811866157797331 0.76280380993557706 1.421648133335111 0.73786764893884527 2.4325752568656753 1.1489523687851004 6.2141759071528213 361.3070837571322 2.4479812837525965 8.205244188895449 0.6508449597058642 0.6154084825539029 3.4911901942068653 4.8837390481494358 3.693985146470367 9.2745420391438511 1.9819127935625136 15.350750236160819 7.0859632976062112 5.7407440269598737 13.421440626436377 5.288383301391149 102.28118164984335 2.0910092804697342 2.2863586568273604
leaf_count=440 274 50 245 40 66 585 135 55 120 136 567 553 11959 238 112 62 66 145 53 42 113 46 234 150 78 231 189 2115 32 87
internal_value=0 -0.000918778 0.00685274 -0.00130171 -0.000906503 -0.018418 -0.00151523 0.0242585 0.0474805 0.0184582 -0.000184015 -0.0255429 0.000275934 0.0185254 0.0318988 -0.0245 -0.0177821 -0.033469 0.0189293 0.00917092 0.0321896 0.0045185 -0.00243082 0.00420273 -0.0194235 0.0140803 0.00810865 0.006352 0.037823 0.0162226
internal_weight=0 405.239 206.184 401.768 396.892 15.7261 9.74489 5.35489 3.93325 3.19538 381.166 6.79027 374.376 13.0684 9.96961 3.09883 1.76436 4.87624 33.3975 19.2392 14.1583 172.787 58.8577 43.507 12.8267 30.6803 113.929 107.57 6.35928 4.26827
internal_count=19218 15329 3889 15279 15094 1471 886 446 391 271 13623 619 13004 1045 745 300 633 185 453 287 166 3436 967 733 228 505 2469 2304 165 133
is_linear=0
shrinkage=0.05


Tree=219
num_leaves=31
num_cat=0
split_feature=5 11 0 8 8 11 0 7 5 8 5 0 6 1 4 0 0 4 6 4 0 3 6 3 10 8 3 5 0 8
split_gain=3.63946 2.37422 2.55059 2.93709 4.60448 1.95565 3.1103 2.31029 2.20467 2.14615 1.90527 3.16492 2.38179 3.24523 3.77562 2.36844 2.8295 2.45706 2.39999 1.85528 4.37232 2.61003 2.55811 2.54353 2.73203 1.96759 1.83788 2.48772 1.837 1.81099
threshold=143.22014379982554 1.0000000180025095e-35 680.46374583134912 0.32074097985257727 0.28140724848485321 1.0000000180025095e-35 336.08512346908458 1.0000000180025095e-35 575.17609274919175 0.024654809023420713 603.0740612633814 219.26782623529633 2.5000000000000004 1.5000000000000002 380.79465458720659 256.85939708907466 253.02402919446965 85.439228141965955 1.0000000180025095e-35 42.455413488440151 161.47421566693947 58.156984426515002 4.5000000000000009 72.685551424675623 1.0000000180025095e-35 0.33668849324947742 225.53148304913233 609.30480145144145 222.5596493178343 0.48630674657002987
decision_type=2 2 2 2 2 2 2 2 2 2 2 2 2 2 2 2 2 2 2 2 2 2 2 2 2 2 2 2 2 2
left_child=1 2 3 4 -1 6 7 8 -2 -9 11 -10 13 14 -12 16 18 -17 -15 20 22 -21 25 24 -23 -11 -7 -28 -3 -14
right_child=5 28 -4 -5 -6 26 -8 9 10 19 12 -13 29 15 -16 17 -18 -19 -20 21 -22 23 -24 -25 -26 -27 27 -29 -30 -31
leaf_value=-0.00013623735550422612 -0.035676982388743068 0.0099788960252432182 0.028077544944189431 0.018781435056371084 -0.042171153549627936 -0.00079571871469909846 -0.0021959047215496341 -0.059874961746937516 0.11160463942285466 -0.053923173130110275 0.088878440494902636 -0.050644164309869247 -0.05407803492950413 0.011049250678763846 -0.0056532140341951538 0.043925071208569387 0.1236820766321227 -0.06061479830097425 -0.053058958853459508 -0.03454426583702095 0.15071807011107996 -0.022342672094537757 0.058827332900724429 -0.0080039374163997611 0.055456199657950789 0.038365433712364089 0.055514996911043217 -0.0038098229950786697 0.035512271247594436 0.019236746736590839
leaf_weight=101.00957892251972 18.177584517194191 28.605140749597922 8.8402887603733671 18.36599101772299 6.9639323721785322 210.737727002881 144.31762466664077 1.7429018196344248 0.75888991825195506 1.7103996934092713 1.7066294995092963 0.49767639939818764 5.2220895485224892 4.6284903378982545 2.7717696926265489 0.64933684655989043 0.42603173454699561 4.1823918674490415 2.1325317445334804 6.9442442263534749 0.61316881196398743 1.643664932038521 1.5299202435999175 20.248580573883373 3.5999443551991135 0.87196163204498578 3.448645247728563 3.6242384903598577 9.3456511652329919 1.0043041119351981
leaf_count=2524 3905 284 88 175 113 2270 3162 241 133 258 137 57 2334 193 45 59 17 283 1305 567 20 117 101 460 60 16 72 80 213 12
internal_value=0 0.00521599 0.00211359 0.00029683 -0.00284735 -0.0033329 -0.00659804 -0.0144353 -0.0225441 -0.00564849 -0.012589 0.0473443 -0.0159031 -0.00595833 0.0303709 -0.0194952 -0.00129623 -0.0465657 -0.00917148 -0.00310525 0.0261646 -0.00736939 0.0075929 3.32257e-05 0.0310693 -0.0227609 4.57088e-05 0.0251162 0.0162667 -0.0422525
internal_weight=0 173.131 135.18 126.34 107.974 443.191 225.38 81.0625 42.1577 38.9048 23.9801 1.25657 22.7236 16.4972 4.4784 12.0188 7.18705 4.83173 6.76102 37.1619 4.72545 32.4364 4.11228 25.4922 5.24361 2.58236 217.811 7.07288 37.9508 6.22639
internal_count=19301 3397 2900 2812 2637 15904 13482 10320 8480 1840 4575 190 4385 2039 182 1857 1515 342 1498 1599 395 1204 375 637 177 274 2422 152 497 2346
is_linear=0
shrinkage=0.05


Tree=220
num_leaves=31
num_cat=0
split_feature=10 8 0 4 6 8 8 8 2 1 0 6 3 2 2 8 2 6 11 5 6 4 3 1 8 11 8 8 0 0
split_gain=2.7982 2.38699 2.68537 9.34888 2.50317 2.17371 2.00726 5.20647 2.57792 2.39907 1.86922 2.00854 1.80552 1.70904 1.78461 2.54292 3.03893 3.5113 3.56084 2.72978 2.47632 3.04408 4.23514 3.42214 2.91342 2.86698 2.5046 3.03043 2.31523 2.01826
threshold=1.0000000180025095e-35 0.021648266887142106 165.5271865978344 111.83938501063464 1.0000000180025095e-35 0.0095710945550714979 0.062153794365713368 0.12299984567704277 1.5000000000000002 4.5000000000000009 239.88092320009847 1.5000000000000002 85.000107061376539 4.5000000000000009 2.5000000000000004 0.27095723533142363 1.5000000000000002 5.5000000000000009 1.0000000180025095e-35 294.04321129120103 4.5000000000000009 324.93687575112017 129.69252757897098 5.5000000000000009 0.23546546827778939 1.0000000180025095e-35 0.016611534995660437 0.027030780762141143 363.57042018080693 768.91860587039787
decision_type=2 2 2 2 2 2 2 2 2 2 2 2 2 2 2 2 2 2 2 2 2 2 2 2 2 2 2 2 2 2
left_child=1 2 3 5 6 -1 -3 -8 -9 12 11 -4 -10 14 15 16 -2 18 29 28 21 22 23 26 -25 -22 -16 -28 -17 -18
right_child=13 4 10 -5 -6 -7 7 8 9 -11 -12 -13 -14 -15 20 19 17 -19 -20 -21 25 -23 -24 24 -26 -27 27 -29 -30 -31
leaf_value=0.01676470354928996 0.0081343149643535919 0.036590892471678016 0.0071704076987458886 0.12957716168612396 -0.0019850143363285186 -0.052781884985823105 -0.024057161711298781 0.050562139046200189 -0.030511524381884755 0.042853164462100253 -0.017519041857057934 -0.078782620707867471 0.016122200645267436 -0.028479294403879304 -0.060359919268064333 0.020457532597281503 -0.015063684890786104 -0.042958939235197176 0.010893583827968312 0.0045971780166898348 0.013210736708903879 -0.033644538252294187 0.054095547975964102 0.02040668220468464 0.099020702516007267 0.058764391995638536 0.064322463836987628 -0.00016650689300174424 0.068786106012040285 0.041643770196266104
leaf_weight=2.0991312420046624 60.660079209654214 6.8217272509646127 0.90985371775605317 1.3481673444621263 309.91751966045558 2.4174728626967408 9.2865943259676005 5.5111061508068842 3.881726347259244 3.6875502493348895 17.814639075077139 2.6865277430260903 4.4608255738858134 3.7044406307395539 1.6177197449724179 8.8421327317773812 39.443219138116547 6.2133130937618253 25.800045546144247 22.073901857394958 8.9157952511814056 4.128356364904902 5.1220554832834742 4.5687742831942151 1.5882295615156179 5.6382019305601707 1.9223226902322483 34.796011350692424 3.4431248096516347 1.6340517667122174
leaf_count=183 1564 116 47 70 10993 282 168 71 81 48 516 207 57 96 87 147 1724 188 286 335 301 51 77 195 26 54 67 1026 49 19
internal_value=0 -0.00170899 -0.015946 0.0140303 -0.00057872 -0.0204595 0.0123735 0.00621551 0.0222423 0.00926876 -0.0241569 -0.0570372 -0.00557612 0.00521908 0.00574713 0.00297816 -0.000138663 -0.00700465 -0.00366428 0.0151111 0.0125627 0.00760826 0.0110408 0.00608433 0.0406856 0.0308582 0.000527162 0.0032097 0.0340023 -0.0128079
internal_weight=0 370.843 27.2758 5.86477 343.567 4.5166 33.6495 26.8278 17.5412 12.0301 21.411 3.59638 8.34255 240.112 236.407 168.11 133.751 73.0906 66.8773 34.3592 68.2975 53.7435 49.6151 44.4931 6.157 14.554 38.3361 36.7183 12.2853 41.0773
internal_count=19131 12839 1305 535 11534 465 541 425 257 186 770 254 138 6292 6196 4312 3781 2217 2029 531 1884 1529 1478 1401 221 355 1180 1093 196 1743
is_linear=0
shrinkage=0.05


Tree=221
num_leaves=31
num_cat=0
split_feature=6 3 4 0 7 1 4 6 5 5 3 4 4 5 10 4 5 3 0 9 8 11 0 8 8 6 4 4 6 8
split_gain=2.52238 2.19473 4.1962 3.57693 2.18116 3.10058 2.50907 2.28034 2.52128 3.33163 2.03799 2.74759 2.48111 2.40723 1.87274 2.59155 4.4211 2.30775 2.21352 1.97159 1.97379 2.53691 3.96813 1.95025 2.96451 2.04773 2.55 2.02496 1.98691 1.9448
threshold=1.0000000180025095e-35 255.6279940121797 233.41425384681148 344.08874197906175 1.0000000180025095e-35 1.5000000000000002 513.19282286928512 5.5000000000000009 532.26269671678631 1020.7847071253899 232.16224654115641 245.83366822610969 264.11624661860316 1094.3732656554732 1.0000000180025095e-35 281.97707179250921 2226.7373054749592 169.06560884661241 363.57042018080693 1.0000000180025095e-35 0.21832733475172797 1.0000000180025095e-35 705.37169474384621 0.036032206972596952 0.040925404874070488 3.5000000000000004 185.38714374786821 114.04917835674168 5.5000000000000009 0.53795192865857411
decision_type=2 2 2 2 2 2 2 2 2 2 2 2 2 2 2 2 2 2 2 2 2 2 2 2 2 2 2 2 2 2
left_child=1 2 3 -1 14 7 10 8 -6 -10 11 -7 -13 -14 29 16 17 23 -18 20 21 22 -17 25 27 -16 -27 -25 -26 -2
right_child=4 -3 -4 -5 5 6 -8 -9 9 -11 -12 12 13 -15 15 19 18 -19 -20 -21 -22 -23 -24 24 28 26 -28 -29 -30 -31
leaf_value=0.0079828862871078096 -0.0061134972126137971 0.044243790420816768 -0.015671372126481661 0.043427796660046258 0.013325244002545892 0.003376568818080879 0.047330709250568051 -0.050795725515797391 -0.055994283838366909 0.007007230108745527 -0.028040638300898424 0.056004410525359538 0.024395393696733068 -0.014439921286986603 -0.033389166325684547 -0.026851549714259838 -0.082384913895288195 -0.03012460673586876 0.0026434845495244305 0.029236153086368635 0.025483536197386955 0.033132293277161613 0.027300616057087793 0.12316200373427838 0.0042355854655109285 -0.013111094726242022 0.085144447557937694 0.017072015977404584 -0.025505208052343575 0.032329009132660957
leaf_weight=35.136690715371515 224.71983884153087 4.3510041263652957 14.719778788683469 8.9258916659746301 8.1127321106032522 118.39842547511944 3.6816326250554985 3.5370191659894763 4.3709002917748858 4.0361582745972555 4.3834241563454261 4.3288086282555041 15.525554637541065 5.3706015197094521 7.4853844555909728 12.007451364333983 2.5280841803469225 6.2197308565373524 1.0977821548585778 12.134147203410974 8.5290342583321017 3.9122420554049304 4.7098925299942485 0.84950349995778995 86.061046832110151 2.412697465064412 0.90917330239608407 0.95592306727485266 6.0078534764543283 3.3388458313420406
leaf_count=676 9909 41 137 97 127 2757 53 45 64 60 44 66 183 62 512 346 173 94 22 125 98 55 35 74 2873 190 29 33 236 38
internal_value=0 0.00997808 0.00744177 0.0151631 -0.000568589 0.00411499 0.00655788 -0.0143604 -0.00655935 -0.0257478 0.00554366 0.00656866 0.0215514 0.0144142 -0.002664 0.00156098 -0.0023109 -0.000534586 -0.0566414 0.0122998 0.00525182 -0.00311272 -0.0115949 0.00122353 0.00353913 -0.0188903 0.0137808 0.0669903 0.00229488 -0.00555069
internal_weight=0 63.1334 58.7824 44.0626 555.624 171.745 151.688 20.0568 16.5198 8.40706 148.007 143.623 25.225 20.8962 383.879 155.82 114.527 110.901 3.62587 41.2928 29.1586 20.6296 16.7173 104.682 93.8743 10.8073 3.32187 1.80543 92.0689 228.059
internal_count=19254 951 910 773 18303 3461 3165 296 251 124 3112 3068 311 245 14842 4895 4236 4041 195 659 534 436 381 3947 3216 731 219 107 3109 9947
is_linear=0
shrinkage=0.05


Tree=222
num_leaves=31
num_cat=0
split_feature=5 6 10 8 8 0 10 4 11 8 5 4 4 4 5 8 4 5 4 5 4 5 7 4 5 8 5 5 0 5
split_gain=2.88712 2.73347 2.89869 2.82789 4.2102 2.59007 2.95978 2.39903 3.02703 2.3936 2.30229 3.63162 3.73625 5.41181 3.57548 5.29624 2.96753 2.6583 3.03577 3.32015 3.06031 4.23513 2.6219 2.86633 2.88505 3.34421 3.68312 2.29703 3.60285 2.28486
threshold=139.14043867487231 4.5000000000000009 1.5000000000000002 0.25570061027820162 0.26799604066989879 705.37169474384621 1.0000000180025095e-35 33.836612598807839 1.0000000180025095e-35 0.0043432043412107114 806.60227976159217 69.847360165456905 124.02569848779112 101.41411478473661 476.81012072205516 0.03169490417539849 97.649245314183176 258.39266763499359 29.623614697617786 286.25560795212812 16.013112795385876 406.94462658641845 1.0000000180025095e-35 133.27196454129708 427.34424137179263 0.18105322478456753 596.24809588305777 2667.991468283572 59.23940702449493 851.98675350790995
decision_type=2 2 2 2 2 2 2 2 2 2 2 2 2 2 2 2 2 2 2 2 2 2 2 2 2 2 2 2 2 2
left_child=-1 3 9 10 -5 6 -6 -8 -9 -3 11 17 13 16 -15 -16 -13 -2 20 -20 -19 -22 23 -14 -25 -26 -27 28 -11 -12
right_child=1 2 -4 4 5 -7 7 8 -10 27 29 12 22 14 15 -17 -18 18 19 -21 21 -23 -24 24 25 26 -28 -29 -30 -31
leaf_value=0.006627313908633678 -0.050340636093606443 0.06492178630302789 0.034393084208642524 0.0356030333504566 -0.0093229724756298208 0.045806124063839881 -0.035444957087079065 0.0091732230465918895 0.058635493628759409 -0.062017133430129046 0.029023073348249679 -0.00065737623593858029 -0.063801406804930405 0.052463868288200322 0.087738977907134669 -0.044697080863176329 -0.065048611243293183 -0.040455566794654216 0.089769508973980949 -0.0348836020044258 0.088437512324514383 -0.012329708059433484 0.0024966283032092549 -0.021742198424901167 -0.0089993218821315165 0.080836290547252734 -0.0025201485163402633 0.055046687109640294 0.0031361844216419577 -0.0015436351398467269
leaf_weight=171.73966418163764 7.8884786773815021 1.5752829481643846 8.7281503578560642 9.9664721652370627 42.471018002353958 3.0884588633198282 2.4799911557929617 22.302594224223871 3.591284154332242 2.189264658431056 6.5109840894547224 15.25648869180805 2.8872402091074028 8.7385667712042032 1.0626095770094246 2.6069984253808798 2.0270259591597997 1.8214704185993493 0.55843644112610391 12.300564040673633 2.0516605001539574 2.1203568643650215 29.830972655501682 42.334395664001931 28.39551812420541 2.3575512569514094 3.0262684916087892 2.0318604054300513 68.899039865471423 100.18988299559351
leaf_count=3352 611 42 181 196 966 38 61 350 56 233 261 868 172 360 43 171 115 196 75 1148 132 249 467 1251 838 69 73 84 2359 4170
internal_value=0 -0.00101848 0.00712764 -0.00292813 0.00509669 0.000984325 -0.000969667 0.0115339 0.0160333 0.00394168 -0.00540374 -0.00910021 -0.00584367 0.00987757 0.0350709 -0.00634753 -0.00820924 -0.0259698 -0.0157722 -0.0294702 0.0136167 0.0372243 -0.0101328 -0.0149016 -0.0130467 -0.00214899 0.0339813 0.00262794 0.0011297 0.000321573
internal_weight=0 439.289 83.4236 355.865 83.8998 73.9333 70.8449 28.3739 25.8939 74.6954 271.965 165.265 138.524 29.6917 12.4082 3.66961 17.2835 26.741 18.8525 12.859 5.99349 4.17202 108.832 79.001 76.1137 33.7793 5.38382 73.1202 71.0883 106.701
internal_count=19187 15835 2899 12936 1667 1471 1433 467 406 2718 11269 6838 4427 1557 574 214 983 2411 1800 1223 577 381 2870 2403 2231 980 142 2676 2592 4431
is_linear=0
shrinkage=0.05


Tree=223
num_leaves=31
num_cat=0
split_feature=9 11 4 6 5 0 8 5 5 5 8 0 4 4 6 11 5 2 8 6 10 0 5 5 5 6 4 4 0 5
split_gain=3.87134 2.74883 3.12183 2.59767 2.48056 3.02964 2.42881 2.25342 2.10654 2.08184 2.61153 2.29511 2.64539 2.60085 1.83284 1.80526 2.68963 3.0044 2.19713 2.2767 2.12755 2.02107 1.75337 1.72033 2.3071 3.01239 2.02955 2.01357 1.77771 1.74069
threshold=1.0000000180025095e-35 1.0000000180025095e-35 114.04917835674168 1.0000000180025095e-35 1456.2475306957538 768.91860587039787 0.48630674657002987 131.8323138609675 2808.4062165847231 29.944589637884032 0.10768351881947016 503.97420885567027 291.68587120272457 191.66011654124097 2.5000000000000004 1.0000000180025095e-35 615.64697772039074 1.5000000000000002 0.023213852789568921 1.5000000000000002 1.0000000180025095e-35 167.06923778442396 1525.878940579423 1005.4429992194281 160.74231115795581 2.5000000000000004 149.4855319893293 74.416810373179771 66.768539539293172 1207.3699340141209
decision_type=2 2 2 2 2 2 2 2 2 2 2 2 2 2 2 2 2 2 2 2 2 2 2 2 2 2 2 2 2 2
left_child=1 2 7 -2 6 22 9 -1 15 11 -11 12 13 14 -4 -5 18 -18 -17 -20 -21 -19 -6 24 25 -3 27 -27 -26 -25
right_child=3 23 4 8 5 -7 -8 -9 -10 10 -12 -13 -14 -15 -16 16 17 21 19 20 -22 -23 -24 29 28 26 -28 -29 -30 -31
leaf_value=-0.011615309939047157 0.024030893243594816 0.025085068175717269 0.033373503167840518 -0.0003091970501580602 -0.090917032072036968 0.028331557379216971 0.029383152534713072 -0.039920808087705636 0.044815513872365188 -0.017788864421752464 -0.0022190275244103794 0.040554524554725663 0.027117239887111497 -0.041178850827615555 -0.01748686350544525 0.054068910532301409 0.024710053831900166 -0.029169873121134494 -0.016890001671508635 0.012954129025327261 0.053510771110656954 0.0057722900176720411 -0.026845647434249706 0.025175983083242294 -0.029044531990750435 0.004815873798792991 0.025863194314699613 -0.029416837349095611 -0.0036904901663659161 0.0033584093661657467
leaf_weight=18.426436198074956 16.502205543161836 16.363552381750196 3.371821830980485 135.91513300460065 1.1624478511657823 2.4299852838739744 5.5767759927548459 11.370135673329058 3.0129322634020346 37.493449156645511 95.608154831134016 4.7672623072285196 6.5514034591615191 4.7367087481543422 3.7318326025269926 4.477422718890014 7.7575445920228985 8.9245050884783286 4.3108938245568451 11.922647427767517 4.4371131765656164 7.716381474514491 13.112402795235537 12.441140557173638 7.3838532011723137 9.1863515122095176 4.7023687098408109 8.0685057691298407 108.56693796627223 34.476733048912138
leaf_count=1148 181 183 46 3084 71 19 44 5848 68 2529 2429 41 43 53 60 38 62 71 47 148 87 91 699 132 164 81 93 81 1200 407
internal_value=0 -0.00340872 -0.00743422 0.00500851 -0.00493386 -0.0232778 -0.0030404 -0.0224165 0.00334297 -0.00419756 -0.0066049 0.00963811 0.00162438 -0.0124811 0.00665453 0.00266922 0.0108396 -0.00098761 0.0223142 0.0154359 0.0239539 -0.0129672 -0.0320632 0.000759824 -0.00178994 0.0088461 -0.00325594 -0.0111916 -0.00530506 0.00914374
internal_weight=0 409.528 208.339 204.977 178.542 16.7048 161.837 29.7966 188.475 156.261 133.102 23.159 18.3918 11.8404 7.10365 185.462 49.5465 24.3984 25.1481 20.6707 16.3598 16.6409 14.2749 201.189 154.272 38.3208 21.9572 17.2549 115.951 46.9179
internal_count=19248 15371 13030 3877 6034 789 5245 6996 3696 5201 4958 243 202 159 106 3628 544 224 320 282 235 162 770 2341 1802 438 255 162 1364 539
is_linear=0
shrinkage=0.05


Tree=224
num_leaves=31
num_cat=0
split_feature=5 7 0 6 8 7 5 5 5 8 3 3 5 6 5 1 8 5 3 3 5 10 8 0 8 8 0 5 5 2
split_gain=4.69776 3.33786 2.29012 2.2866 2.24461 2.20158 2.12169 2.94496 2.33184 2.52013 2.44607 2.6678 3.75214 3.03738 2.69464 2.07863 1.95608 4.85383 2.7888 2.40908 3.99651 4.40752 3.8581 2.96931 2.36253 2.10671 2.01191 1.97027 1.94674 3.83734
threshold=139.14043867487231 1.5000000000000002 680.46374583134912 2.5000000000000004 0.45491259551831259 1.0000000180025095e-35 1680.7069480810881 1710.5488506333932 1239.5906084727276 0.027030780762141143 181.05684596586801 57.219035754733511 1343.7188804006116 3.5000000000000004 1602.8595822560978 4.5000000000000009 0.13664995193197704 1162.3259825164271 434.37164171161959 40.735069003684941 443.78530923297018 1.0000000180025095e-35 0.07727848693863279 91.792400296490683 0.13876481905034913 0.25570061027820162 100.08247864859138 842.35544281963075 124.65441903741426 1.5000000000000002
decision_type=2 2 2 2 2 2 2 2 2 2 2 2 2 2 2 2 2 2 2 2 2 2 2 2 2 2 2 2 2 2
left_child=2 4 3 5 6 -1 8 -8 16 -10 11 12 -11 14 -14 -9 19 18 24 20 -2 26 -23 -24 -18 -19 27 -22 -5 -30
right_child=1 -3 -4 28 -6 -7 7 15 9 10 -12 -13 13 -15 -16 -17 17 25 -20 -21 21 22 23 -25 -26 -27 -28 -29 29 -31
leaf_value=0.0081450572229850079 -0.050814131994042833 0.015310226319596382 0.0327965283201858 -0.0019963747587857365 0.015249444935681304 0.032846164110017131 0.053217876887353632 0.0061503829523625155 0.017694145053195959 -0.05737446229631591 0.0031245837464969096 -0.041450254916740981 -0.025935528991019814 0.065244712612672742 0.070960364411655971 -0.023328599619318029 0.043849197995247544 0.078852746124392595 -0.038981477647489639 -0.0066933984686421743 0.020290851953204105 -0.0229277979239223 -0.0034252472877223821 0.099092638121897933 -0.0023391991954761311 0.0079085368983272137 -0.06463671808161571 -0.057128033116110644 0.066572274276028146 -0.010649571105768507
leaf_weight=56.559093313961057 8.7058154316473537 22.378690218902193 7.8084708367241538 86.418171879660804 13.874809292203279 10.732473912750718 2.9313183995291174 37.854849135659606 4.3468423458689349 2.8124195325799537 7.2189682823955073 17.247436568752164 4.1514602110983105 1.8854681706652625 0.86743722620667529 7.101728699526574 2.821967987863899 2.6379914221324716 5.1237279071938238 131.61032083519967 2.2100268093363398 2.2147525738364493 1.0834444900974634 2.0291305422506412 146.2384203837064 1.7344439528824294 2.9209162124861905 1.3083151777245801 3.0994728017540174 3.3448903498647269
leaf_count=1191 1102 282 88 1711 172 148 81 1269 220 167 123 591 233 143 56 388 99 97 45 5053 334 294 74 85 4261 46 400 194 53 106
internal_value=0 -0.00349473 0.00635548 0.00506632 -0.00451882 0.0120847 -0.0052096 0.00465978 -0.00656317 -0.0181651 -0.0227251 -0.0296456 -0.00869227 0.0111379 -0.0091886 0.00149363 -0.00512412 -0.0012383 -0.0027115 -0.00917536 -0.0251311 -0.00612881 0.027515 0.0634076 -0.00146477 0.0507108 -0.033963 -0.00849779 -1.94454e-05 0.026491
internal_weight=0 433.311 167.963 160.154 410.932 67.2916 397.057 47.8879 349.169 38.53 34.1832 26.9642 9.71679 6.90437 5.0189 44.9566 310.639 158.557 154.184 152.083 20.4724 11.7666 5.32733 3.11258 149.06 4.37244 6.43926 3.51834 92.8625 6.44436
internal_count=19106 15809 3297 3209 15527 1339 15355 1738 13617 1533 1313 1190 599 432 289 1657 12084 4548 4405 7536 2483 1381 453 159 4360 143 928 528 1870 159
is_linear=0
shrinkage=0.05


Tree=225
num_leaves=31
num_cat=0
split_feature=9 10 8 8 1 2 6 1 6 5 8 6 5 8 8 3 1 5 7 5 4 3 1 8 4 3 4 6 5 3
split_gain=2.89795 2.68786 2.62005 2.16805 2.09954 2.50842 2.98651 1.97555 2.70514 2.76407 2.01415 3.07232 3.02901 3.07765 3.05369 2.77032 4.70187 2.77236 2.45181 2.38759 2.29862 2.17236 2.14309 3.984 2.09217 2.05965 2.67029 1.97608 2.77405 2.75259
threshold=1.0000000180025095e-35 1.0000000180025095e-35 0.090748745497981634 0.088173495344013808 2.5000000000000004 1.5000000000000002 1.0000000180025095e-35 1.5000000000000002 2.5000000000000004 85.852756475344464 0.27095723533142363 4.5000000000000009 790.24550732873706 0.12512323614736928 0.062153794365713368 9.3504686879391556 4.5000000000000009 66.250456536174454 1.0000000180025095e-35 331.74856976611983 124.02569848779112 55.733721113810425 4.5000000000000009 0.15909574945980767 56.713167195429143 191.60606137195032 391.34893849888459 2.5000000000000004 842.35544281963075 17.456985585725668
decision_type=2 2 2 2 2 2 2 2 2 2 2 2 2 2 2 2 2 2 2 2 2 2 2 2 2 2 2 2 2 2
left_child=1 2 3 -1 -4 6 -6 8 -3 -10 11 15 13 14 18 16 -9 22 -13 -16 -15 -14 23 -17 27 -26 -27 28 29 -19
right_child=-2 7 4 -5 5 -7 -8 10 9 -11 -12 12 21 20 19 17 -18 24 -20 -21 -22 -23 -24 -25 25 26 -28 -29 -30 -31
leaf_value=-0.010798614890522572 0.0061909084694063213 -0.03286397126186829 0.0065189887944158116 -0.056025076572245508 0.066904497776463109 -0.009557829400176944 0.0035888535510186768 -0.019523131184499443 0.045474575301023966 -0.0087476749092126986 0.017428632900001469 -0.054217532111242167 -0.0095916812074316096 -0.049022058762151731 0.027221346254304103 0.008912544018747531 0.13720739364970855 -0.046346799220160606 0.02651253276040328 0.10384769428895919 0.0098215689276115025 0.059683615514040625 -0.019583053787551402 0.07219093390775827 0.00016628030701112544 -0.057388467872120513 -0.0044365877959089191 -0.056093365969550862 -0.060277143123201163 0.059477758651269086
leaf_weight=69.831581352249486 200.78399856924079 8.248988527793701 58.148240698381414 2.7543811520954469 2.0494305566535358 79.462887982012035 20.412624750329996 0.96493339457810978 3.0372090179007492 10.393129958880307 29.811515726847574 1.5357163584340034 1.4066352123445529 3.2210861434796234 2.7125863552646479 9.7401680384064111 0.94929039402995841 0.93359911222432712 2.4265528975520283 1.6259240774379575 3.4235507761623012 5.788937058452575 3.3812921552453181 3.3405012579169115 53.141386794854043 3.8256930689676647 6.3041902175173163 3.9470082697007456 1.5595348343485964 1.7977025066393251
leaf_count=4479 3893 187 1692 129 40 3126 850 49 32 218 519 120 112 104 83 163 64 62 66 58 73 127 69 36 2060 63 87 371 132 183
internal_value=0 -0.00118269 -0.00463532 -0.0125148 -0.00106233 -0.00538748 0.00936575 0.00372986 -0.0103276 0.00351444 0.00587848 0.00280485 0.0194884 0.00665625 0.0269565 -0.00130473 0.0582017 -0.00259957 -0.00477723 0.0559383 -0.0187038 0.0461412 0.0159001 0.0250724 -0.00685835 -0.00377238 -0.0244346 -0.0305603 -0.00707329 0.0233054
internal_weight=0 396.176 232.659 72.586 160.073 101.925 22.4621 163.517 21.6793 13.4303 141.838 112.026 22.141 14.9454 8.30078 89.8853 1.91422 87.9711 3.96227 4.33851 6.64464 7.19557 16.462 13.0807 71.5091 63.2713 10.1299 8.23784 4.29084 2.7313
internal_count=19247 15354 10316 4608 5708 4016 890 5038 437 250 4601 4082 743 504 327 3339 113 3226 186 141 177 239 268 199 2958 2210 150 748 377 245
is_linear=0
shrinkage=0.05


Tree=226
num_leaves=31
num_cat=0
split_feature=7 8 8 8 6 4 11 0 8 5 5 7 1 8 0 8 10 4 4 4 6 10 2 0 5 5 5 0 4 11
split_gain=2.3138 3.11693 3.35255 6.38756 2.83517 2.96668 2.95905 2.10321 2.88153 1.99037 1.87354 1.78275 1.82966 1.7671 1.69774 1.6391 3.02259 4.35198 2.26405 4.58359 2.23904 1.66328 1.61973 1.79012 1.59697 1.93988 1.55556 1.86785 2.11582 1.55501
threshold=1.5000000000000002 0.17960047533826948 0.15497227056947024 0.15105483959749419 1.0000000180025095e-35 268.59289033940507 1.0000000180025095e-35 224.0334013792409 0.13664995193197704 20.77858595524712 50.956593912618509 1.0000000180025095e-35 5.5000000000000009 0.17781964193083633 458.42880004950786 0.15778243681848847 1.0000000180025095e-35 401.96339663173177 122.96119678421546 83.670257965045565 3.5000000000000004 1.0000000180025095e-35 1.5000000000000002 564.7452192029458 1148.160032915376 231.64167141874216 294.04321129120103 458.42880004950786 75.299871956000345 1.0000000180025095e-35
decision_type=2 2 2 2 2 2 2 2 2 2 2 2 2 2 2 2 2 2 2 2 2 2 2 2 2 2 2 2 2 2
left_child=1 2 3 4 22 6 11 -7 9 -9 -8 -6 -13 15 -10 21 26 18 19 20 -18 -4 -1 24 25 -24 27 28 -17 -3
right_child=-2 29 13 -5 5 7 10 8 14 -11 -12 12 -14 -15 -16 16 17 -19 -20 -21 -22 -23 23 -25 -26 -27 -28 -29 -30 -31
leaf_value=-0.0070057989052278412 0.014328011645015924 0.0011016334234157641 -0.013111207747378681 0.049815188460881218 -0.026623029896329992 -0.04037660993504024 0.019377382236075536 0.032602831134588638 0.0083791520801170753 -0.00048092382038081793 -0.0057152892885469157 -0.0041568535146466563 -0.048601089188476242 -0.065641432036349465 0.058933415659083055 0.03386771202418843 -0.00091022760800499574 -0.057659557186041002 0.045873186816022475 -0.067627421794134973 0.10884985994869956 -0.07795465039724947 0.023818364761191316 0.053816150324136371 0.034837617930114161 -0.010036545238123343 -0.034589863636797925 0.037137604152469396 -0.037948127008681887 0.010064103766202294
leaf_weight=9.9180911275179806 26.702096329885535 161.73693585726869 1.9588900908856879 5.8263420985094845 28.708301067423236 2.688797350281674 7.9040443173144004 4.8693427445832631 3.0427075793559188 68.49555431441695 126.40824981505284 23.431080772235877 2.5696455540310117 1.8605710335687025 3.6563781582517549 1.3621664465681593 1.0674763500064712 1.9546792590990651 5.1930183524964377 1.6262524188059613 0.82275507115991775 1.9972610336481009 7.4087522215559245 2.8940215227194122 5.783803159632952 9.8658261791570094 11.911677752650574 1.9129799059592185 4.1508625476562884 69.06252453813795
leaf_count=158 320 4219 97 213 7121 137 107 42 58 1369 1456 1325 185 73 53 92 87 21 109 47 31 53 115 25 99 216 437 31 114 736
internal_value=0 -0.000725316 -0.00370459 -0.00204874 -0.00303097 -0.00477478 -0.00823129 0.00312046 0.00458123 0.0017149 -0.00423863 -0.0180334 -0.00854927 -0.018196 0.0359718 -0.0155964 -0.0116074 0.00976355 0.0248954 -0.00608396 0.0468647 -0.0458474 0.0101811 0.0167493 0.0120971 0.00448321 -0.0233929 -0.00543233 -0.0202038 0.00378349
internal_weight=0 580.089 349.29 313.471 307.645 271.774 189.021 82.7528 80.064 73.3649 134.312 54.709 26.0007 35.8186 6.69909 33.958 30.0019 10.6642 8.7095 3.51648 1.89023 3.95615 35.8705 25.9524 23.0584 17.2746 19.3377 7.42601 5.51303 230.799
internal_count=19146 18826 13871 12679 12466 11853 10194 1659 1522 1411 1563 8631 1510 1192 111 1119 969 295 274 165 118 150 613 455 430 331 674 237 206 4955
is_linear=0
shrinkage=0.05


Tree=227
num_leaves=31
num_cat=0
split_feature=11 9 8 6 7 3 10 5 7 5 6 8 8 5 5 4 4 4 5 5 8 1 7 4 4 8 8 4 3 4
split_gain=2.85415 2.8824 2.9826 2.22856 2.17663 1.94449 3.32871 2.51162 2.37111 2.77807 2.50477 2.64117 3.26041 2.47939 4.81293 4.68149 2.31849 2.02 1.92017 2.45612 2.35753 1.8989 1.92543 1.81451 2.72881 1.81089 1.70293 3.11932 2.704 2.39685
threshold=1.0000000180025095e-35 1.0000000180025095e-35 0.0053199955459547416 7.5000000000000009 2.5000000000000004 155.2117607790419 1.0000000180025095e-35 588.78335908657584 1.0000000180025095e-35 700.2758467285164 1.0000000180025095e-35 0.20113311776375345 0.24662626164387905 63.294302916361566 101.15873163407757 249.55925691351732 104.20357612353807 216.79433674733778 131.8323138609675 367.52357217235698 0.45491259551831259 4.5000000000000009 1.5000000000000002 264.11624661860316 345.92171535095025 0.20951190999862482 0.15909574945980767 233.41425384681148 90.999227298174148 163.59063566674271
decision_type=2 2 2 2 2 2 2 2 2 2 2 2 2 2 2 2 2 2 2 2 2 2 2 2 2 2 2 2 2 2
left_child=1 3 -3 4 5 6 7 -1 10 17 16 -12 13 -13 -15 -16 -8 21 23 -20 -21 22 25 -7 -25 -10 -2 28 -28 -30
right_child=26 2 -4 -5 -6 18 8 -9 9 -11 11 12 -14 14 15 -17 -18 -19 19 20 -22 -23 -24 24 -26 -27 27 -29 29 -31
leaf_value=-0.014033435652227366 0.0021730113688143769 -0.054863196288554697 0.0042810629618832627 -0.05541193265349547 0.053736052419556396 -0.016832423678905774 -0.029843311955337695 -0.041751006356119287 -0.041776110779904937 -0.020077637972100746 -0.050427123472689767 -0.0099047296995428483 -0.023086960748514671 0.25395636786692533 -0.052216323149623635 0.15603720066976687 0.023009916752765324 0.058078878848483985 -0.019913777457442435 -0.0016929178558275073 0.051167610604573734 0.039354450383927223 0.035994041494056987 0.046421952483733903 0.0066593259133232805 0.0089711048223123004 0.011973166376022536 0.044082914787070139 -0.041128795644650107 0.0049753511143623445
leaf_weight=37.271373832925747 167.34171259755385 2.1629930045164647 146.95900955783145 2.2315569186866915 1.5561165306717146 5.4491577850130879 2.8707761412952113 10.468656352655669 3.1551256419625187 5.7024080280680201 5.7672674918358124 1.3836243990808719 9.9710214414517377 0.32254079787526269 0.64775175502290927 0.46257476252503693 7.4846128007629886 2.9203522270545355 20.533163965643325 46.441358198906528 2.2096418859437099 4.5016360450099446 2.713138691149652 5.4365474635851596 20.912200255435891 3.9698504363186657 66.78939003625419 6.5248167640529564 4.821139286272226 6.7883580847410485
leaf_count=4123 1999 67 3214 164 12 65 96 3250 170 258 2212 13 397 9 193 11 79 36 433 1071 19 109 21 55 200 46 626 173 45 75
internal_value=0 -0.0018625 0.00342318 -0.00571905 -0.00517048 -0.00562745 -0.010584 -0.0201115 -0.00181554 0.0101793 -0.0113426 -0.0223374 -0.00966866 0.0378352 0.0839345 0.0345445 0.00835766 0.0201756 -0.000738135 -0.0054124 0.000707913 0.0124564 0.000148595 0.00943187 0.0148636 -0.0135011 0.00509953 0.0108662 0.00810174 -0.0141706
internal_weight=0 353.504 149.122 204.382 202.151 200.595 99.6127 47.74 51.8727 22.9625 28.9102 18.5548 12.7875 2.81649 1.43287 1.11033 10.3554 17.2601 100.982 69.1842 48.651 14.3398 9.83811 31.7979 26.3487 7.12498 252.265 84.9237 78.3989 11.6095
internal_count=19241 16323 3281 13042 12878 12866 11023 7373 3650 640 3010 2835 623 226 213 204 175 382 1843 1523 1090 346 237 320 255 216 2918 919 746 120
is_linear=0
shrinkage=0.05


Tree=228
num_leaves=31
num_cat=0
split_feature=7 9 5 10 0 5 8 8 3 5 2 8 8 8 8 0 6 4 4 8 0 8 8 3 4 2 3 5 5 4
split_gain=3.0468 3.25093 2.73795 2.13187 2.1442 2.22108 1.83102 1.78428 1.69282 3.04136 2.4821 1.63668 1.69118 1.85273 2.45063 1.97633 1.63668 1.63368 1.68143 1.5395 1.53572 2.55884 6.93157 6.44804 3.1721 3.49004 3.77158 1.91851 2.46086 1.97145
threshold=1.5000000000000002 1.0000000180025095e-35 2984.4340632249587 2.5000000000000004 88.919057210269344 29.944589637884032 0.044777922291599867 0.062153794365713368 9.3504686879391556 1162.3259825164271 1.5000000000000002 0.0071545152510154681 0.015207617958900672 0.021648266887142106 0.019651884435810851 576.75883003262754 2.5000000000000004 26.777645848819997 25.402703732331318 0.28550391290707627 145.66863552715412 0.053304800904674141 0.1049536274522157 61.351219405450912 67.24101471827737 1.5000000000000002 35.671204884413747 1362.5816690748222 522.38826844025732 51.90496548122001
decision_type=2 2 2 2 2 2 2 2 2 2 2 2 2 2 2 2 2 2 2 2 2 2 2 2 2 2 2 2 2 2
left_child=1 2 3 4 6 -6 -1 -8 9 10 -9 -3 -13 14 -14 -15 -17 18 -7 -4 21 -19 23 24 -23 -26 -27 28 29 -24
right_child=-2 11 19 -5 5 17 7 8 -10 -11 -12 12 13 15 -16 16 -18 20 -20 -21 -22 22 27 -25 25 26 -28 -29 -30 -31
leaf_value=-0.059448767029499208 0.01716145633007422 -0.022352000560760976 -0.062319126317089558 0.033510538487724964 0.011568904692195637 -0.0090765979025398524 0.041090439066207046 0.049627153960548363 -0.023203151953537067 0.10419964728576586 -0.034085402661255225 0.031943886397881753 0.0026264504019996361 0.0050025807828279435 -0.054834315298083018 0.0041648853657839527 0.039492354737075179 -0.054130359735657954 0.087357931591123816 0.010773092570151022 -0.0016331458366027425 0.028130514756103522 -0.041367827820194623 -0.049521016916903901 0.19655969657823413 0.15304666646936882 -0.0048678166925715891 0.01980065273784732 -0.050395271732733865 0.001054409548613201
leaf_weight=2.2461556085272631 28.303518866188824 5.1135268707439527 2.9076360292892782 4.2000408622261594 30.632042533019558 0.81271481151634262 1.4727439187281586 1.3201325756926987 16.881204680681549 0.73369540203930217 2.6893622877196321 6.2254789387661722 5.1724999854486651 164.42944312127656 2.8935909784486284 5.5885943889152241 7.9314701918046921 3.4120540295989512 1.0184606170514596 0.95768900784605637 282.59971841843799 2.7100860075916016 4.1675757066514105 1.6416677460365461 0.74946971822282682 0.67743631947087102 0.85574615185396397 2.4450793988289652 7.1886006772037936 7.9876125156406488
leaf_count=564 334 112 206 105 474 116 226 72 1367 57 227 129 110 3256 54 70 91 586 35 23 9221 272 201 95 35 24 90 172 416 412
internal_value=0 0.00035954 -0.00234251 -0.00191262 -0.0023123 -0.0012866 -0.0163521 -0.012161 -0.0157877 0.0106041 -0.00652291 0.00556646 0.00630907 0.00545114 -0.0179868 0.00651353 0.0248895 -0.00253172 0.0445582 -0.0442095 -0.00280596 -0.013217 -0.00830553 0.0364416 0.0647071 0.108133 0.0649067 -0.0219304 -0.0272053 -0.0134906
internal_weight=0 577.662 380.307 376.442 372.242 346.898 25.3433 23.0971 21.6244 4.74319 4.00949 197.355 192.241 186.016 8.06609 177.95 13.5201 316.266 1.83118 3.86533 314.435 31.8353 28.4233 6.63441 4.99274 2.28265 1.53318 21.7889 19.3438 12.1552
internal_count=19152 18818 14996 14767 14662 12149 2513 1949 1723 356 299 3822 3710 3581 164 3417 161 11675 151 229 11524 2303 1717 516 421 149 114 1201 1029 613
is_linear=0
shrinkage=0.05


Tree=229
num_leaves=31
num_cat=0
split_feature=5 10 5 11 5 8 4 0 5 4 4 0 4 2 0 4 3 6 4 3 4 4 5 0 8 6 9 5 2 4
split_gain=2.56255 2.61304 2.67953 2.55214 2.72743 2.82361 3.57011 2.76468 3.04799 2.57469 2.80278 2.2816 1.96195 1.8651 1.79866 2.4665 2.27032 2.05462 2.13088 3.78685 3.93374 3.25175 3.09785 3.04983 2.94363 4.36752 3.73279 3.90812 3.862 3.31323
threshold=82.404682532486291 1.5000000000000002 88.948417799805199 1.0000000180025095e-35 92.319946293244797 0.35808616204851484 391.34893849888459 130.7990510397577 3179.2170109759963 252.98999883371349 236.38235293681888 212.90641591218397 224.48087646357445 3.5000000000000004 623.01225069308225 908.50856108789264 150.11752222297039 7.5000000000000009 413.23037711599858 102.13656144070673 193.78348393922951 324.93687575112017 1005.4429992194281 458.42880004950786 0.12632562031172712 6.5000000000000009 1.0000000180025095e-35 406.94462658641845 2.5000000000000004 163.59063566674271
decision_type=2 2 2 2 2 2 2 2 2 2 2 2 2 2 2 2 2 2 2 2 2 2 2 2 2 2 2 2 2 2
left_child=-1 2 -2 4 -4 7 13 8 -6 10 12 -11 -5 -7 15 17 -16 18 19 24 -21 -22 -23 -20 25 -9 27 28 29 -26
right_child=1 -3 3 9 5 6 -8 14 -10 11 -12 -13 -14 -15 16 -17 -18 -19 23 20 21 22 -24 -25 26 -27 -28 -29 -30 -31
leaf_value=0.0077346695745225628 -0.03316246665071388 0.011052882016279089 0.072429590637007449 0.0010801801427478641 -0.040826557201847954 -0.0021850293912945842 0.054220374420893572 -0.02566024932394359 0.13463637709329157 -0.01764978981735809 -0.036608496702317576 0.025805440086373817 0.032141492004966188 0.039399078683719994 0.035996647317380739 -0.050447703221338513 -0.0011419851654062446 -0.066372338046007145 -0.0085852939308009614 -0.046857013561846274 -0.005163997156017449 -0.045310376652982091 0.01230790791054774 0.021689174865616889 0.014969045993072781 0.096683535724057829 0.022730867221797593 -0.055320794034539211 -0.037852448945577828 0.13665260025412174
leaf_weight=122.52577536013268 6.597711871363571 45.467088349541882 1.1376336927278305 177.96964830870274 8.1508666169029276 24.101129055372446 3.7988284603925413 12.288817344127889 0.25525486162223465 3.5944585017859962 4.8328497000038615 18.920396653178614 5.2332964746747157 3.036088001317693 4.6482104617170981 3.4727123401826239 35.875715176342055 1.4802789635250508 20.719453704543412 10.258416545140788 37.126935985434102 11.214891899311622 2.9455048640083978 13.899472620105369 1.7212395412352655 0.77551189734003934 18.945210371603025 3.7453475701513526 2.0344511791263358 0.82875453046290193
leaf_count=2058 150 1075 63 1953 3735 422 42 3323 53 29 43 342 48 46 82 67 378 99 400 597 1366 320 96 182 342 63 462 1071 234 57
internal_value=0 -0.0003581 -0.00153829 -0.00105644 -0.00479087 -0.0051878 0.00882244 -0.00746433 -0.0354986 0.00288923 0.000975994 0.0188679 0.00196746 0.00246736 -0.00616936 -0.00882994 0.00311792 -0.00778252 -0.00714716 -0.0107886 -0.0185927 -0.0129393 -0.0333252 0.00356988 0.00111798 -0.0183978 0.0104657 -0.0174299 0.0135257 0.0545165
internal_weight=0 485.076 439.609 433.011 222.461 221.323 30.936 190.387 8.40612 210.551 188.036 22.5149 183.203 27.1372 181.981 141.457 40.5239 137.984 136.504 101.885 61.5457 51.2873 14.1604 34.6189 40.3393 13.0643 27.275 8.32979 4.58445 2.54999
internal_count=19198 17140 16065 15915 13500 13437 510 12927 3788 2415 2044 371 2001 468 9139 8679 460 8612 8513 7931 2379 1782 416 582 5552 3386 2166 1704 633 399
is_linear=0
shrinkage=0.05


end of trees

feature_importances:
discount_ratio=1136
account_age_hours=1056
order_total=895
max_unit_price=838
prior_order_count=539
avg_unit_price=522
prior_cancellation_count=510
is_off_hours=427
billing_shipping_mismatch=382
orders_from_ip_24h=348
item_count=138
distinct_items=109

parameters:
[boosting: gbdt]
[objective: binary]
[metric: auc]
[tree_learner: serial]
[device_type: cpu]
[data_sample_strategy: bagging]
[data: ]
[valid: ]
[num_iterations: 300]
[learning_rate: 0.05]
[num_leaves: 31]
[num_threads: 0]
[seed: 42]
[deterministic: 0]
[force_col_wise: 0]
[force_row_wise: 0]
[histogram_pool_size: -1]
[max_depth: -1]
[min_data_in_leaf: 50]
[min_sum_hessian_in_leaf: 0.001]
[bagging_fraction: 0.8]
[pos_bagging_fraction: 1]
[neg_bagging_fraction: 1]
[bagging_freq: 1]
[bagging_seed: 400]
[feature_fraction: 0.9]
[feature_fraction_bynode: 1]
[feature_fraction_seed: 30056]
[extra_trees: 0]
[extra_seed: 12879]
[early_stopping_round: 0]
[first_metric_only: 0]
[max_delta_step: 0]
[lambda_l1: 0]
[lambda_l2: 0]
[linear_lambda: 0]
[min_gain_to_split: 0]
[drop_rate: 0.1]
[max_drop: 50]
[skip_drop: 0.5]
[xgboost_dart_mode: 0]
[uniform_drop: 0]
[drop_seed: 17869]
[top_rate: 0.2]
[other_rate: 0.1]
[min_data_per_group: 100]
[max_cat_threshold: 32]
[cat_l2: 10]
[cat_smooth: 10]
[max_cat_to_onehot: 4]
[top_k: 20]
[monotone_constraints: ]
[monotone_constraints_method: basic]
[monotone_penalty: 0]
[feature_contri: ]
[forcedsplits_filename: ]
[refit_decay_rate: 0.9]
[cegb_tradeoff: 1]
[cegb_penalty_split: 0]
[cegb_penalty_feature_lazy: ]
[cegb_penalty_feature_coupled: ]
[path_smooth: 0]
[interaction_constraints: ]
[verbosity: -1]
[saved_feature_importance_type: 0]
[use_quantized_grad: 0]
[num_grad_quant_bins: 4]
[quant_train_renew_leaf: 0]
[stochastic_rounding: 1]
[linear_tree: 0]
[max_bin: 255]
[max_bin_by_feature: ]
[min_data_in_bin: 3]
[bin_construct_sample_cnt: 200000]
[data_random_seed: 175]
[is_enable_sparse: 1]
[enable_bundle: 1]
[use_missing: 1]
[zero_as_missing: 0]
[feature_pre_filter: 1]
[pre_partition: 0]
[two_round: 0]
[header: 0]
[label_column: ]
[weight_column: ]
[group_column: ]
[ignore_column: ]
[categorical_feature: ]
[forcedbins_filename: ]
[precise_float_parser: 0]
[parser_config_file: ]
[objective_seed: 16083]
[num_class: 1]
[is_unbalance: 0]
[scale_pos_weight: 1]
[sigmoid: 1]
[boost_from_average: 1]
[reg_sqrt: 0]
[alpha: 0.9]
[fair_c: 1]
[poisson_max_delta_step: 0.7]
[tweedie_variance_power: 1.5]
[lambdarank_truncation_level: 30]
[lambdarank_norm: 1]
[label_gain: ]
[lambdarank_position_bias_regularization: 0]
[eval_at: ]
[multi_error_top_k: 1]
[auc_mu_weights: ]
[num_machines: 1]
[local_listen_port: 12400]
[time_out: 120]
[machine_list_filename: ]
[machines: ]
[gpu_platform_id: -1]
[gpu_device_id: -1]
[gpu_use_dp: 0]
[num_gpu: 1]

end of parameters

pandas_categorical:null
